faction_a_key,faction_b_key,start_region_a,start_region_b,province_a,province_b,geographic_distance,distance_basis,centroid_distance,world_x_a,world_y_a,world_x_b,world_y_b,land_anchor_a,land_anchor_b,land_anchor_hops,land_anchor_gap_a,land_anchor_gap_b,maritime_anchor_inference,partner_start_override,raster_hops,same_province,neighboring_province,shared_theater_keys,theater,proximity_class,geographic_envelope,geographic_reason,geometry_status_a,geometry_status_b,route_networks_a,route_networks_b,strategic_note,starting_position_caveat,island_or_disconnected,faction_a_name,race_a,subculture_a,faction_b_name,race_b,subculture_b,diplomatic_class,treaty_eligibility_unresolved,diplomacy_evidence_status,evidence_ids,analytical_inference,diplomatic_caveat,single_player_objective_pressure,evidence_note,included,exclusion_reason
wh2_dlc09_skv_clan_rictus,wh2_dlc15_grn_bonerattlaz,wh3_main_combi_region_crookback_mountain,wh3_main_combi_region_khazid_irkulaz,wh3_main_combi_province_the_desolation_of_azgorh,wh3_main_combi_province_northern_worlds_edge_mountains,129.538774,primary human army world coordinates,130.850634,555.8037719726562,407.2878112792969,529.7504272460938,534.1795654296875,wh3_main_combi_region_crookback_mountain,wh3_main_combi_region_khazid_irkulaz,5,0.0,0.0,False,,5,False,False,,darklands <-> dwarf_empire,Extended,False,Extended requires shared atlas theater AND (at most six raster borders OR at most 75 world units),land_raster_point,land_raster_point,,,Caravan/convoy links are context only; portal nodes lack general traversal eligibility; no shortcut inferred,Static human startup rules; later choices excluded. Maritime land anchors are descriptive; not movement routes. Secondary forces do not set primary distance.,False,Clan Rictus,skaven,wh2_main_sc_skv_skaven,Bonerattlaz,greenskins,wh_main_sc_grn_greenskins,Workable,False,Partial: guide evidence plus analytical prior; generic modifier matrix unmeasured,greenskins_0;skaven_0,Non-Order pragmatic-alliance prior; not a numeric diplomatic guarantee,"Generic numeric aversion, opening treaties, all faction/lord/technology modifiers and multiplayer runtime behavior are not exhaustively exported; classes are analytical, not verified team legality.",,Leader-defeat confederation requires an AI loser; it cannot consume the human teammate. Vermintide war declaration explicitly excludes teammates; this is not blanket protection against all Under-City damage.,False,Extended requires shared atlas theater AND (at most six raster borders OR at most 75 world units)
wh2_dlc09_skv_clan_rictus,wh2_dlc15_hef_imrik,wh3_main_combi_region_crookback_mountain,wh3_main_combi_region_the_bone_gulch,wh3_main_combi_province_the_desolation_of_azgorh,wh3_main_combi_province_the_plain_of_bones,78.316741,primary human army world coordinates,65.496365,555.8037719726562,407.2878112792969,573.172607421875,330.9213562011719,wh3_main_combi_region_crookback_mountain,wh3_main_combi_region_the_bone_gulch,3,0.0,0.0,False,,3,False,False,cai_region_hint_area_darklands,darklands,Regional,True,Within 100 units with neighboring provinces or at most four raster borders,land_raster_point,land_raster_point,,,Caravan/convoy links are context only; portal nodes lack general traversal eligibility; no shortcut inferred,Static human startup rules; later choices excluded. Maritime land anchors are descriptive; not movement routes. Secondary forces do not set primary distance.,False,Clan Rictus,skaven,wh2_main_sc_skv_skaven,Knights of Caledor,high_elves,wh2_main_sc_hef_high_elves,Conflict,False,Partial: guide evidence plus analytical prior; generic modifier matrix unmeasured,high_elves_0;skaven_0,Opposed surrounding diplomatic ecosystems prior Partner appears in single-player faction objective(s); not treated as a multiplayer forced-war lock,"Generic numeric aversion, opening treaties, all faction/lord/technology modifiers and multiplayer runtime behavior are not exhaustively exported; classes are analytical, not verified team legality.",wh2_dlc09_skv_clan_rictus:short:001:DESTROY_FACTION;wh2_dlc15_hef_imrik:short:001:DESTROY_FACTION,Eataine can unlock Champion actions through alliances with other legendary High Elf factions. Vermintide war declaration explicitly excludes teammates; this is not blanket protection against all Under-City damage.,False,Diplomatic Conflict: Opposed surrounding diplomatic ecosystems prior Partner appears in single-player faction objective(s); not treated as a multiplayer forced-war lock
wh2_dlc09_skv_clan_rictus,wh2_main_skv_clan_mors,wh3_main_combi_region_crookback_mountain,wh3_main_combi_region_kradtommen,wh3_main_combi_province_the_desolation_of_azgorh,wh3_main_combi_province_blightwater,122.372336,primary human army world coordinates,106.76016,555.8037719726562,407.2878112792969,507.0373229980469,295.05224609375,wh3_main_combi_region_crookback_mountain,wh3_main_combi_region_kradtommen,4,0.0,0.0,False,,4,False,False,,darklands <-> dwarf_empire,Extended,False,Extended requires shared atlas theater AND (at most six raster borders OR at most 75 world units),land_raster_point,land_raster_point,,,Caravan/convoy links are context only; portal nodes lack general traversal eligibility; no shortcut inferred,Static human startup rules; later choices excluded. Maritime land anchors are descriptive; not movement routes. Secondary forces do not set primary distance.,False,Clan Rictus,skaven,wh2_main_sc_skv_skaven,Clan Mors,skaven,wh2_main_sc_skv_skaven,Clean,False,Partial: guide evidence plus analytical prior; generic modifier matrix unmeasured,skaven_0,Same-race ecosystem prior,"Generic numeric aversion, opening treaties, all faction/lord/technology modifiers and multiplayer runtime behavior are not exhaustively exported; classes are analytical, not verified team legality.",,Vermintide war declaration explicitly excludes teammates; this is not blanket protection against all Under-City damage.,False,Extended requires shared atlas theater AND (at most six raster borders OR at most 75 world units)
wh2_dlc09_skv_clan_rictus,wh3_main_ogr_disciples_of_the_maw,wh3_main_combi_region_crookback_mountain,wh3_main_combi_region_matorca,wh3_main_combi_province_the_desolation_of_azgorh,wh3_main_combi_province_eastern_border_princes,134.319579,primary human army world coordinates,142.932941,555.8037719726562,407.2878112792969,421.529052734375,403.8166198730469,wh3_main_combi_region_crookback_mountain,wh3_main_combi_region_matorca,5,0.0,0.0,False,,5,False,False,,border_princes <-> darklands,Extended,False,Extended requires shared atlas theater AND (at most six raster borders OR at most 75 world units),land_raster_point,land_raster_point,,,Caravan/convoy links are context only; portal nodes lack general traversal eligibility; no shortcut inferred,Static human startup rules; later choices excluded. Maritime land anchors are descriptive; not movement routes. Secondary forces do not set primary distance.,False,Clan Rictus,skaven,wh2_main_sc_skv_skaven,Disciples of the Maw,ogre_kingdoms,wh3_main_sc_ogr_ogre_kingdoms,Workable,False,Partial: guide evidence plus analytical prior; generic modifier matrix unmeasured,ogre_kingdoms_0;skaven_0,Ogre mercenary-neutral ecosystem prior; faction restrictions take precedence,"Generic numeric aversion, opening treaties, all faction/lord/technology modifiers and multiplayer runtime behavior are not exhaustively exported; classes are analytical, not verified team legality.",,Ogre trespass diplomacy immunity is official-source-only in the guide; battle confederation requires an AI loser. Vermintide war declaration explicitly excludes teammates; this is not blanket protection against all Under-City damage.,False,Extended requires shared atlas theater AND (at most six raster borders OR at most 75 world units)
wh2_dlc09_skv_clan_rictus,wh3_main_ogr_goldtooth,wh3_main_combi_region_crookback_mountain,wh3_main_combi_region_great_hall_of_greasus,wh3_main_combi_province_the_desolation_of_azgorh,wh3_main_combi_province_ivory_road,136.31374,primary human army world coordinates,126.764492,555.8037719726562,407.2878112792969,690.7465209960938,388.00335693359375,wh3_main_combi_region_crookback_mountain,wh3_main_combi_region_great_hall_of_greasus,5,0.0,0.0,False,,5,False,False,,darklands <-> mountains_of_mourn,Extended,False,Extended requires shared atlas theater AND (at most six raster borders OR at most 75 world units),land_raster_point,land_raster_point,,convoy_road_combi;irory_road_bhashiva;ivory_road_combi,Caravan/convoy links are context only; portal nodes lack general traversal eligibility; no shortcut inferred,Static human startup rules; later choices excluded. Maritime land anchors are descriptive; not movement routes. Secondary forces do not set primary distance.,False,Clan Rictus,skaven,wh2_main_sc_skv_skaven,Goldtooth,ogre_kingdoms,wh3_main_sc_ogr_ogre_kingdoms,Workable,False,Partial: guide evidence plus analytical prior; generic modifier matrix unmeasured,ogre_kingdoms_0;skaven_0,Ogre mercenary-neutral ecosystem prior; faction restrictions take precedence,"Generic numeric aversion, opening treaties, all faction/lord/technology modifiers and multiplayer runtime behavior are not exhaustively exported; classes are analytical, not verified team legality.",,Ogre trespass diplomacy immunity is official-source-only in the guide; battle confederation requires an AI loser. Vermintide war declaration explicitly excludes teammates; this is not blanket protection against all Under-City damage.,False,Extended requires shared atlas theater AND (at most six raster borders OR at most 75 world units)
wh2_dlc09_skv_clan_rictus,wh_main_dwf_dwarfs,wh3_main_combi_region_crookback_mountain,wh3_main_combi_region_karaz_a_karak,wh3_main_combi_province_the_desolation_of_azgorh,wh3_main_combi_province_the_silver_road,59.91483,primary human army world coordinates,77.282462,555.8037719726562,407.2878112792969,497.0168151855469,418.8584899902344,wh3_main_combi_region_crookback_mountain,wh3_main_combi_region_karaz_a_karak,3,0.0,0.0,False,,3,False,True,,darklands <-> dwarf_empire,Regional,True,Within 100 units with neighboring provinces or at most four raster borders,land_raster_point,land_raster_point,,ivory_road_combi,Caravan/convoy links are context only; portal nodes lack general traversal eligibility; no shortcut inferred,Static human startup rules; later choices excluded. Maritime land anchors are descriptive; not movement routes. Secondary forces do not set primary distance.,False,Clan Rictus,skaven,wh2_main_sc_skv_skaven,Karaz-a-Karak,dwarfs,wh_main_sc_dwf_dwarfs,Conflict,False,Partial: guide evidence plus analytical prior; generic modifier matrix unmeasured,dwarfs_0;dwarfs_1;skaven_0,Opposed surrounding diplomatic ecosystems prior,"Generic numeric aversion, opening treaties, all faction/lord/technology modifiers and multiplayer runtime behavior are not exhaustively exported; classes are analytical, not verified team legality.",,Grudge accumulation responds to hostile conduct; positive diplomacy reduces it. Different allied Dwarf owners can enable conditional Deeps trade/diplomacy benefits. Vermintide war declaration explicitly excludes teammates; this is not blanket protection against all Under-City damage.,False,Diplomatic Conflict: Opposed surrounding diplomatic ecosystems prior
wh2_dlc09_skv_clan_rictus,wh_main_dwf_karak_kadrin,wh3_main_combi_region_crookback_mountain,wh3_main_combi_region_karak_kadrin,wh3_main_combi_province_the_desolation_of_azgorh,wh3_main_combi_province_peak_pass,93.145368,primary human army world coordinates,120.814079,555.8037719726562,407.2878112792969,515.7217407226562,491.3680725097656,wh3_main_combi_region_crookback_mountain,wh3_main_combi_region_karak_kadrin,4,0.0,0.0,False,,4,False,False,,darklands <-> dwarf_empire,Regional,True,Within 100 units with neighboring provinces or at most four raster borders,land_raster_point,land_raster_point,,,Caravan/convoy links are context only; portal nodes lack general traversal eligibility; no shortcut inferred,Static human startup rules; later choices excluded. Maritime land anchors are descriptive; not movement routes. Secondary forces do not set primary distance.,False,Clan Rictus,skaven,wh2_main_sc_skv_skaven,Karak Kadrin,dwarfs,wh_main_sc_dwf_dwarfs,Conflict,False,Partial: guide evidence plus analytical prior; generic modifier matrix unmeasured,dwarfs_0;dwarfs_1;skaven_0,Opposed surrounding diplomatic ecosystems prior,"Generic numeric aversion, opening treaties, all faction/lord/technology modifiers and multiplayer runtime behavior are not exhaustively exported; classes are analytical, not verified team legality.",,Grudge accumulation responds to hostile conduct; positive diplomacy reduces it. Different allied Dwarf owners can enable conditional Deeps trade/diplomacy benefits. Vermintide war declaration explicitly excludes teammates; this is not blanket protection against all Under-City damage.,False,Diplomatic Conflict: Opposed surrounding diplomatic ecosystems prior
wh2_dlc09_skv_clan_rictus,wh_main_vmp_schwartzhafen,wh3_main_combi_region_crookback_mountain,wh3_main_combi_region_castle_drakenhof,wh3_main_combi_province_the_desolation_of_azgorh,wh3_main_combi_province_southern_sylvania,105.15393,primary human army world coordinates,117.326012,555.8037719726562,407.2878112792969,479.64794921875,479.7973937988281,wh3_main_combi_region_crookback_mountain,wh3_main_combi_region_castle_drakenhof,5,0.0,0.0,False,,5,False,False,,darklands <-> empire,Extended,False,Extended requires shared atlas theater AND (at most six raster borders OR at most 75 world units),land_raster_point,land_raster_point,,ivory_road_combi,Caravan/convoy links are context only; portal nodes lack general traversal eligibility; no shortcut inferred,Static human startup rules; later choices excluded. Maritime land anchors are descriptive; not movement routes. Secondary forces do not set primary distance.,False,Clan Rictus,skaven,wh2_main_sc_skv_skaven,Sylvania,vampire_counts,wh_main_sc_vmp_vampire_counts,Workable,False,Partial: guide evidence plus analytical prior; generic modifier matrix unmeasured,skaven_0;vampire_counts_0,Non-Order pragmatic-alliance prior; not a numeric diplomatic guarantee,"Generic numeric aversion, opening treaties, all faction/lord/technology modifiers and multiplayer runtime behavior are not exhaustively exported; classes are analytical, not verified team legality.",,Vermintide war declaration explicitly excludes teammates; this is not blanket protection against all Under-City damage. Barrow Legion has +30 WoC/Beastmen/Norsca relations and faction Chaos-attrition immunity.,False,Extended requires shared atlas theater AND (at most six raster borders OR at most 75 world units)
wh2_dlc09_tmb_exiles_of_nehek,wh2_dlc11_cst_the_drowned,wh3_main_combi_region_clarak_spire,wh3_main_combi_region_the_twisted_glade,wh3_main_combi_province_red_desert,wh3_main_combi_province_the_clawed_coast,120.030554,primary human army world coordinates,123.373181,15.364767074584961,511.8096008300781,130.26651000976562,546.5216064453125,wh3_main_combi_region_clarak_spire,wh3_main_combi_region_the_twisted_glade,6,0.0,0.0,False,,6,False,False,cai_region_hint_area_naggarond,naggarond,Extended,True,Shared atlas theater and either at most six raster borders or at most 75 world units,land_raster_point,land_raster_point,,,Caravan/convoy links are context only; portal nodes lack general traversal eligibility; no shortcut inferred,Static human startup rules; later choices excluded. Maritime land anchors are descriptive; not movement routes. Secondary forces do not set primary distance.,False,Exiles of Nehek,tomb_kings,wh2_dlc09_sc_tmb_tomb_kings,The Drowned,vampire_coast,wh2_dlc11_sc_cst_vampire_coast,Conflict,False,Partial: guide evidence plus analytical prior; generic modifier matrix unmeasured,tomb_kings_0;tomb_kings_1;vampire_coast_0,Opposed Tomb King ecosystem prior,"Generic numeric aversion, opening treaties, all faction/lord/technology modifiers and multiplayer runtime behavior are not exhaustively exported; classes are analytical, not verified team legality.",,Human participants lock Cult confederation rituals. Books of Nagash are competitive shared multiplayer rewards; team ownership does not duplicate them. Coast cannot confederate; alliances can transfer Shanty verses.,False,Diplomatic Conflict: Opposed Tomb King ecosystem prior
wh2_dlc09_tmb_exiles_of_nehek,wh2_dlc17_bst_taurox,wh3_main_combi_region_clarak_spire,wh3_main_combi_region_clar_karond,wh3_main_combi_province_red_desert,wh3_main_combi_province_obsidian_peaks,71.155229,primary human army world coordinates,80.112723,15.364767074584961,511.8096008300781,65.46726989746094,562.3348999023438,wh3_main_combi_region_clarak_spire,wh3_main_combi_region_clar_karond,3,0.0,0.0,False,,3,False,True,cai_region_hint_area_naggarond,naggarond,Regional,True,Within 100 units with neighboring provinces or at most four raster borders,land_raster_point,land_raster_point,,,Caravan/convoy links are context only; portal nodes lack general traversal eligibility; no shortcut inferred,Static human startup rules; later choices excluded. Maritime land anchors are descriptive; not movement routes. Secondary forces do not set primary distance.,False,Exiles of Nehek,tomb_kings,wh2_dlc09_sc_tmb_tomb_kings,Slaughterhorn Tribe,beastmen,wh_dlc03_sc_bst_beastmen,Conflict,True,Partial: guide evidence plus analytical prior; generic modifier matrix unmeasured,beastmen_0;tomb_kings_0;tomb_kings_1,Opposed Tomb King ecosystem prior Beastmen permitted-faction membership and multiplayer exception unresolved; no qualification asserted,"Generic numeric aversion, opening treaties, all faction/lord/technology modifiers and multiplayer runtime behavior are not exhaustively exported; classes are analytical, not verified team legality.",,Restricted treaty set; permitted-faction membership and teammate bypass are not enumerated by the guide; positive deals reduce Bestial Rage for five turns. Human participants lock Cult confederation rituals. Books of Nagash are competitive shared multiplayer rewards; team ownership does not duplicate them.,False,Diplomatic Conflict: Opposed Tomb King ecosystem prior Beastmen permitted-faction membership and multiplayer exception unresolved; no qualification asserted; Treaty eligibility unresolved
wh2_dlc09_tmb_followers_of_nagash,wh2_dlc09_tmb_khemri,wh3_main_combi_region_lashiek,wh3_main_combi_region_khemri,wh3_main_combi_province_land_of_assassins,wh3_main_combi_province_land_of_the_dead,119.2123,primary human army world coordinates,106.346849,298.61090087890625,233.3419952392578,417.5208435058594,224.85682678222656,wh3_main_combi_region_lashiek,wh3_main_combi_region_khemri,4,0.0,0.0,False,,4,False,False,cai_region_hint_area_southlands,southlands,Extended,True,Shared atlas theater and either at most six raster borders or at most 75 world units,land_raster_point,land_raster_point,,convoy_road_combi,Caravan/convoy links are context only; portal nodes lack general traversal eligibility; no shortcut inferred,Static human startup rules; later choices excluded. Maritime land anchors are descriptive; not movement routes. Secondary forces do not set primary distance.,False,Followers of Nagash,tomb_kings,wh2_dlc09_sc_tmb_tomb_kings,Khemri,tomb_kings,wh2_dlc09_sc_tmb_tomb_kings,Conflict,False,Partial: guide evidence plus analytical prior; generic modifier matrix unmeasured,arkhan_tombs;settra_vassal;tomb_kings_0;tomb_kings_1,"Same-race ecosystem prior Arkhan is not treated as a clean same-race partner. Pairings must use independent teammates, not a proposed Settra-vassal workaround. Partner appears in single-player faction objective(s); not treated as a multiplayer forced-war lock","Generic numeric aversion, opening treaties, all faction/lord/technology modifiers and multiplayer runtime behavior are not exhaustively exported; classes are analytical, not verified team legality.",wh2_dlc09_tmb_followers_of_nagash:short:001:DESTROY_FACTION;wh2_dlc09_tmb_khemri:short:001:DESTROY_FACTION,Arkhan starts at -60 Tomb King and +40 Vampiric Undead relations. All vassal actions against Khemri are disabled. Human participants lock Cult confederation rituals. Books of Nagash are competitive shared multiplayer rewards; team ownership does not duplicate them.,False,"Diplomatic Conflict: Same-race ecosystem prior Arkhan is not treated as a clean same-race partner. Pairings must use independent teammates, not a proposed Settra-vassal workaround. Partner appears in single-player faction objective(s); not treated as a multiplayer forced-war lock"
wh2_dlc09_tmb_followers_of_nagash,wh2_dlc14_brt_chevaliers_de_lyonesse,wh3_main_combi_region_lashiek,wh3_main_combi_region_copher,wh3_main_combi_province_land_of_assassins,wh3_main_combi_province_coast_of_araby,36.905428,primary human army world coordinates,23.897475,298.61090087890625,233.3419952392578,325.3322448730469,258.7974548339844,wh3_main_combi_region_lashiek,wh3_main_combi_region_copher,1,0.0,0.0,False,,1,False,True,cai_region_hint_area_southlands,southlands,Immediate,True,Same province or adjacent starts within 100 world units,land_raster_point,land_raster_point,,,Caravan/convoy links are context only; portal nodes lack general traversal eligibility; no shortcut inferred,Static human startup rules; later choices excluded. Maritime land anchors are descriptive; not movement routes. Secondary forces do not set primary distance.,False,Followers of Nagash,tomb_kings,wh2_dlc09_sc_tmb_tomb_kings,Chevaliers de Lyonesse,bretonnia,wh_main_sc_brt_bretonnia,Conflict,False,Partial: guide evidence plus analytical prior; generic modifier matrix unmeasured,arkhan_living;bretonnia_0;repanse_undead;tomb_kings_0;tomb_kings_1,"Independent Tomb King coexistence prior Structural anti-undead ecosystem overrides a neutral Tomb King baseline. Apply the opposed living/undead ecosystem prior to Arkhan; this is an inference, not an explicit universal war lock. Partner appears in single-player faction objective(s); not treated as a multiplayer forced-war lock","Generic numeric aversion, opening treaties, all faction/lord/technology modifiers and multiplayer runtime behavior are not exhaustively exported; classes are analytical, not verified team legality.",wh2_dlc14_brt_chevaliers_de_lyonesse:short:001:DESTROY_FACTION,Arkhan has a distinct Vampiric Undead affinity rather than the ordinary Tomb King relationship pattern. Human confederation cooldown exemption is not permission to absorb a human teammate. Repanse has -80 relations with all three undead races. Human participants lock Cult confederation rituals. Books of Nagash are competitive shared multiplayer rewards; team ownership does not duplicate them.,False,"Diplomatic Conflict: Independent Tomb King coexistence prior Structural anti-undead ecosystem overrides a neutral Tomb King baseline. Apply the opposed living/undead ecosystem prior to Arkhan; this is an inference, not an explicit universal war lock. Partner appears in single-player faction objective(s); not treated as a multiplayer forced-war lock"
wh2_dlc09_tmb_followers_of_nagash,wh2_dlc17_bst_malagor,wh3_main_combi_region_lashiek,wh3_main_combi_region_sunken_khernarch,wh3_main_combi_province_land_of_assassins,wh3_main_combi_province_marshes_of_madness,146.21439,primary human army world coordinates,140.412174,298.61090087890625,233.3419952392578,437.5618591308594,278.8533020019531,wh3_main_combi_region_lashiek,wh3_main_combi_region_sunken_khernarch,6,0.0,0.0,False,,6,False,False,,badlands <-> southlands,Extended,False,Extended requires shared atlas theater AND (at most six raster borders OR at most 75 world units),land_raster_point,land_raster_point,,,Caravan/convoy links are context only; portal nodes lack general traversal eligibility; no shortcut inferred,Static human startup rules; later choices excluded. Maritime land anchors are descriptive; not movement routes. Secondary forces do not set primary distance.,False,Followers of Nagash,tomb_kings,wh2_dlc09_sc_tmb_tomb_kings,Harbinger of Disaster,beastmen,wh_dlc03_sc_bst_beastmen,Conflict,True,Partial: guide evidence plus analytical prior; generic modifier matrix unmeasured,beastmen_0;tomb_kings_0;tomb_kings_1,Opposed Tomb King ecosystem prior Beastmen permitted-faction membership and multiplayer exception unresolved; no qualification asserted,"Generic numeric aversion, opening treaties, all faction/lord/technology modifiers and multiplayer runtime behavior are not exhaustively exported; classes are analytical, not verified team legality.",,Restricted treaty set; permitted-faction membership and teammate bypass are not enumerated by the guide; positive deals reduce Bestial Rage for five turns. Human participants lock Cult confederation rituals. Books of Nagash are competitive shared multiplayer rewards; team ownership does not duplicate them.,False,Extended requires shared atlas theater AND (at most six raster borders OR at most 75 world units); Diplomatic Conflict: Opposed Tomb King ecosystem prior Beastmen permitted-faction membership and multiplayer exception unresolved; no qualification asserted; Treaty eligibility unresolved
wh2_dlc09_tmb_followers_of_nagash,wh2_main_lzd_tlaqua,wh3_main_combi_region_lashiek,wh3_main_combi_region_deaths_head_monoliths,wh3_main_combi_province_land_of_assassins,wh3_main_combi_province_western_jungles,86.280692,primary human army world coordinates,90.074976,298.61090087890625,233.3419952392578,345.3732604980469,160.83241271972656,wh3_main_combi_region_lashiek,wh3_main_combi_region_deaths_head_monoliths,7,0.0,0.0,False,,7,False,False,cai_region_hint_area_southlands,southlands,Extended,False,Extended requires shared atlas theater AND (at most six raster borders OR at most 75 world units),land_raster_point,land_raster_point,,,Caravan/convoy links are context only; portal nodes lack general traversal eligibility; no shortcut inferred,Static human startup rules; later choices excluded. Maritime land anchors are descriptive; not movement routes. Secondary forces do not set primary distance.,False,Followers of Nagash,tomb_kings,wh2_dlc09_sc_tmb_tomb_kings,Tlaqua,lizardmen,wh2_main_sc_lzd_lizardmen,Conflict,False,Partial: guide evidence plus analytical prior; generic modifier matrix unmeasured,arkhan_living;lizardmen_0;tomb_kings_0;tomb_kings_1,"Independent Tomb King coexistence prior Apply the opposed living/undead ecosystem prior to Arkhan; this is an inference, not an explicit universal war lock.","Generic numeric aversion, opening treaties, all faction/lord/technology modifiers and multiplayer runtime behavior are not exhaustively exported; classes are analytical, not verified team legality.",,Arkhan has a distinct Vampiric Undead affinity rather than the ordinary Tomb King relationship pattern. Allied province capitals support the Geomantic Web; Nakai and Oxyotl use documented variants. Human participants lock Cult confederation rituals. Books of Nagash are competitive shared multiplayer rewards; team ownership does not duplicate them.,False,"Extended requires shared atlas theater AND (at most six raster borders OR at most 75 world units); Diplomatic Conflict: Independent Tomb King coexistence prior Apply the opposed living/undead ecosystem prior to Arkhan; this is an inference, not an explicit universal war lock."
wh2_dlc09_tmb_followers_of_nagash,wh3_main_emp_cult_of_sigmar,wh3_main_combi_region_lashiek,wh3_main_combi_region_sudenburg,wh3_main_combi_province_land_of_assassins,wh3_main_combi_province_land_of_the_dervishes,86.404728,primary human army world coordinates,84.287702,298.61090087890625,233.3419952392578,372.7626037597656,188.9877166748047,wh3_main_combi_region_lashiek,wh3_main_combi_region_sudenburg,4,0.0,0.0,False,,4,False,False,cai_region_hint_area_southlands,southlands,Regional,True,Within 100 units with neighboring provinces or at most four raster borders,land_raster_point,land_raster_point,,,Caravan/convoy links are context only; portal nodes lack general traversal eligibility; no shortcut inferred,Static human startup rules; later choices excluded. Maritime land anchors are descriptive; not movement routes. Secondary forces do not set primary distance.,False,Followers of Nagash,tomb_kings,wh2_dlc09_sc_tmb_tomb_kings,Cult of Sigmar,empire,wh_main_sc_emp_empire,Conflict,False,Partial: guide evidence plus analytical prior; generic modifier matrix unmeasured,arkhan_living;empire_0;tomb_kings_0;tomb_kings_1,"Independent Tomb King coexistence prior Apply the opposed living/undead ecosystem prior to Arkhan; this is an inference, not an explicit universal war lock.","Generic numeric aversion, opening treaties, all faction/lord/technology modifiers and multiplayer runtime behavior are not exhaustively exported; classes are analytical, not verified team legality.",,Arkhan has a distinct Vampiric Undead affinity rather than the ordinary Tomb King relationship pattern. Reikland Elector politics replaces ordinary confederation/NAP paths; does not establish a general military-alliance ban. Human participants lock Cult confederation rituals. Books of Nagash are competitive shared multiplayer rewards; team ownership does not duplicate them.,False,"Diplomatic Conflict: Independent Tomb King coexistence prior Apply the opposed living/undead ecosystem prior to Arkhan; this is an inference, not an explicit universal war lock."
wh2_dlc09_tmb_khemri,wh2_dlc14_brt_chevaliers_de_lyonesse,wh3_main_combi_region_khemri,wh3_main_combi_region_copher,wh3_main_combi_province_land_of_the_dead,wh3_main_combi_province_coast_of_araby,98.237996,primary human army world coordinates,92.537571,417.5208435058594,224.85682678222656,325.3322448730469,258.7974548339844,wh3_main_combi_region_khemri,wh3_main_combi_region_copher,4,0.0,0.0,False,,4,False,False,cai_region_hint_area_southlands,southlands,Regional,True,Within 100 units with neighboring provinces or at most four raster borders,land_raster_point,land_raster_point,convoy_road_combi,,Caravan/convoy links are context only; portal nodes lack general traversal eligibility; no shortcut inferred,Static human startup rules; later choices excluded. Maritime land anchors are descriptive; not movement routes. Secondary forces do not set primary distance.,False,Khemri,tomb_kings,wh2_dlc09_sc_tmb_tomb_kings,Chevaliers de Lyonesse,bretonnia,wh_main_sc_brt_bretonnia,Conflict,False,Partial: guide evidence plus analytical prior; generic modifier matrix unmeasured,bretonnia_0;repanse_undead;settra_vassal;tomb_kings_0;tomb_kings_1,"Independent Tomb King coexistence prior Structural anti-undead ecosystem overrides a neutral Tomb King baseline. Pairings must use independent teammates, not a proposed Settra-vassal workaround.","Generic numeric aversion, opening treaties, all faction/lord/technology modifiers and multiplayer runtime behavior are not exhaustively exported; classes are analytical, not verified team legality.",,Human confederation cooldown exemption is not permission to absorb a human teammate. Repanse has -80 relations with all three undead races. All vassal actions against Khemri are disabled. Human participants lock Cult confederation rituals. Books of Nagash are competitive shared multiplayer rewards; team ownership does not duplicate them.,False,"Diplomatic Conflict: Independent Tomb King coexistence prior Structural anti-undead ecosystem overrides a neutral Tomb King baseline. Pairings must use independent teammates, not a proposed Settra-vassal workaround."
wh2_dlc09_tmb_khemri,wh2_dlc17_bst_malagor,wh3_main_combi_region_khemri,wh3_main_combi_region_sunken_khernarch,wh3_main_combi_province_land_of_the_dead,wh3_main_combi_province_marshes_of_madness,57.595674,primary human army world coordinates,64.215791,417.5208435058594,224.85682678222656,437.5618591308594,278.8533020019531,wh3_main_combi_region_khemri,wh3_main_combi_region_sunken_khernarch,2,0.0,0.0,False,,2,False,False,,badlands <-> southlands,Regional,True,Within 100 units with neighboring provinces or at most four raster borders,land_raster_point,land_raster_point,convoy_road_combi,,Caravan/convoy links are context only; portal nodes lack general traversal eligibility; no shortcut inferred,Static human startup rules; later choices excluded. Maritime land anchors are descriptive; not movement routes. Secondary forces do not set primary distance.,False,Khemri,tomb_kings,wh2_dlc09_sc_tmb_tomb_kings,Harbinger of Disaster,beastmen,wh_dlc03_sc_bst_beastmen,Conflict,True,Partial: guide evidence plus analytical prior; generic modifier matrix unmeasured,beastmen_0;settra_vassal;tomb_kings_0;tomb_kings_1,"Opposed Tomb King ecosystem prior Pairings must use independent teammates, not a proposed Settra-vassal workaround. Beastmen permitted-faction membership and multiplayer exception unresolved; no qualification asserted","Generic numeric aversion, opening treaties, all faction/lord/technology modifiers and multiplayer runtime behavior are not exhaustively exported; classes are analytical, not verified team legality.",,Restricted treaty set; permitted-faction membership and teammate bypass are not enumerated by the guide; positive deals reduce Bestial Rage for five turns. All vassal actions against Khemri are disabled. Human participants lock Cult confederation rituals. Books of Nagash are competitive shared multiplayer rewards; team ownership does not duplicate them.,False,"Diplomatic Conflict: Opposed Tomb King ecosystem prior Pairings must use independent teammates, not a proposed Settra-vassal workaround. Beastmen permitted-faction membership and multiplayer exception unresolved; no qualification asserted; Treaty eligibility unresolved"
wh2_dlc09_tmb_khemri,wh2_main_skv_clan_mors,wh3_main_combi_region_khemri,wh3_main_combi_region_kradtommen,wh3_main_combi_province_land_of_the_dead,wh3_main_combi_province_blightwater,113.756745,primary human army world coordinates,122.314812,417.5208435058594,224.85682678222656,507.0373229980469,295.05224609375,wh3_main_combi_region_khemri,wh3_main_combi_region_kradtommen,4,0.0,0.0,False,,4,False,False,,dwarf_empire <-> southlands,Extended,False,Extended requires shared atlas theater AND (at most six raster borders OR at most 75 world units),land_raster_point,land_raster_point,convoy_road_combi,,Caravan/convoy links are context only; portal nodes lack general traversal eligibility; no shortcut inferred,Static human startup rules; later choices excluded. Maritime land anchors are descriptive; not movement routes. Secondary forces do not set primary distance.,False,Khemri,tomb_kings,wh2_dlc09_sc_tmb_tomb_kings,Clan Mors,skaven,wh2_main_sc_skv_skaven,Conflict,False,Partial: guide evidence plus analytical prior; generic modifier matrix unmeasured,settra_vassal;skaven_0;tomb_kings_0;tomb_kings_1,"Opposed Tomb King ecosystem prior Pairings must use independent teammates, not a proposed Settra-vassal workaround.","Generic numeric aversion, opening treaties, all faction/lord/technology modifiers and multiplayer runtime behavior are not exhaustively exported; classes are analytical, not verified team legality.",,All vassal actions against Khemri are disabled. Vermintide war declaration explicitly excludes teammates; this is not blanket protection against all Under-City damage. Human participants lock Cult confederation rituals. Books of Nagash are competitive shared multiplayer rewards; team ownership does not duplicate them.,False,"Extended requires shared atlas theater AND (at most six raster borders OR at most 75 world units); Diplomatic Conflict: Opposed Tomb King ecosystem prior Pairings must use independent teammates, not a proposed Settra-vassal workaround."
wh2_dlc09_tmb_khemri,wh3_main_kho_exiles_of_khorne,wh3_main_combi_region_khemri,wh3_main_combi_region_agrul_migdhal,wh3_main_combi_province_land_of_the_dead,wh3_main_combi_province_barrier_idols,43.231613,primary human army world coordinates,41.6614,417.5208435058594,224.85682678222656,451.5905456542969,251.46937561035156,wh3_main_combi_region_khemri,wh3_main_combi_region_agrul_migdhal,1,0.0,0.0,False,,1,False,True,,badlands <-> southlands,Immediate,True,Same province or adjacent starts within 100 world units,land_raster_point,land_raster_point,convoy_road_combi,,Caravan/convoy links are context only; portal nodes lack general traversal eligibility; no shortcut inferred,Static human startup rules; later choices excluded. Maritime land anchors are descriptive; not movement routes. Secondary forces do not set primary distance.,False,Khemri,tomb_kings,wh2_dlc09_sc_tmb_tomb_kings,Exiles of Khorne,khorne,wh3_main_sc_kho_khorne,Conflict,False,Partial: guide evidence plus analytical prior; generic modifier matrix unmeasured,khorne_0;settra_vassal;tomb_kings_0;tomb_kings_1,"Opposed Tomb King ecosystem prior Pairings must use independent teammates, not a proposed Settra-vassal workaround.","Generic numeric aversion, opening treaties, all faction/lord/technology modifiers and multiplayer runtime behavior are not exhaustively exported; classes are analytical, not verified team legality.",,No bespoke diplomacy override established; absence does not imply zero generic aversion. All vassal actions against Khemri are disabled. Human participants lock Cult confederation rituals. Books of Nagash are competitive shared multiplayer rewards; team ownership does not duplicate them.,False,"Diplomatic Conflict: Opposed Tomb King ecosystem prior Pairings must use independent teammates, not a proposed Settra-vassal workaround."
wh2_dlc09_tmb_khemri,wh_main_grn_orcs_of_the_bloody_hand,wh3_main_combi_region_khemri,wh3_main_combi_region_sun_tree_glades,wh3_main_combi_province_land_of_the_dead,wh3_main_combi_province_central_jungles,87.757662,primary human army world coordinates,84.557432,417.5208435058594,224.85682678222656,423.53314208984375,137.30535888671875,wh3_main_combi_region_khemri,wh3_main_combi_region_sun_tree_glades,4,0.0,0.0,False,,4,False,False,cai_region_hint_area_southlands,southlands,Regional,True,Within 100 units with neighboring provinces or at most four raster borders,land_raster_point,land_raster_point,convoy_road_combi,,Caravan/convoy links are context only; portal nodes lack general traversal eligibility; no shortcut inferred,Static human startup rules; later choices excluded. Maritime land anchors are descriptive; not movement routes. Secondary forces do not set primary distance.,False,Khemri,tomb_kings,wh2_dlc09_sc_tmb_tomb_kings,The Bloody Handz,greenskins,wh_main_sc_grn_greenskins,Conflict,False,Partial: guide evidence plus analytical prior; generic modifier matrix unmeasured,greenskins_0;settra_vassal;tomb_kings_0;tomb_kings_1,"Opposed Tomb King ecosystem prior Pairings must use independent teammates, not a proposed Settra-vassal workaround.","Generic numeric aversion, opening treaties, all faction/lord/technology modifiers and multiplayer runtime behavior are not exhaustively exported; classes are analytical, not verified team legality.",,Leader-defeat confederation requires an AI loser; it cannot consume the human teammate. All vassal actions against Khemri are disabled. Human participants lock Cult confederation rituals. Books of Nagash are competitive shared multiplayer rewards; team ownership does not duplicate them.,False,"Diplomatic Conflict: Opposed Tomb King ecosystem prior Pairings must use independent teammates, not a proposed Settra-vassal workaround."
wh2_dlc09_tmb_khemri,wh_main_vmp_vampire_counts,wh3_main_combi_region_khemri,wh3_main_combi_region_ka_sabar,wh3_main_combi_province_land_of_the_dead,wh3_main_combi_province_shifting_sands,36.024293,primary human army world coordinates,50.844215,417.5208435058594,224.85682678222656,414.1806945800781,188.9877166748047,wh3_main_combi_region_khemri,wh3_main_combi_region_ka_sabar,2,0.0,0.0,False,,2,False,True,cai_region_hint_area_southlands,southlands,Regional,True,Within 100 units with neighboring provinces or at most four raster borders,land_raster_point,land_raster_point,convoy_road_combi,,Caravan/convoy links are context only; portal nodes lack general traversal eligibility; no shortcut inferred,Static human startup rules; later choices excluded. Maritime land anchors are descriptive; not movement routes. Secondary forces do not set primary distance.,False,Khemri,tomb_kings,wh2_dlc09_sc_tmb_tomb_kings,The Drakenhof Conclave,vampire_counts,wh_main_sc_vmp_vampire_counts,Conflict,False,Partial: guide evidence plus analytical prior; generic modifier matrix unmeasured,settra_vassal;tomb_kings_0;tomb_kings_1;vampire_counts_0,"Opposed Tomb King ecosystem prior Pairings must use independent teammates, not a proposed Settra-vassal workaround. Partner appears in single-player faction objective(s); not treated as a multiplayer forced-war lock","Generic numeric aversion, opening treaties, all faction/lord/technology modifiers and multiplayer runtime behavior are not exhaustively exported; classes are analytical, not verified team legality.",wh2_dlc09_tmb_khemri:short:001:DESTROY_FACTION;wh_main_vmp_vampire_counts:short:001:DESTROY_FACTION,All vassal actions against Khemri are disabled. Human participants lock Cult confederation rituals. Books of Nagash are competitive shared multiplayer rewards; team ownership does not duplicate them. Barrow Legion has +30 WoC/Beastmen/Norsca relations and faction Chaos-attrition immunity.,False,"Diplomatic Conflict: Opposed Tomb King ecosystem prior Pairings must use independent teammates, not a proposed Settra-vassal workaround. Partner appears in single-player faction objective(s); not treated as a multiplayer forced-war lock"
wh2_dlc09_tmb_lybaras,wh2_dlc15_hef_imrik,wh3_main_combi_region_lybaras,wh3_main_combi_region_the_bone_gulch,wh3_main_combi_province_crater_of_the_waking_dead,wh3_main_combi_province_the_plain_of_bones,102.70636,primary human army world coordinates,85.25222,535.7627563476562,235.2704315185547,573.172607421875,330.9213562011719,wh3_main_combi_region_lybaras,wh3_main_combi_region_the_bone_gulch,4,0.0,0.0,False,,4,False,False,,darklands <-> southlands,Extended,False,Extended requires shared atlas theater AND (at most six raster borders OR at most 75 world units),land_raster_point,land_raster_point,,,Caravan/convoy links are context only; portal nodes lack general traversal eligibility; no shortcut inferred,Static human startup rules; later choices excluded. Maritime land anchors are descriptive; not movement routes. Secondary forces do not set primary distance.,False,Court of Lybaras,tomb_kings,wh2_dlc09_sc_tmb_tomb_kings,Knights of Caledor,high_elves,wh2_main_sc_hef_high_elves,Workable,False,Partial: guide evidence plus analytical prior; generic modifier matrix unmeasured,high_elves_0;khalida_lahmia;tomb_kings_0;tomb_kings_1,Independent Tomb King coexistence prior Do not generalize this scripted lock to every playable vampire.,"Generic numeric aversion, opening treaties, all faction/lord/technology modifiers and multiplayer runtime behavior are not exhaustively exported; classes are analytical, not verified team legality.",,Eataine can unlock Champion actions through alliances with other legendary High Elf factions. Khalida has permanent no-peace with the nonplayable Lahmian Sisterhood. Human participants lock Cult confederation rituals. Books of Nagash are competitive shared multiplayer rewards; team ownership does not duplicate them.,False,Extended requires shared atlas theater AND (at most six raster borders OR at most 75 world units)
wh2_dlc09_tmb_lybaras,wh2_dlc17_bst_malagor,wh3_main_combi_region_lybaras,wh3_main_combi_region_sunken_khernarch,wh3_main_combi_province_crater_of_the_waking_dead,wh3_main_combi_province_marshes_of_madness,107.437809,primary human army world coordinates,117.169746,535.7627563476562,235.2704315185547,437.5618591308594,278.8533020019531,wh3_main_combi_region_lybaras,wh3_main_combi_region_sunken_khernarch,5,0.0,0.0,False,,5,False,False,,badlands <-> southlands,Extended,False,Extended requires shared atlas theater AND (at most six raster borders OR at most 75 world units),land_raster_point,land_raster_point,,,Caravan/convoy links are context only; portal nodes lack general traversal eligibility; no shortcut inferred,Static human startup rules; later choices excluded. Maritime land anchors are descriptive; not movement routes. Secondary forces do not set primary distance.,False,Court of Lybaras,tomb_kings,wh2_dlc09_sc_tmb_tomb_kings,Harbinger of Disaster,beastmen,wh_dlc03_sc_bst_beastmen,Conflict,True,Partial: guide evidence plus analytical prior; generic modifier matrix unmeasured,beastmen_0;khalida_lahmia;tomb_kings_0;tomb_kings_1,Opposed Tomb King ecosystem prior Do not generalize this scripted lock to every playable vampire. Beastmen permitted-faction membership and multiplayer exception unresolved; no qualification asserted,"Generic numeric aversion, opening treaties, all faction/lord/technology modifiers and multiplayer runtime behavior are not exhaustively exported; classes are analytical, not verified team legality.",,Restricted treaty set; permitted-faction membership and teammate bypass are not enumerated by the guide; positive deals reduce Bestial Rage for five turns. Khalida has permanent no-peace with the nonplayable Lahmian Sisterhood. Human participants lock Cult confederation rituals. Books of Nagash are competitive shared multiplayer rewards; team ownership does not duplicate them.,False,Extended requires shared atlas theater AND (at most six raster borders OR at most 75 world units); Diplomatic Conflict: Opposed Tomb King ecosystem prior Do not generalize this scripted lock to every playable vampire. Beastmen permitted-faction membership and multiplayer exception unresolved; no qualification asserted; Treaty eligibility unresolved
wh2_dlc09_tmb_lybaras,wh2_main_skv_clan_mors,wh3_main_combi_region_lybaras,wh3_main_combi_region_kradtommen,wh3_main_combi_province_crater_of_the_waking_dead,wh3_main_combi_province_blightwater,66.325077,primary human army world coordinates,68.841145,535.7627563476562,235.2704315185547,507.0373229980469,295.05224609375,wh3_main_combi_region_lybaras,wh3_main_combi_region_kradtommen,3,0.0,0.0,False,,3,False,True,,dwarf_empire <-> southlands,Regional,True,Within 100 units with neighboring provinces or at most four raster borders,land_raster_point,land_raster_point,,,Caravan/convoy links are context only; portal nodes lack general traversal eligibility; no shortcut inferred,Static human startup rules; later choices excluded. Maritime land anchors are descriptive; not movement routes. Secondary forces do not set primary distance.,False,Court of Lybaras,tomb_kings,wh2_dlc09_sc_tmb_tomb_kings,Clan Mors,skaven,wh2_main_sc_skv_skaven,Conflict,False,Partial: guide evidence plus analytical prior; generic modifier matrix unmeasured,khalida_lahmia;skaven_0;tomb_kings_0;tomb_kings_1,Opposed Tomb King ecosystem prior Do not generalize this scripted lock to every playable vampire.,"Generic numeric aversion, opening treaties, all faction/lord/technology modifiers and multiplayer runtime behavior are not exhaustively exported; classes are analytical, not verified team legality.",,Khalida has permanent no-peace with the nonplayable Lahmian Sisterhood. Vermintide war declaration explicitly excludes teammates; this is not blanket protection against all Under-City damage. Human participants lock Cult confederation rituals. Books of Nagash are competitive shared multiplayer rewards; team ownership does not duplicate them.,False,Diplomatic Conflict: Opposed Tomb King ecosystem prior Do not generalize this scripted lock to every playable vampire.
wh2_dlc09_tmb_lybaras,wh3_dlc26_grn_gorbad_ironclaw,wh3_main_combi_region_lybaras,wh3_main_combi_region_iron_rock,wh3_main_combi_province_crater_of_the_waking_dead,wh3_main_combi_province_death_pass,136.540533,primary human army world coordinates,137.715902,535.7627563476562,235.2704315185547,486.3282775878906,362.5478820800781,wh3_main_combi_region_lybaras,wh3_main_combi_region_iron_rock,6,0.0,0.0,False,,6,False,False,,dwarf_empire <-> southlands,Extended,False,Extended requires shared atlas theater AND (at most six raster borders OR at most 75 world units),land_raster_point,land_raster_point,,,Caravan/convoy links are context only; portal nodes lack general traversal eligibility; no shortcut inferred,Static human startup rules; later choices excluded. Maritime land anchors are descriptive; not movement routes. Secondary forces do not set primary distance.,False,Court of Lybaras,tomb_kings,wh2_dlc09_sc_tmb_tomb_kings,Ironclaw Orcs,greenskins,wh_main_sc_grn_greenskins,Conflict,False,Partial: guide evidence plus analytical prior; generic modifier matrix unmeasured,greenskins_0;khalida_lahmia;tomb_kings_0;tomb_kings_1,Opposed Tomb King ecosystem prior Do not generalize this scripted lock to every playable vampire.,"Generic numeric aversion, opening treaties, all faction/lord/technology modifiers and multiplayer runtime behavior are not exhaustively exported; classes are analytical, not verified team legality.",,Leader-defeat confederation requires an AI loser; it cannot consume the human teammate. Khalida has permanent no-peace with the nonplayable Lahmian Sisterhood. Human participants lock Cult confederation rituals. Books of Nagash are competitive shared multiplayer rewards; team ownership does not duplicate them.,False,Extended requires shared atlas theater AND (at most six raster borders OR at most 75 world units); Diplomatic Conflict: Opposed Tomb King ecosystem prior Do not generalize this scripted lock to every playable vampire.
wh2_dlc09_tmb_lybaras,wh3_main_kho_exiles_of_khorne,wh3_main_combi_region_lybaras,wh3_main_combi_region_agrul_migdhal,wh3_main_combi_province_crater_of_the_waking_dead,wh3_main_combi_province_barrier_idols,85.716783,primary human army world coordinates,105.875159,535.7627563476562,235.2704315185547,451.5905456542969,251.46937561035156,wh3_main_combi_region_lybaras,wh3_main_combi_region_agrul_migdhal,4,0.0,0.0,False,,4,False,False,,badlands <-> southlands,Regional,True,Within 100 units with neighboring provinces or at most four raster borders,land_raster_point,land_raster_point,,,Caravan/convoy links are context only; portal nodes lack general traversal eligibility; no shortcut inferred,Static human startup rules; later choices excluded. Maritime land anchors are descriptive; not movement routes. Secondary forces do not set primary distance.,False,Court of Lybaras,tomb_kings,wh2_dlc09_sc_tmb_tomb_kings,Exiles of Khorne,khorne,wh3_main_sc_kho_khorne,Conflict,False,Partial: guide evidence plus analytical prior; generic modifier matrix unmeasured,khalida_lahmia;khorne_0;tomb_kings_0;tomb_kings_1,Opposed Tomb King ecosystem prior Do not generalize this scripted lock to every playable vampire.,"Generic numeric aversion, opening treaties, all faction/lord/technology modifiers and multiplayer runtime behavior are not exhaustively exported; classes are analytical, not verified team legality.",,Khalida has permanent no-peace with the nonplayable Lahmian Sisterhood. No bespoke diplomacy override established; absence does not imply zero generic aversion. Human participants lock Cult confederation rituals. Books of Nagash are competitive shared multiplayer rewards; team ownership does not duplicate them.,False,Diplomatic Conflict: Opposed Tomb King ecosystem prior Do not generalize this scripted lock to every playable vampire.
wh2_dlc09_tmb_lybaras,wh_main_grn_orcs_of_the_bloody_hand,wh3_main_combi_region_lybaras,wh3_main_combi_region_sun_tree_glades,wh3_main_combi_province_crater_of_the_waking_dead,wh3_main_combi_province_central_jungles,148.97195,primary human army world coordinates,169.296156,535.7627563476562,235.2704315185547,423.53314208984375,137.30535888671875,wh3_main_combi_region_lybaras,wh3_main_combi_region_sun_tree_glades,6,0.0,0.0,False,,6,False,False,cai_region_hint_area_southlands,southlands,Extended,True,Shared atlas theater and either at most six raster borders or at most 75 world units,land_raster_point,land_raster_point,,,Caravan/convoy links are context only; portal nodes lack general traversal eligibility; no shortcut inferred,Static human startup rules; later choices excluded. Maritime land anchors are descriptive; not movement routes. Secondary forces do not set primary distance.,False,Court of Lybaras,tomb_kings,wh2_dlc09_sc_tmb_tomb_kings,The Bloody Handz,greenskins,wh_main_sc_grn_greenskins,Conflict,False,Partial: guide evidence plus analytical prior; generic modifier matrix unmeasured,greenskins_0;khalida_lahmia;tomb_kings_0;tomb_kings_1,Opposed Tomb King ecosystem prior Do not generalize this scripted lock to every playable vampire.,"Generic numeric aversion, opening treaties, all faction/lord/technology modifiers and multiplayer runtime behavior are not exhaustively exported; classes are analytical, not verified team legality.",,Leader-defeat confederation requires an AI loser; it cannot consume the human teammate. Khalida has permanent no-peace with the nonplayable Lahmian Sisterhood. Human participants lock Cult confederation rituals. Books of Nagash are competitive shared multiplayer rewards; team ownership does not duplicate them.,False,Diplomatic Conflict: Opposed Tomb King ecosystem prior Do not generalize this scripted lock to every playable vampire.
wh2_dlc09_tmb_lybaras,wh_main_vmp_vampire_counts,wh3_main_combi_region_lybaras,wh3_main_combi_region_ka_sabar,wh3_main_combi_province_crater_of_the_waking_dead,wh3_main_combi_province_shifting_sands,130.09338,primary human army world coordinates,125.920255,535.7627563476562,235.2704315185547,414.1806945800781,188.9877166748047,wh3_main_combi_region_lybaras,wh3_main_combi_region_ka_sabar,5,0.0,0.0,False,,5,False,False,cai_region_hint_area_southlands,southlands,Extended,True,Shared atlas theater and either at most six raster borders or at most 75 world units,land_raster_point,land_raster_point,,,Caravan/convoy links are context only; portal nodes lack general traversal eligibility; no shortcut inferred,Static human startup rules; later choices excluded. Maritime land anchors are descriptive; not movement routes. Secondary forces do not set primary distance.,False,Court of Lybaras,tomb_kings,wh2_dlc09_sc_tmb_tomb_kings,The Drakenhof Conclave,vampire_counts,wh_main_sc_vmp_vampire_counts,Conflict,False,Partial: guide evidence plus analytical prior; generic modifier matrix unmeasured,khalida_lahmia;tomb_kings_0;tomb_kings_1;vampire_counts_0,Opposed Tomb King ecosystem prior Do not generalize this scripted lock to every playable vampire. Partner appears in single-player faction objective(s); not treated as a multiplayer forced-war lock,"Generic numeric aversion, opening treaties, all faction/lord/technology modifiers and multiplayer runtime behavior are not exhaustively exported; classes are analytical, not verified team legality.",wh2_dlc09_tmb_lybaras:short:001:DESTROY_FACTION,Khalida has permanent no-peace with the nonplayable Lahmian Sisterhood. Human participants lock Cult confederation rituals. Books of Nagash are competitive shared multiplayer rewards; team ownership does not duplicate them. Barrow Legion has +30 WoC/Beastmen/Norsca relations and faction Chaos-attrition immunity.,False,Diplomatic Conflict: Opposed Tomb King ecosystem prior Do not generalize this scripted lock to every playable vampire. Partner appears in single-player faction objective(s); not treated as a multiplayer forced-war lock
wh2_dlc11_cst_noctilus,wh2_main_hef_avelorn,,wh3_main_combi_region_gaean_vale,,wh3_main_combi_province_avelorn,75.311202,primary human army world coordinates,,120.24600219726562,398.0312805175781,175.0247344970703,449.7136535644531,wh3_main_combi_region_vauls_anvil_ulthuan,wh3_main_combi_region_gaean_vale,,11.382557820524548,0.0,True,,,False,False,cai_region_hint_area_ulthuan,ulthuan,Extended,False,"Extended requires shared atlas theater AND (at most six raster borders OR at most 75 world units); topology/theaters use descriptive coastal anchors, not a verified sea route",maritime_point_no_distinct_region,land_raster_point,,,Caravan/convoy links are context only; portal nodes lack general traversal eligibility; no shortcut inferred,Static human startup rules; later choices excluded. Maritime land anchors are descriptive; not movement routes. Secondary forces do not set primary distance.,True,The Dreadfleet,vampire_coast,wh2_dlc11_sc_cst_vampire_coast,Avelorn,high_elves,wh2_main_sc_hef_high_elves,Conflict,False,Partial: guide evidence plus analytical prior; generic modifier matrix unmeasured,high_elves_0;vampire_coast_0,Opposed surrounding diplomatic ecosystems prior Partner appears in single-player faction objective(s); not treated as a multiplayer forced-war lock,"Generic numeric aversion, opening treaties, all faction/lord/technology modifiers and multiplayer runtime behavior are not exhaustively exported; classes are analytical, not verified team legality.",wh2_main_hef_avelorn:long:004:DESTROY_FACTION,Eataine can unlock Champion actions through alliances with other legendary High Elf factions. Coast cannot confederate; alliances can transfer Shanty verses.,False,"Extended requires shared atlas theater AND (at most six raster borders OR at most 75 world units); topology/theaters use descriptive coastal anchors, not a verified sea route; Diplomatic Conflict: Opposed surrounding diplomatic ecosystems prior Partner appears in single-player faction objective(s); not treated as a multiplayer forced-war lock"
wh2_dlc11_cst_noctilus,wh2_main_hef_eataine,,wh3_main_combi_region_lothern,,wh3_main_combi_province_eataine,46.10882,primary human army world coordinates,,120.24600219726562,398.0312805175781,166.34030151367188,396.87420654296875,wh3_main_combi_region_vauls_anvil_ulthuan,wh3_main_combi_region_lothern,1,11.382557820524548,0.0,True,,,False,True,cai_region_hint_area_ulthuan,ulthuan,Regional,True,"Coastal primary army points within 100 world units, with nearby land anchors; no maritime adjacency asserted",maritime_point_no_distinct_region,land_raster_point,,,Caravan/convoy links are context only; portal nodes lack general traversal eligibility; no shortcut inferred,Static human startup rules; later choices excluded. Maritime land anchors are descriptive; not movement routes. Secondary forces do not set primary distance.,True,The Dreadfleet,vampire_coast,wh2_dlc11_sc_cst_vampire_coast,Eataine,high_elves,wh2_main_sc_hef_high_elves,Conflict,False,Partial: guide evidence plus analytical prior; generic modifier matrix unmeasured,high_elves_0;vampire_coast_0,Opposed surrounding diplomatic ecosystems prior Partner appears in single-player faction objective(s); not treated as a multiplayer forced-war lock,"Generic numeric aversion, opening treaties, all faction/lord/technology modifiers and multiplayer runtime behavior are not exhaustively exported; classes are analytical, not verified team legality.",wh2_main_hef_eataine:short:002:DESTROY_FACTION,Eataine can unlock Champion actions through alliances with other legendary High Elf factions. Coast cannot confederate; alliances can transfer Shanty verses.,False,Diplomatic Conflict: Opposed surrounding diplomatic ecosystems prior Partner appears in single-player faction objective(s); not treated as a multiplayer forced-war lock
wh2_dlc11_cst_pirates_of_sartosa,wh2_dlc15_grn_broken_axe,wh3_main_combi_region_luccini,wh3_main_combi_region_quenelles,wh3_main_combi_province_tilea,wh3_main_combi_province_forest_of_chalons,133.426165,primary human army world coordinates,114.110916,339.3609619140625,307.0086364746094,292.5986022949219,431.971923828125,wh3_main_combi_region_luccini,wh3_main_combi_region_quenelles,5,0.0,0.0,False,,5,False,False,,border_princes <-> bretonnia,Extended,False,Extended requires shared atlas theater AND (at most six raster borders OR at most 75 world units),land_raster_point,land_raster_point,,,Caravan/convoy links are context only; portal nodes lack general traversal eligibility; no shortcut inferred,Static human startup rules; later choices excluded. Maritime land anchors are descriptive; not movement routes. Secondary forces do not set primary distance.,False,Pirates of Sartosa,vampire_coast,wh2_dlc11_sc_cst_vampire_coast,Broken Axe,greenskins,wh_main_sc_grn_greenskins,Workable,False,Partial: guide evidence plus analytical prior; generic modifier matrix unmeasured,greenskins_0;vampire_coast_0,Non-Order pragmatic-alliance prior; not a numeric diplomatic guarantee,"Generic numeric aversion, opening treaties, all faction/lord/technology modifiers and multiplayer runtime behavior are not exhaustively exported; classes are analytical, not verified team legality.",,Leader-defeat confederation requires an AI loser; it cannot consume the human teammate. Coast cannot confederate; alliances can transfer Shanty verses.,False,Extended requires shared atlas theater AND (at most six raster borders OR at most 75 world units)
wh2_dlc11_cst_pirates_of_sartosa,wh_dlc05_bst_morghur_herd,wh3_main_combi_region_luccini,wh3_main_combi_region_montenas,wh3_main_combi_province_tilea,wh3_main_combi_province_irrana_mountains,81.038825,primary human army world coordinates,83.249933,339.3609619140625,307.0086364746094,270.5534973144531,349.82012939453125,wh3_main_combi_region_luccini,wh3_main_combi_region_montenas,4,0.0,0.0,False,,4,False,False,cai_region_hint_area_border_princes,border_princes,Regional,True,Within 100 units with neighboring provinces or at most four raster borders,land_raster_point,land_raster_point,,,Caravan/convoy links are context only; portal nodes lack general traversal eligibility; no shortcut inferred,Static human startup rules; later choices excluded. Maritime land anchors are descriptive; not movement routes. Secondary forces do not set primary distance.,False,Pirates of Sartosa,vampire_coast,wh2_dlc11_sc_cst_vampire_coast,Warherd of the Shadowgave,beastmen,wh_dlc03_sc_bst_beastmen,Special,True,Partial: guide evidence plus analytical prior; generic modifier matrix unmeasured,beastmen_0;vampire_coast_0,Non-Order pragmatic-alliance prior; not a numeric diplomatic guarantee Beastmen permitted-faction membership and multiplayer exception unresolved; no qualification asserted,"Generic numeric aversion, opening treaties, all faction/lord/technology modifiers and multiplayer runtime behavior are not exhaustively exported; classes are analytical, not verified team legality.",,Restricted treaty set; permitted-faction membership and teammate bypass are not enumerated by the guide; positive deals reduce Bestial Rage for five turns. Coast cannot confederate; alliances can transfer Shanty verses.,False,Treaty eligibility unresolved
wh2_dlc11_cst_pirates_of_sartosa,wh_dlc05_wef_argwylon,wh3_main_combi_region_luccini,wh3_main_combi_region_karak_norn,wh3_main_combi_province_tilea,wh3_main_combi_province_southern_grey_mountains,144.309612,primary human army world coordinates,123.516833,339.3609619140625,307.0086364746094,350.717529296875,450.8706970214844,wh3_main_combi_region_luccini,wh3_main_combi_region_karak_norn,4,0.0,0.0,False,,4,False,False,,border_princes <-> dwarf_empire,Extended,False,Extended requires shared atlas theater AND (at most six raster borders OR at most 75 world units),land_raster_point,land_raster_point,,,Caravan/convoy links are context only; portal nodes lack general traversal eligibility; no shortcut inferred,Static human startup rules; later choices excluded. Maritime land anchors are descriptive; not movement routes. Secondary forces do not set primary distance.,False,Pirates of Sartosa,vampire_coast,wh2_dlc11_sc_cst_vampire_coast,Argwylon,wood_elves,wh_dlc05_sc_wef_wood_elves,Conflict,False,Partial: guide evidence plus analytical prior; generic modifier matrix unmeasured,vampire_coast_0;wood_elves_0;wood_elves_1,Opposed surrounding diplomatic ecosystems prior,"Generic numeric aversion, opening treaties, all faction/lord/technology modifiers and multiplayer runtime behavior are not exhaustively exported; classes are analytical, not verified team legality.",,Coast cannot confederate; alliances can transfer Shanty verses. Rebirth completion is global and one-time in co-op; Ariel is globally unique. Drycha can confederate only Argwylon; not a general ban on Wood Elf alliances.,False,Extended requires shared atlas theater AND (at most six raster borders OR at most 75 world units); Diplomatic Conflict: Opposed surrounding diplomatic ecosystems prior
wh2_dlc11_cst_pirates_of_sartosa,wh_dlc05_wef_wood_elves,wh3_main_combi_region_luccini,wh3_main_combi_region_castle_carcassonne,wh3_main_combi_province_tilea,wh3_main_combi_province_carcassonne,95.436061,primary human army world coordinates,87.250858,339.3609619140625,307.0086364746094,314.64371315612533,399.1883483968683,wh3_main_combi_region_luccini,wh3_main_combi_region_castle_carcassonne,4,0.0,0.0,False,,4,False,False,,border_princes <-> bretonnia,Regional,True,Within 100 units with neighboring provinces or at most four raster borders,land_raster_point,land_raster_point,,,Caravan/convoy links are context only; portal nodes lack general traversal eligibility; no shortcut inferred,Static human startup rules; later choices excluded. Maritime land anchors are descriptive; not movement routes. Secondary forces do not set primary distance.,False,Pirates of Sartosa,vampire_coast,wh2_dlc11_sc_cst_vampire_coast,Talsyn,wood_elves,wh_dlc05_sc_wef_wood_elves,Conflict,False,Partial: guide evidence plus analytical prior; generic modifier matrix unmeasured,vampire_coast_0;wood_elves_0;wood_elves_1,Opposed surrounding diplomatic ecosystems prior,"Generic numeric aversion, opening treaties, all faction/lord/technology modifiers and multiplayer runtime behavior are not exhaustively exported; classes are analytical, not verified team legality.",,Coast cannot confederate; alliances can transfer Shanty verses. Rebirth completion is global and one-time in co-op; Ariel is globally unique. Drycha can confederate only Argwylon; not a general ban on Wood Elf alliances.,False,Diplomatic Conflict: Opposed surrounding diplomatic ecosystems prior
wh2_dlc11_cst_pirates_of_sartosa,wh_main_brt_carcassonne,wh3_main_combi_region_luccini,wh3_main_combi_region_castle_carcassonne,wh3_main_combi_province_tilea,wh3_main_combi_province_carcassonne,102.035018,primary human army world coordinates,87.250858,339.3609619140625,307.0086364746094,297.27484130859375,399.959716796875,wh3_main_combi_region_luccini,wh3_main_combi_region_castle_carcassonne,4,0.0,0.0,False,,4,False,False,,border_princes <-> bretonnia,Extended,False,Extended requires shared atlas theater AND (at most six raster borders OR at most 75 world units),land_raster_point,land_raster_point,,,Caravan/convoy links are context only; portal nodes lack general traversal eligibility; no shortcut inferred,Static human startup rules; later choices excluded. Maritime land anchors are descriptive; not movement routes. Secondary forces do not set primary distance.,False,Pirates of Sartosa,vampire_coast,wh2_dlc11_sc_cst_vampire_coast,Carcassonne,bretonnia,wh_main_sc_brt_bretonnia,Conflict,False,Partial: guide evidence plus analytical prior; generic modifier matrix unmeasured,bretonnia_0;vampire_coast_0,Opposed surrounding diplomatic ecosystems prior,"Generic numeric aversion, opening treaties, all faction/lord/technology modifiers and multiplayer runtime behavior are not exhaustively exported; classes are analytical, not verified team legality.",,Human confederation cooldown exemption is not permission to absorb a human teammate. Coast cannot confederate; alliances can transfer Shanty verses.,False,Extended requires shared atlas theater AND (at most six raster borders OR at most 75 world units); Diplomatic Conflict: Opposed surrounding diplomatic ecosystems prior
wh2_dlc11_cst_pirates_of_sartosa,wh_main_dwf_karak_izor,wh3_main_combi_region_luccini,wh3_main_combi_region_karak_bhufdar,wh3_main_combi_province_tilea,wh3_main_combi_province_the_vaults,63.758977,primary human army world coordinates,68.056249,339.3609619140625,307.0086364746094,347.3773498535156,370.26165771484375,wh3_main_combi_region_luccini,wh3_main_combi_region_karak_bhufdar,3,0.0,0.0,False,,3,False,True,,border_princes <-> dwarf_empire,Regional,True,Within 100 units with neighboring provinces or at most four raster borders,land_raster_point,land_raster_point,,,Caravan/convoy links are context only; portal nodes lack general traversal eligibility; no shortcut inferred,Static human startup rules; later choices excluded. Maritime land anchors are descriptive; not movement routes. Secondary forces do not set primary distance.,False,Pirates of Sartosa,vampire_coast,wh2_dlc11_sc_cst_vampire_coast,Clan Angrund,dwarfs,wh_main_sc_dwf_dwarfs,Conflict,False,Partial: guide evidence plus analytical prior; generic modifier matrix unmeasured,dwarfs_0;dwarfs_1;vampire_coast_0,Opposed surrounding diplomatic ecosystems prior,"Generic numeric aversion, opening treaties, all faction/lord/technology modifiers and multiplayer runtime behavior are not exhaustively exported; classes are analytical, not verified team legality.",,Grudge accumulation responds to hostile conduct; positive diplomacy reduces it. Different allied Dwarf owners can enable conditional Deeps trade/diplomacy benefits. Coast cannot confederate; alliances can transfer Shanty verses.,False,Diplomatic Conflict: Opposed surrounding diplomatic ecosystems prior
wh2_dlc11_cst_the_drowned,wh2_dlc16_wef_sisters_of_twilight,wh3_main_combi_region_the_twisted_glade,wh3_main_combi_region_the_witchwood,wh3_main_combi_province_the_clawed_coast,wh3_main_combi_province_the_witchwood,80.799823,primary human army world coordinates,83.444585,130.26651000976562,546.5216064453125,54.11070251464844,519.5233764648438,wh3_main_combi_region_the_twisted_glade,wh3_main_combi_region_the_witchwood,4,0.0,0.0,False,,4,False,False,cai_region_hint_area_naggarond,naggarond,Regional,True,Within 100 units with neighboring provinces or at most four raster borders,land_raster_point,land_raster_point,,,Caravan/convoy links are context only; portal nodes lack general traversal eligibility; no shortcut inferred,Static human startup rules; later choices excluded. Maritime land anchors are descriptive; not movement routes. Secondary forces do not set primary distance.,False,The Drowned,vampire_coast,wh2_dlc11_sc_cst_vampire_coast,Heralds of Ariel,wood_elves,wh_dlc05_sc_wef_wood_elves,Conflict,False,Partial: guide evidence plus analytical prior; generic modifier matrix unmeasured,vampire_coast_0;wood_elves_0;wood_elves_1,Opposed surrounding diplomatic ecosystems prior,"Generic numeric aversion, opening treaties, all faction/lord/technology modifiers and multiplayer runtime behavior are not exhaustively exported; classes are analytical, not verified team legality.",,Coast cannot confederate; alliances can transfer Shanty verses. Rebirth completion is global and one-time in co-op; Ariel is globally unique. Drycha can confederate only Argwylon; not a general ban on Wood Elf alliances.,False,Diplomatic Conflict: Opposed surrounding diplomatic ecosystems prior
wh2_dlc11_cst_the_drowned,wh2_dlc17_bst_taurox,wh3_main_combi_region_the_twisted_glade,wh3_main_combi_region_clar_karond,wh3_main_combi_province_the_clawed_coast,wh3_main_combi_province_obsidian_peaks,66.700838,primary human army world coordinates,65.237335,130.26651000976562,546.5216064453125,65.46726989746094,562.3348999023438,wh3_main_combi_region_the_twisted_glade,wh3_main_combi_region_clar_karond,3,0.0,0.0,False,,3,False,True,cai_region_hint_area_naggarond,naggarond,Regional,True,Within 100 units with neighboring provinces or at most four raster borders,land_raster_point,land_raster_point,,,Caravan/convoy links are context only; portal nodes lack general traversal eligibility; no shortcut inferred,Static human startup rules; later choices excluded. Maritime land anchors are descriptive; not movement routes. Secondary forces do not set primary distance.,False,The Drowned,vampire_coast,wh2_dlc11_sc_cst_vampire_coast,Slaughterhorn Tribe,beastmen,wh_dlc03_sc_bst_beastmen,Special,True,Partial: guide evidence plus analytical prior; generic modifier matrix unmeasured,beastmen_0;vampire_coast_0,Non-Order pragmatic-alliance prior; not a numeric diplomatic guarantee Beastmen permitted-faction membership and multiplayer exception unresolved; no qualification asserted,"Generic numeric aversion, opening treaties, all faction/lord/technology modifiers and multiplayer runtime behavior are not exhaustively exported; classes are analytical, not verified team legality.",,Restricted treaty set; permitted-faction membership and teammate bypass are not enumerated by the guide; positive deals reduce Bestial Rage for five turns. Coast cannot confederate; alliances can transfer Shanty verses.,False,Treaty eligibility unresolved
wh2_dlc11_cst_the_drowned,wh2_main_def_har_ganeth,wh3_main_combi_region_the_twisted_glade,wh3_main_combi_region_har_ganeth,wh3_main_combi_province_the_clawed_coast,wh3_main_combi_province_the_road_of_skulls,95.688257,primary human army world coordinates,97.937516,130.26651000976562,546.5216064453125,132.9386444091797,642.1725463867188,wh3_main_combi_region_the_twisted_glade,wh3_main_combi_region_har_ganeth,7,0.0,0.0,False,,7,False,False,cai_region_hint_area_naggarond,naggarond,Extended,False,Extended requires shared atlas theater AND (at most six raster borders OR at most 75 world units),land_raster_point,land_raster_point,,,Caravan/convoy links are context only; portal nodes lack general traversal eligibility; no shortcut inferred,Static human startup rules; later choices excluded. Maritime land anchors are descriptive; not movement routes. Secondary forces do not set primary distance.,False,The Drowned,vampire_coast,wh2_dlc11_sc_cst_vampire_coast,Har Ganeth,dark_elves,wh2_main_sc_def_dark_elves,Workable,False,Partial: guide evidence plus analytical prior; generic modifier matrix unmeasured,dark_elves_0;dark_elves_1;vampire_coast_0,Non-Order pragmatic-alliance prior; not a numeric diplomatic guarantee,"Generic numeric aversion, opening treaties, all faction/lord/technology modifiers and multiplayer runtime behavior are not exhaustively exported; classes are analytical, not verified team legality.",,Har Ganeth Blood Voyage is a forced vassal targeting occupied Ulthuan settlements; not a general alliance ban. Hag Graef gains conditional +25/+50 daemon relations at high possession; not a permanent faction-wide alliance guarantee. Coast cannot confederate; alliances can transfer Shanty verses.,False,Extended requires shared atlas theater AND (at most six raster borders OR at most 75 world units)
wh2_dlc11_cst_the_drowned,wh2_main_hef_nagarythe,wh3_main_combi_region_the_twisted_glade,wh3_main_combi_region_the_monoliths,wh3_main_combi_province_the_clawed_coast,wh3_main_combi_province_granite_hills,42.802866,primary human army world coordinates,38.624936,130.26651000976562,546.5216064453125,141.62307739257812,587.7904052734375,wh3_main_combi_region_the_twisted_glade,wh3_main_combi_region_the_monoliths,1,0.0,0.0,False,,1,False,True,cai_region_hint_area_naggarond,naggarond,Immediate,True,Same province or adjacent starts within 100 world units,land_raster_point,land_raster_point,,,Caravan/convoy links are context only; portal nodes lack general traversal eligibility; no shortcut inferred,Static human startup rules; later choices excluded. Maritime land anchors are descriptive; not movement routes. Secondary forces do not set primary distance.,False,The Drowned,vampire_coast,wh2_dlc11_sc_cst_vampire_coast,Nagarythe,high_elves,wh2_main_sc_hef_high_elves,Conflict,False,Partial: guide evidence plus analytical prior; generic modifier matrix unmeasured,high_elves_0;vampire_coast_0,Opposed surrounding diplomatic ecosystems prior,"Generic numeric aversion, opening treaties, all faction/lord/technology modifiers and multiplayer runtime behavior are not exhaustively exported; classes are analytical, not verified team legality.",,Eataine can unlock Champion actions through alliances with other legendary High Elf factions. Coast cannot confederate; alliances can transfer Shanty verses.,False,Diplomatic Conflict: Opposed surrounding diplomatic ecosystems prior
wh2_dlc11_cst_the_drowned,wh3_dlc24_ksl_daughters_of_the_forest,wh3_main_combi_region_the_twisted_glade,wh3_main_combi_region_bleak_hold_fortress,wh3_main_combi_province_the_clawed_coast,wh3_main_combi_province_the_bleak_coast,97.120173,primary human army world coordinates,90.039872,130.26651000976562,546.5216064453125,64.79923248291016,474.783447265625,wh3_main_combi_region_the_twisted_glade,wh3_main_combi_region_bleak_hold_fortress,5,0.0,0.0,False,,5,False,False,cai_region_hint_area_naggarond,naggarond,Extended,True,Shared atlas theater and either at most six raster borders or at most 75 world units,land_raster_point,land_raster_point,,,Caravan/convoy links are context only; portal nodes lack general traversal eligibility; no shortcut inferred,Static human startup rules; later choices excluded. Maritime land anchors are descriptive; not movement routes. Secondary forces do not set primary distance.,False,The Drowned,vampire_coast,wh2_dlc11_sc_cst_vampire_coast,Daughters of the Forest,kislev,wh3_main_sc_ksl_kislev,Conflict,False,Partial: guide evidence plus analytical prior; generic modifier matrix unmeasured,kislev_0;vampire_coast_0,Opposed surrounding diplomatic ecosystems prior,"Generic numeric aversion, opening treaties, all faction/lord/technology modifiers and multiplayer runtime behavior are not exhaustively exported; classes are analytical, not verified team legality.",,Old supporter-race forced confederation and intra-Kislev war ban are obsolete; ordinary diplomacy applies. Coast cannot confederate; alliances can transfer Shanty verses.,False,Diplomatic Conflict: Opposed surrounding diplomatic ecosystems prior
wh2_dlc11_cst_the_drowned,wh3_main_dwf_the_ancestral_throng,wh3_main_combi_region_the_twisted_glade,wh3_main_combi_region_eldar_spire,wh3_main_combi_province_the_clawed_coast,wh3_main_combi_province_iron_coast,136.921334,primary human army world coordinates,149.543111,130.26651000976562,546.5216064453125,11.3565673828125,614.4029541015625,wh3_main_combi_region_the_twisted_glade,wh3_main_combi_region_eldar_spire,6,0.0,0.0,False,,6,False,False,cai_region_hint_area_naggarond,naggarond,Extended,True,Shared atlas theater and either at most six raster borders or at most 75 world units,land_raster_point,land_raster_point,,,Caravan/convoy links are context only; portal nodes lack general traversal eligibility; no shortcut inferred,Static human startup rules; later choices excluded. Maritime land anchors are descriptive; not movement routes. Secondary forces do not set primary distance.,False,The Drowned,vampire_coast,wh2_dlc11_sc_cst_vampire_coast,The Ancestral Throng,dwarfs,wh_main_sc_dwf_dwarfs,Conflict,False,Partial: guide evidence plus analytical prior; generic modifier matrix unmeasured,dwarfs_0;dwarfs_1;vampire_coast_0,Opposed surrounding diplomatic ecosystems prior,"Generic numeric aversion, opening treaties, all faction/lord/technology modifiers and multiplayer runtime behavior are not exhaustively exported; classes are analytical, not verified team legality.",,Grudge accumulation responds to hostile conduct; positive diplomacy reduces it. Different allied Dwarf owners can enable conditional Deeps trade/diplomacy benefits. Coast cannot confederate; alliances can transfer Shanty verses.,False,Diplomatic Conflict: Opposed surrounding diplomatic ecosystems prior
wh2_dlc11_cst_vampire_coast,wh2_dlc12_lzd_cult_of_sotek,wh3_main_combi_region_the_awakening,wh3_main_combi_region_kaiax,wh3_main_combi_province_vampire_coast,wh3_main_combi_province_the_night_forest_road,129.820957,primary human army world coordinates,118.37928,188.38540649414062,207.5008087158203,141.62307739257812,86.3943862915039,wh3_main_combi_region_the_awakening,wh3_main_combi_region_kaiax,6,0.0,0.0,False,,6,False,False,cai_region_hint_area_lustria,lustria,Extended,True,Shared atlas theater and either at most six raster borders or at most 75 world units,land_raster_point,land_raster_point,,,Caravan/convoy links are context only; portal nodes lack general traversal eligibility; no shortcut inferred,Static human startup rules; later choices excluded. Maritime land anchors are descriptive; not movement routes. Secondary forces do not set primary distance.,False,The Awakened,vampire_coast,wh2_dlc11_sc_cst_vampire_coast,Cult of Sotek,lizardmen,wh2_main_sc_lzd_lizardmen,Conflict,False,Partial: guide evidence plus analytical prior; generic modifier matrix unmeasured,lizardmen_0;vampire_coast_0,Opposed surrounding diplomatic ecosystems prior,"Generic numeric aversion, opening treaties, all faction/lord/technology modifiers and multiplayer runtime behavior are not exhaustively exported; classes are analytical, not verified team legality.",,Allied province capitals support the Geomantic Web; Nakai and Oxyotl use documented variants. Coast cannot confederate; alliances can transfer Shanty verses.,False,Diplomatic Conflict: Opposed surrounding diplomatic ecosystems prior
wh2_dlc11_cst_vampire_coast,wh2_dlc13_emp_the_huntmarshals_expedition,wh3_main_combi_region_the_awakening,wh3_main_combi_region_temple_of_kara,wh3_main_combi_province_vampire_coast,wh3_main_combi_province_the_creeping_jungle,124.651032,primary human army world coordinates,111.202735,188.38540649414062,207.5008087158203,86.17630004882812,278.8533020019531,wh3_main_combi_region_the_awakening,wh3_main_combi_region_temple_of_kara,5,0.0,0.0,False,,5,False,False,cai_region_hint_area_lustria,lustria,Extended,True,Shared atlas theater and either at most six raster borders or at most 75 world units,land_raster_point,land_raster_point,,,Caravan/convoy links are context only; portal nodes lack general traversal eligibility; no shortcut inferred,Static human startup rules; later choices excluded. Maritime land anchors are descriptive; not movement routes. Secondary forces do not set primary distance.,False,The Awakened,vampire_coast,wh2_dlc11_sc_cst_vampire_coast,The Huntsmarshal's Expedition,empire,wh_main_sc_emp_empire,Conflict,False,Partial: guide evidence plus analytical prior; generic modifier matrix unmeasured,empire_0;vampire_coast_0,Opposed surrounding diplomatic ecosystems prior Partner appears in single-player faction objective(s); not treated as a multiplayer forced-war lock,"Generic numeric aversion, opening treaties, all faction/lord/technology modifiers and multiplayer runtime behavior are not exhaustively exported; classes are analytical, not verified team legality.",wh2_dlc13_emp_the_huntmarshals_expedition:short:002:DESTROY_FACTION,Reikland Elector politics replaces ordinary confederation/NAP paths; does not establish a general military-alliance ban. Coast cannot confederate; alliances can transfer Shanty verses.,False,Diplomatic Conflict: Opposed surrounding diplomatic ecosystems prior Partner appears in single-player faction objective(s); not treated as a multiplayer forced-war lock
wh2_dlc11_cst_vampire_coast,wh2_main_lzd_itza,wh3_main_combi_region_the_awakening,wh3_main_combi_region_itza,wh3_main_combi_province_vampire_coast,wh3_main_combi_province_river_qurveza,90.046665,primary human army world coordinates,58.957992,188.38540649414062,207.5008087158203,100.87303924560547,186.28790283203125,wh3_main_combi_region_the_awakening,wh3_main_combi_region_itza,3,0.0,0.0,False,,3,False,False,cai_region_hint_area_lustria,lustria,Regional,True,Within 100 units with neighboring provinces or at most four raster borders,land_raster_point,land_raster_point,,,Caravan/convoy links are context only; portal nodes lack general traversal eligibility; no shortcut inferred,Static human startup rules; later choices excluded. Maritime land anchors are descriptive; not movement routes. Secondary forces do not set primary distance.,False,The Awakened,vampire_coast,wh2_dlc11_sc_cst_vampire_coast,Itza,lizardmen,wh2_main_sc_lzd_lizardmen,Conflict,False,Partial: guide evidence plus analytical prior; generic modifier matrix unmeasured,lizardmen_0;vampire_coast_0,Opposed surrounding diplomatic ecosystems prior,"Generic numeric aversion, opening treaties, all faction/lord/technology modifiers and multiplayer runtime behavior are not exhaustively exported; classes are analytical, not verified team legality.",,Allied province capitals support the Geomantic Web; Nakai and Oxyotl use documented variants. Coast cannot confederate; alliances can transfer Shanty verses.,False,Diplomatic Conflict: Opposed surrounding diplomatic ecosystems prior
wh2_dlc11_cst_vampire_coast,wh_main_brt_bordeleaux,wh3_main_combi_region_the_awakening,wh3_main_combi_region_temple_of_tlencan,wh3_main_combi_province_vampire_coast,wh3_main_combi_province_scorpion_coast,64.937979,primary human army world coordinates,65.267499,188.38540649414062,207.5008087158203,140.9550323486328,251.85507202148438,wh3_main_combi_region_the_awakening,wh3_main_combi_region_temple_of_tlencan,3,0.0,0.0,False,,3,False,True,cai_region_hint_area_lustria,lustria,Regional,True,Within 100 units with neighboring provinces or at most four raster borders,land_raster_point,land_raster_point,,,Caravan/convoy links are context only; portal nodes lack general traversal eligibility; no shortcut inferred,Static human startup rules; later choices excluded. Maritime land anchors are descriptive; not movement routes. Secondary forces do not set primary distance.,False,The Awakened,vampire_coast,wh2_dlc11_sc_cst_vampire_coast,Bordeleaux Errant,bretonnia,wh_main_sc_brt_bretonnia,Conflict,False,Partial: guide evidence plus analytical prior; generic modifier matrix unmeasured,bretonnia_0;vampire_coast_0,Opposed surrounding diplomatic ecosystems prior,"Generic numeric aversion, opening treaties, all faction/lord/technology modifiers and multiplayer runtime behavior are not exhaustively exported; classes are analytical, not verified team legality.",,Human confederation cooldown exemption is not permission to absorb a human teammate. Coast cannot confederate; alliances can transfer Shanty verses.,False,Diplomatic Conflict: Opposed surrounding diplomatic ecosystems prior
wh2_dlc11_def_the_blessed_dread,wh3_main_cth_the_northern_provinces,wh3_main_combi_region_zhizhu,wh3_main_combi_region_nan_gau,wh3_main_combi_province_plains_of_xen,wh3_main_combi_province_gunpowder_road,140.999893,primary human army world coordinates,138.211181,896.5007934570312,456.6560363769531,761.5580444335938,497.5390930175781,wh3_main_combi_region_zhizhu,wh3_main_combi_region_nan_gau,4,0.0,0.0,False,,4,False,False,cai_region_hint_area_cathay,cathay,Extended,True,Shared atlas theater and either at most six raster borders or at most 75 world units,land_raster_point,land_raster_point,,,Caravan/convoy links are context only; portal nodes lack general traversal eligibility; no shortcut inferred,Static human startup rules; later choices excluded. Maritime land anchors are descriptive; not movement routes. Secondary forces do not set primary distance.,False,The Blessed Dread,dark_elves,wh2_main_sc_def_dark_elves,The Northern Provinces,grand_cathay,wh3_main_sc_cth_cathay,Conflict,False,Partial: guide evidence plus analytical prior; generic modifier matrix unmeasured,dark_elves_0;dark_elves_1;grand_cathay_0,Opposed surrounding diplomatic ecosystems prior Partner appears in single-player faction objective(s); not treated as a multiplayer forced-war lock,"Generic numeric aversion, opening treaties, all faction/lord/technology modifiers and multiplayer runtime behavior are not exhaustively exported; classes are analytical, not verified team legality.",wh3_main_cth_the_northern_provinces:long:003:DESTROY_FACTION,Har Ganeth Blood Voyage is a forced vassal targeting occupied Ulthuan settlements; not a general alliance ban. Hag Graef gains conditional +25/+50 daemon relations at high possession; not a permanent faction-wide alliance guarantee. Guide found no distinct diplomatic replacement; generic faction modifiers remain outside coverage.,False,Diplomatic Conflict: Opposed surrounding diplomatic ecosystems prior Partner appears in single-player faction objective(s); not treated as a multiplayer forced-war lock
wh2_dlc11_vmp_the_barrow_legion,wh2_dlc16_wef_drycha,wh3_main_combi_region_blackstone_post,wh3_main_combi_region_gryphon_wood,wh3_main_combi_province_northern_grey_mountains,wh3_main_combi_province_gryphon_wood,149.567877,primary human army world coordinates,149.089821,301.9510803222656,477.4832763671875,444.91021728515625,521.4518432617188,wh3_main_combi_region_blackstone_post,wh3_main_combi_region_gryphon_wood,6,0.0,0.0,False,,6,False,False,,bretonnia <-> empire,Extended,False,Extended requires shared atlas theater AND (at most six raster borders OR at most 75 world units),land_raster_point,land_raster_point,,,Caravan/convoy links are context only; portal nodes lack general traversal eligibility; no shortcut inferred,Static human startup rules; later choices excluded. Maritime land anchors are descriptive; not movement routes. Secondary forces do not set primary distance.,False,The Barrow Legion,vampire_counts,wh_main_sc_vmp_vampire_counts,Wargrove of Woe,wood_elves,wh_dlc05_sc_wef_wood_elves,Conflict,False,Partial: guide evidence plus analytical prior; generic modifier matrix unmeasured,vampire_counts_0;wood_elves_0;wood_elves_1,Opposed surrounding diplomatic ecosystems prior,"Generic numeric aversion, opening treaties, all faction/lord/technology modifiers and multiplayer runtime behavior are not exhaustively exported; classes are analytical, not verified team legality.",,Barrow Legion has +30 WoC/Beastmen/Norsca relations and faction Chaos-attrition immunity. Rebirth completion is global and one-time in co-op; Ariel is globally unique. Drycha can confederate only Argwylon; not a general ban on Wood Elf alliances.,False,Extended requires shared atlas theater AND (at most six raster borders OR at most 75 world units); Diplomatic Conflict: Opposed surrounding diplomatic ecosystems prior
wh2_dlc11_vmp_the_barrow_legion,wh2_main_skv_clan_skryre,wh3_main_combi_region_blackstone_post,wh3_main_combi_region_tobaro,wh3_main_combi_province_northern_grey_mountains,wh3_main_combi_province_estalia,131.304385,primary human army world coordinates,148.015639,301.9510803222656,477.4832763671875,308.63140869140625,346.34893798828125,wh3_main_combi_region_blackstone_post,wh3_main_combi_region_tobaro,6,0.0,0.0,False,,6,False,False,,border_princes <-> bretonnia,Extended,False,Extended requires shared atlas theater AND (at most six raster borders OR at most 75 world units),land_raster_point,land_raster_point,,,Caravan/convoy links are context only; portal nodes lack general traversal eligibility; no shortcut inferred,Static human startup rules; later choices excluded. Maritime land anchors are descriptive; not movement routes. Secondary forces do not set primary distance.,False,The Barrow Legion,vampire_counts,wh_main_sc_vmp_vampire_counts,Clan Skryre,skaven,wh2_main_sc_skv_skaven,Workable,False,Partial: guide evidence plus analytical prior; generic modifier matrix unmeasured,skaven_0;vampire_counts_0,Non-Order pragmatic-alliance prior; not a numeric diplomatic guarantee,"Generic numeric aversion, opening treaties, all faction/lord/technology modifiers and multiplayer runtime behavior are not exhaustively exported; classes are analytical, not verified team legality.",,Vermintide war declaration explicitly excludes teammates; this is not blanket protection against all Under-City damage. Barrow Legion has +30 WoC/Beastmen/Norsca relations and faction Chaos-attrition immunity.,False,Extended requires shared atlas theater AND (at most six raster borders OR at most 75 world units)
wh2_dlc11_vmp_the_barrow_legion,wh3_dlc20_chs_festus,wh3_main_combi_region_blackstone_post,wh3_main_combi_region_hergig,wh3_main_combi_province_northern_grey_mountains,wh3_main_combi_province_hochland,119.710372,primary human army world coordinates,117.042454,301.9510803222656,477.4832763671875,394.1396789550781,553.8497314453125,wh3_main_combi_region_blackstone_post,wh3_main_combi_region_hergig,5,0.0,0.0,False,,5,False,False,,bretonnia <-> empire,Extended,False,Extended requires shared atlas theater AND (at most six raster borders OR at most 75 world units),land_raster_point,land_raster_point,,irory_road_bhashiva;ivory_road_combi,Caravan/convoy links are context only; portal nodes lack general traversal eligibility; no shortcut inferred,Static human startup rules; later choices excluded. Maritime land anchors are descriptive; not movement routes. Secondary forces do not set primary distance.,False,The Barrow Legion,vampire_counts,wh_main_sc_vmp_vampire_counts,The Fecundites,warriors_of_chaos,wh_main_sc_chs_chaos,Workable,False,Partial: guide evidence plus analytical prior; generic modifier matrix unmeasured,kemmler_chaos;vampire_counts_0;warriors_of_chaos_0;warriors_of_chaos_1,"Non-Order pragmatic-alliance prior; not a numeric diplomatic guarantee Explicit bridge supports coordination with these races, not all Daemons.","Generic numeric aversion, opening treaties, all faction/lord/technology modifiers and multiplayer runtime behavior are not exhaustively exported; classes are analytical, not verified team legality.",,Kemmler has +30 WoC/Beastmen/Norsca diplomacy and Chaos attrition immunity. Barrow Legion has +30 WoC/Beastmen/Norsca relations and faction Chaos-attrition immunity. Homeland vassalization is faction/settlement-specific and does not guarantee revival. Only Archaon/Be'lakor have the final-settlement forced WoC confederation route; other WoC do not.,False,Extended requires shared atlas theater AND (at most six raster borders OR at most 75 world units)
wh2_dlc11_vmp_the_barrow_legion,wh3_dlc24_tze_the_deceivers,wh3_main_combi_region_blackstone_post,wh3_main_combi_region_niedling,wh3_main_combi_province_northern_grey_mountains,wh3_main_combi_province_stirland,123.536222,primary human army world coordinates,131.461607,301.9510803222656,477.4832763671875,424.8692321777344,489.8253173828125,wh3_main_combi_region_blackstone_post,wh3_main_combi_region_niedling,5,0.0,0.0,False,,5,False,False,,bretonnia <-> empire,Extended,False,Extended requires shared atlas theater AND (at most six raster borders OR at most 75 world units),land_raster_point,land_raster_point,,,Caravan/convoy links are context only; portal nodes lack general traversal eligibility; no shortcut inferred,Static human startup rules; later choices excluded. Maritime land anchors are descriptive; not movement routes. Secondary forces do not set primary distance.,False,The Barrow Legion,vampire_counts,wh_main_sc_vmp_vampire_counts,The Deceivers,tzeentch,wh3_main_sc_tze_tzeentch,Workable,False,Partial: guide evidence plus analytical prior; generic modifier matrix unmeasured,changeling_schemes;tzeentch_0;vampire_counts_0,Non-Order pragmatic-alliance prior; not a numeric diplomatic guarantee Compatible partners require scheme coordination; no unconditional global travel shortcut.,"Generic numeric aversion, opening treaties, all faction/lord/technology modifiers and multiplayer runtime behavior are not exhaustively exported; classes are analytical, not verified team legality.",,"Schemes make theater-specific world changes and rifts have scripted progression. Changeling Schemes change the world by theater; effects on a partner require coordination, not a universal immunity assumption. Barrow Legion has +30 WoC/Beastmen/Norsca relations and faction Chaos-attrition immunity.",False,Extended requires shared atlas theater AND (at most six raster borders OR at most 75 world units)
wh2_dlc11_vmp_the_barrow_legion,wh_dlc03_bst_beastmen,wh3_main_combi_region_blackstone_post,wh3_main_combi_region_the_black_pit,wh3_main_combi_province_northern_grey_mountains,wh3_main_combi_province_the_misty_hills,92.269232,primary human army world coordinates,71.943929,301.9510803222656,477.4832763671875,344.70521441307994,559.2493769811199,wh3_main_combi_region_blackstone_post,wh3_main_combi_region_the_black_pit,3,0.0,0.0,False,,3,False,False,,bretonnia <-> empire,Regional,True,Within 100 units with neighboring provinces or at most four raster borders,land_raster_point,land_raster_point,,,Caravan/convoy links are context only; portal nodes lack general traversal eligibility; no shortcut inferred,Static human startup rules; later choices excluded. Maritime land anchors are descriptive; not movement routes. Secondary forces do not set primary distance.,False,The Barrow Legion,vampire_counts,wh_main_sc_vmp_vampire_counts,Warherd of the One-Eye,beastmen,wh_dlc03_sc_bst_beastmen,Special,True,Partial: guide evidence plus analytical prior; generic modifier matrix unmeasured,beastmen_0;kemmler_chaos;vampire_counts_0,"Non-Order pragmatic-alliance prior; not a numeric diplomatic guarantee Explicit bridge supports coordination with these races, not all Daemons. Beastmen permitted-faction membership and multiplayer exception unresolved; no qualification asserted","Generic numeric aversion, opening treaties, all faction/lord/technology modifiers and multiplayer runtime behavior are not exhaustively exported; classes are analytical, not verified team legality.",,Restricted treaty set; permitted-faction membership and teammate bypass are not enumerated by the guide; positive deals reduce Bestial Rage for five turns. Kemmler has +30 WoC/Beastmen/Norsca diplomacy and Chaos attrition immunity. Barrow Legion has +30 WoC/Beastmen/Norsca relations and faction Chaos-attrition immunity.,False,Treaty eligibility unresolved
wh2_dlc11_vmp_the_barrow_legion,wh_dlc05_bst_morghur_herd,wh3_main_combi_region_blackstone_post,wh3_main_combi_region_montenas,wh3_main_combi_province_northern_grey_mountains,wh3_main_combi_province_irrana_mountains,131.467438,primary human army world coordinates,135.526427,301.9510803222656,477.4832763671875,270.5534973144531,349.82012939453125,wh3_main_combi_region_blackstone_post,wh3_main_combi_region_montenas,6,0.0,0.0,False,,6,False,False,,border_princes <-> bretonnia,Extended,False,Extended requires shared atlas theater AND (at most six raster borders OR at most 75 world units),land_raster_point,land_raster_point,,,Caravan/convoy links are context only; portal nodes lack general traversal eligibility; no shortcut inferred,Static human startup rules; later choices excluded. Maritime land anchors are descriptive; not movement routes. Secondary forces do not set primary distance.,False,The Barrow Legion,vampire_counts,wh_main_sc_vmp_vampire_counts,Warherd of the Shadowgave,beastmen,wh_dlc03_sc_bst_beastmen,Special,True,Partial: guide evidence plus analytical prior; generic modifier matrix unmeasured,beastmen_0;kemmler_chaos;vampire_counts_0,"Non-Order pragmatic-alliance prior; not a numeric diplomatic guarantee Explicit bridge supports coordination with these races, not all Daemons. Beastmen permitted-faction membership and multiplayer exception unresolved; no qualification asserted","Generic numeric aversion, opening treaties, all faction/lord/technology modifiers and multiplayer runtime behavior are not exhaustively exported; classes are analytical, not verified team legality.",,Restricted treaty set; permitted-faction membership and teammate bypass are not enumerated by the guide; positive deals reduce Bestial Rage for five turns. Kemmler has +30 WoC/Beastmen/Norsca diplomacy and Chaos attrition immunity. Barrow Legion has +30 WoC/Beastmen/Norsca relations and faction Chaos-attrition immunity.,False,Extended requires shared atlas theater AND (at most six raster borders OR at most 75 world units); Treaty eligibility unresolved
wh2_dlc11_vmp_the_barrow_legion,wh_dlc05_wef_argwylon,wh3_main_combi_region_blackstone_post,wh3_main_combi_region_karak_norn,wh3_main_combi_province_northern_grey_mountains,wh3_main_combi_province_southern_grey_mountains,55.555341,primary human army world coordinates,73.128775,301.9510803222656,477.4832763671875,350.717529296875,450.8706970214844,wh3_main_combi_region_blackstone_post,wh3_main_combi_region_karak_norn,3,0.0,0.0,False,,3,False,False,,bretonnia <-> dwarf_empire,Regional,True,Within 100 units with neighboring provinces or at most four raster borders,land_raster_point,land_raster_point,,,Caravan/convoy links are context only; portal nodes lack general traversal eligibility; no shortcut inferred,Static human startup rules; later choices excluded. Maritime land anchors are descriptive; not movement routes. Secondary forces do not set primary distance.,False,The Barrow Legion,vampire_counts,wh_main_sc_vmp_vampire_counts,Argwylon,wood_elves,wh_dlc05_sc_wef_wood_elves,Conflict,False,Partial: guide evidence plus analytical prior; generic modifier matrix unmeasured,vampire_counts_0;wood_elves_0;wood_elves_1,Opposed surrounding diplomatic ecosystems prior Partner appears in single-player faction objective(s); not treated as a multiplayer forced-war lock,"Generic numeric aversion, opening treaties, all faction/lord/technology modifiers and multiplayer runtime behavior are not exhaustively exported; classes are analytical, not verified team legality.",wh2_dlc11_vmp_the_barrow_legion:short:001:DESTROY_FACTION;wh_dlc05_wef_argwylon:short:001:DESTROY_FACTION,Barrow Legion has +30 WoC/Beastmen/Norsca relations and faction Chaos-attrition immunity. Rebirth completion is global and one-time in co-op; Ariel is globally unique. Drycha can confederate only Argwylon; not a general ban on Wood Elf alliances.,False,Diplomatic Conflict: Opposed surrounding diplomatic ecosystems prior Partner appears in single-player faction objective(s); not treated as a multiplayer forced-war lock
wh2_dlc11_vmp_the_barrow_legion,wh_dlc05_wef_wood_elves,wh3_main_combi_region_blackstone_post,wh3_main_combi_region_castle_carcassonne,wh3_main_combi_province_northern_grey_mountains,wh3_main_combi_province_carcassonne,79.317077,primary human army world coordinates,91.444602,301.9510803222656,477.4832763671875,314.64371315612533,399.1883483968683,wh3_main_combi_region_blackstone_post,wh3_main_combi_region_castle_carcassonne,4,0.0,0.0,False,,4,False,False,cai_region_hint_area_bretonnia,bretonnia,Regional,True,Within 100 units with neighboring provinces or at most four raster borders,land_raster_point,land_raster_point,,,Caravan/convoy links are context only; portal nodes lack general traversal eligibility; no shortcut inferred,Static human startup rules; later choices excluded. Maritime land anchors are descriptive; not movement routes. Secondary forces do not set primary distance.,False,The Barrow Legion,vampire_counts,wh_main_sc_vmp_vampire_counts,Talsyn,wood_elves,wh_dlc05_sc_wef_wood_elves,Conflict,False,Partial: guide evidence plus analytical prior; generic modifier matrix unmeasured,vampire_counts_0;wood_elves_0;wood_elves_1,Opposed surrounding diplomatic ecosystems prior,"Generic numeric aversion, opening treaties, all faction/lord/technology modifiers and multiplayer runtime behavior are not exhaustively exported; classes are analytical, not verified team legality.",,Barrow Legion has +30 WoC/Beastmen/Norsca relations and faction Chaos-attrition immunity. Rebirth completion is global and one-time in co-op; Ariel is globally unique. Drycha can confederate only Argwylon; not a general ban on Wood Elf alliances.,False,Diplomatic Conflict: Opposed surrounding diplomatic ecosystems prior
wh2_dlc11_vmp_the_barrow_legion,wh_main_brt_bretonnia,wh3_main_combi_region_blackstone_post,wh3_main_combi_region_languille,wh3_main_combi_province_northern_grey_mountains,wh3_main_combi_province_marches_of_couronne,52.19789,primary human army world coordinates,50.421476,301.9510803222656,477.4832763671875,268.5494079589844,517.594970703125,wh3_main_combi_region_blackstone_post,wh3_main_combi_region_languille,3,0.0,0.0,False,,3,False,True,cai_region_hint_area_bretonnia,bretonnia,Regional,True,Within 100 units with neighboring provinces or at most four raster borders,land_raster_point,land_raster_point,,,Caravan/convoy links are context only; portal nodes lack general traversal eligibility; no shortcut inferred,Static human startup rules; later choices excluded. Maritime land anchors are descriptive; not movement routes. Secondary forces do not set primary distance.,False,The Barrow Legion,vampire_counts,wh_main_sc_vmp_vampire_counts,Couronne,bretonnia,wh_main_sc_brt_bretonnia,Conflict,False,Partial: guide evidence plus analytical prior; generic modifier matrix unmeasured,bretonnia_0;vampire_counts_0,Opposed surrounding diplomatic ecosystems prior,"Generic numeric aversion, opening treaties, all faction/lord/technology modifiers and multiplayer runtime behavior are not exhaustively exported; classes are analytical, not verified team legality.",,Human confederation cooldown exemption is not permission to absorb a human teammate. Barrow Legion has +30 WoC/Beastmen/Norsca relations and faction Chaos-attrition immunity.,False,Diplomatic Conflict: Opposed surrounding diplomatic ecosystems prior
wh2_dlc11_vmp_the_barrow_legion,wh_main_brt_carcassonne,wh3_main_combi_region_blackstone_post,wh3_main_combi_region_castle_carcassonne,wh3_main_combi_province_northern_grey_mountains,wh3_main_combi_province_carcassonne,77.664467,primary human army world coordinates,91.444602,301.9510803222656,477.4832763671875,297.27484130859375,399.959716796875,wh3_main_combi_region_blackstone_post,wh3_main_combi_region_castle_carcassonne,4,0.0,0.0,False,,4,False,False,cai_region_hint_area_bretonnia,bretonnia,Regional,True,Within 100 units with neighboring provinces or at most four raster borders,land_raster_point,land_raster_point,,,Caravan/convoy links are context only; portal nodes lack general traversal eligibility; no shortcut inferred,Static human startup rules; later choices excluded. Maritime land anchors are descriptive; not movement routes. Secondary forces do not set primary distance.,False,The Barrow Legion,vampire_counts,wh_main_sc_vmp_vampire_counts,Carcassonne,bretonnia,wh_main_sc_brt_bretonnia,Conflict,False,Partial: guide evidence plus analytical prior; generic modifier matrix unmeasured,bretonnia_0;vampire_counts_0,Opposed surrounding diplomatic ecosystems prior,"Generic numeric aversion, opening treaties, all faction/lord/technology modifiers and multiplayer runtime behavior are not exhaustively exported; classes are analytical, not verified team legality.",,Human confederation cooldown exemption is not permission to absorb a human teammate. Barrow Legion has +30 WoC/Beastmen/Norsca relations and faction Chaos-attrition immunity.,False,Diplomatic Conflict: Opposed surrounding diplomatic ecosystems prior
wh2_dlc11_vmp_the_barrow_legion,wh_main_dwf_karak_izor,wh3_main_combi_region_blackstone_post,wh3_main_combi_region_karak_bhufdar,wh3_main_combi_province_northern_grey_mountains,wh3_main_combi_province_the_vaults,116.447505,primary human army world coordinates,108.391159,301.9510803222656,477.4832763671875,347.3773498535156,370.26165771484375,wh3_main_combi_region_blackstone_post,wh3_main_combi_region_karak_bhufdar,5,0.0,0.0,False,,5,False,False,,bretonnia <-> dwarf_empire,Extended,False,Extended requires shared atlas theater AND (at most six raster borders OR at most 75 world units),land_raster_point,land_raster_point,,,Caravan/convoy links are context only; portal nodes lack general traversal eligibility; no shortcut inferred,Static human startup rules; later choices excluded. Maritime land anchors are descriptive; not movement routes. Secondary forces do not set primary distance.,False,The Barrow Legion,vampire_counts,wh_main_sc_vmp_vampire_counts,Clan Angrund,dwarfs,wh_main_sc_dwf_dwarfs,Conflict,False,Partial: guide evidence plus analytical prior; generic modifier matrix unmeasured,dwarfs_0;dwarfs_1;vampire_counts_0,Opposed surrounding diplomatic ecosystems prior,"Generic numeric aversion, opening treaties, all faction/lord/technology modifiers and multiplayer runtime behavior are not exhaustively exported; classes are analytical, not verified team legality.",,Grudge accumulation responds to hostile conduct; positive diplomacy reduces it. Different allied Dwarf owners can enable conditional Deeps trade/diplomacy benefits. Barrow Legion has +30 WoC/Beastmen/Norsca relations and faction Chaos-attrition immunity.,False,Extended requires shared atlas theater AND (at most six raster borders OR at most 75 world units); Diplomatic Conflict: Opposed surrounding diplomatic ecosystems prior
wh2_dlc11_vmp_the_barrow_legion,wh_main_emp_empire,wh3_main_combi_region_blackstone_post,wh3_main_combi_region_altdorf,wh3_main_combi_province_northern_grey_mountains,wh3_main_combi_province_reikland,50.600323,primary human army world coordinates,43.298514,301.9510803222656,477.4832763671875,350.717529296875,490.9823913574219,wh3_main_combi_region_blackstone_post,wh3_main_combi_region_altdorf,2,0.0,0.0,False,,2,False,True,,bretonnia <-> empire,Regional,True,Within 100 units with neighboring provinces or at most four raster borders,land_raster_point,land_raster_point,,ivory_road_combi,Caravan/convoy links are context only; portal nodes lack general traversal eligibility; no shortcut inferred,Static human startup rules; later choices excluded. Maritime land anchors are descriptive; not movement routes. Secondary forces do not set primary distance.,False,The Barrow Legion,vampire_counts,wh_main_sc_vmp_vampire_counts,Reikland,empire,wh_main_sc_emp_empire,Conflict,False,Partial: guide evidence plus analytical prior; generic modifier matrix unmeasured,empire_0;vampire_counts_0,Opposed surrounding diplomatic ecosystems prior Partner appears in single-player faction objective(s); not treated as a multiplayer forced-war lock,"Generic numeric aversion, opening treaties, all faction/lord/technology modifiers and multiplayer runtime behavior are not exhaustively exported; classes are analytical, not verified team legality.",wh2_dlc11_vmp_the_barrow_legion:long:004:DESTROY_FACTION;wh_main_emp_empire:short:001:DESTROY_FACTION,Reikland Elector politics replaces ordinary confederation/NAP paths; does not establish a general military-alliance ban. Barrow Legion has +30 WoC/Beastmen/Norsca relations and faction Chaos-attrition immunity.,False,Diplomatic Conflict: Opposed surrounding diplomatic ecosystems prior Partner appears in single-player faction objective(s); not treated as a multiplayer forced-war lock
wh2_dlc11_vmp_the_barrow_legion,wh_main_emp_wissenland,wh3_main_combi_region_blackstone_post,wh3_main_combi_region_nuln,wh3_main_combi_province_northern_grey_mountains,wh3_main_combi_province_wissenland,66.037378,primary human army world coordinates,65.374195,301.9510803222656,477.4832763671875,366.75030517578125,464.7555236816406,wh3_main_combi_region_blackstone_post,wh3_main_combi_region_nuln,4,0.0,0.0,False,,4,False,False,,bretonnia <-> empire,Regional,True,Within 100 units with neighboring provinces or at most four raster borders,land_raster_point,land_raster_point,,ivory_road_combi,Caravan/convoy links are context only; portal nodes lack general traversal eligibility; no shortcut inferred,Static human startup rules; later choices excluded. Maritime land anchors are descriptive; not movement routes. Secondary forces do not set primary distance.,False,The Barrow Legion,vampire_counts,wh_main_sc_vmp_vampire_counts,Wissenland & Nuln,empire,wh_main_sc_emp_empire,Conflict,False,Partial: guide evidence plus analytical prior; generic modifier matrix unmeasured,empire_0;vampire_counts_0,Opposed surrounding diplomatic ecosystems prior,"Generic numeric aversion, opening treaties, all faction/lord/technology modifiers and multiplayer runtime behavior are not exhaustively exported; classes are analytical, not verified team legality.",,Reikland Elector politics replaces ordinary confederation/NAP paths; does not establish a general military-alliance ban. Barrow Legion has +30 WoC/Beastmen/Norsca relations and faction Chaos-attrition immunity.,False,Diplomatic Conflict: Opposed surrounding diplomatic ecosystems prior
wh2_dlc12_lzd_cult_of_sotek,wh2_main_skv_clan_pestilens,wh3_main_combi_region_kaiax,wh3_main_combi_region_oyxl,wh3_main_combi_province_the_night_forest_road,wh3_main_combi_province_the_lost_valley,45.953714,primary human army world coordinates,46.028216,141.62307739257812,86.3943862915039,124.9222412109375,129.20590209960938,wh3_main_combi_region_kaiax,wh3_main_combi_region_oyxl,2,0.0,0.0,False,,2,False,True,cai_region_hint_area_lustria,lustria,Regional,True,Within 100 units with neighboring provinces or at most four raster borders,land_raster_point,land_raster_point,,,Caravan/convoy links are context only; portal nodes lack general traversal eligibility; no shortcut inferred,Static human startup rules; later choices excluded. Maritime land anchors are descriptive; not movement routes. Secondary forces do not set primary distance.,False,Cult of Sotek,lizardmen,wh2_main_sc_lzd_lizardmen,Clan Pestilens,skaven,wh2_main_sc_skv_skaven,Conflict,False,Partial: guide evidence plus analytical prior; generic modifier matrix unmeasured,lizardmen_0;skaven_0,Opposed surrounding diplomatic ecosystems prior Partner appears in single-player faction objective(s); not treated as a multiplayer forced-war lock,"Generic numeric aversion, opening treaties, all faction/lord/technology modifiers and multiplayer runtime behavior are not exhaustively exported; classes are analytical, not verified team legality.",wh2_dlc12_lzd_cult_of_sotek:short:001:DESTROY_FACTION,Allied province capitals support the Geomantic Web; Nakai and Oxyotl use documented variants. Vermintide war declaration explicitly excludes teammates; this is not blanket protection against all Under-City damage.,False,Diplomatic Conflict: Opposed surrounding diplomatic ecosystems prior Partner appears in single-player faction objective(s); not treated as a multiplayer forced-war lock
wh2_dlc13_emp_golden_order,wh2_main_skv_clan_eshin,wh3_main_combi_region_temple_of_elemental_winds,wh3_main_combi_region_village_of_the_moon,wh3_main_combi_province_broken_lands_of_tian_li,wh3_main_combi_province_forests_of_the_moon,96.505555,primary human army world coordinates,95.334707,759.553955078125,348.2773742675781,822.3490600585938,421.5583190917969,wh3_main_combi_region_temple_of_elemental_winds,wh3_main_combi_region_village_of_the_moon,5,0.0,0.0,False,,5,False,False,cai_region_hint_area_cathay,cathay,Extended,True,Shared atlas theater and either at most six raster borders or at most 75 world units,land_raster_point,land_raster_point,,,Caravan/convoy links are context only; portal nodes lack general traversal eligibility; no shortcut inferred,Static human startup rules; later choices excluded. Maritime land anchors are descriptive; not movement routes. Secondary forces do not set primary distance.,False,The Golden Order,empire,wh_main_sc_emp_empire,Clan Eshin,skaven,wh2_main_sc_skv_skaven,Conflict,False,Partial: guide evidence plus analytical prior; generic modifier matrix unmeasured,empire_0;skaven_0,Opposed surrounding diplomatic ecosystems prior,"Generic numeric aversion, opening treaties, all faction/lord/technology modifiers and multiplayer runtime behavior are not exhaustively exported; classes are analytical, not verified team legality.",,Reikland Elector politics replaces ordinary confederation/NAP paths; does not establish a general military-alliance ban. Vermintide war declaration explicitly excludes teammates; this is not blanket protection against all Under-City damage.,False,Diplomatic Conflict: Opposed surrounding diplomatic ecosystems prior
wh2_dlc13_emp_golden_order,wh3_dlc23_chd_legion_of_azgorh,wh3_main_combi_region_temple_of_elemental_winds,wh3_main_combi_region_black_fortress,wh3_main_combi_province_broken_lands_of_tian_li,wh3_main_combi_province_the_howling_wastes,130.267127,primary human army world coordinates,146.483767,759.553955078125,348.2773742675781,632.6275634765625,377.5897521972656,wh3_main_combi_region_temple_of_elemental_winds,wh3_main_combi_region_black_fortress,6,0.0,0.0,False,,6,False,False,,cathay <-> darklands,Extended,False,Extended requires shared atlas theater AND (at most six raster borders OR at most 75 world units),land_raster_point,land_raster_point,,irory_road_bhashiva;ivory_road_combi,Caravan/convoy links are context only; portal nodes lack general traversal eligibility; no shortcut inferred,Static human startup rules; later choices excluded. Maritime land anchors are descriptive; not movement routes. Secondary forces do not set primary distance.,False,The Golden Order,empire,wh_main_sc_emp_empire,The Legion of Azgorh,chaos_dwarfs,wh3_dlc23_sc_chd_chaos_dwarfs,Conflict,False,Partial: guide evidence plus analytical prior; generic modifier matrix unmeasured,chaos_dwarfs_0;empire_0,Opposed surrounding diplomatic ecosystems prior,"Generic numeric aversion, opening treaties, all faction/lord/technology modifiers and multiplayer runtime behavior are not exhaustively exported; classes are analytical, not verified team legality.",,Tower-seat usurpation causes a five-turn diplomatic penalty; coordinate seat claims. Reikland Elector politics replaces ordinary confederation/NAP paths; does not establish a general military-alliance ban.,False,Extended requires shared atlas theater AND (at most six raster borders OR at most 75 world units); Diplomatic Conflict: Opposed surrounding diplomatic ecosystems prior
wh2_dlc13_emp_golden_order,wh3_main_vmp_caravan_of_blue_roses,wh3_main_combi_region_temple_of_elemental_winds,wh3_main_combi_region_gnobbly_gorge,wh3_main_combi_province_broken_lands_of_tian_li,wh3_main_combi_province_gnoblar_country,56.752706,primary human army world coordinates,58.551305,759.553955078125,348.2773742675781,703.4391479492188,339.7922058105469,wh3_main_combi_region_temple_of_elemental_winds,wh3_main_combi_region_gnobbly_gorge,1,0.0,0.0,False,,1,False,True,,cathay <-> mountains_of_mourn,Immediate,True,Same province or adjacent starts within 100 world units,land_raster_point,land_raster_point,,,Caravan/convoy links are context only; portal nodes lack general traversal eligibility; no shortcut inferred,Static human startup rules; later choices excluded. Maritime land anchors are descriptive; not movement routes. Secondary forces do not set primary distance.,False,The Golden Order,empire,wh_main_sc_emp_empire,Caravan of Blue Roses,vampire_counts,wh_main_sc_vmp_vampire_counts,Conflict,False,Partial: guide evidence plus analytical prior; generic modifier matrix unmeasured,empire_0;vampire_counts_0,Opposed surrounding diplomatic ecosystems prior,"Generic numeric aversion, opening treaties, all faction/lord/technology modifiers and multiplayer runtime behavior are not exhaustively exported; classes are analytical, not verified team legality.",,Reikland Elector politics replaces ordinary confederation/NAP paths; does not establish a general military-alliance ban. Barrow Legion has +30 WoC/Beastmen/Norsca relations and faction Chaos-attrition immunity.,False,Diplomatic Conflict: Opposed surrounding diplomatic ecosystems prior
wh2_dlc13_emp_the_huntmarshals_expedition,wh2_main_lzd_hexoatl,wh3_main_combi_region_temple_of_kara,wh3_main_combi_region_hexoatl,wh3_main_combi_province_the_creeping_jungle,wh3_main_combi_province_isthmus_of_lustria,112.610691,primary human army world coordinates,107.457753,86.17630004882812,278.8533020019531,38.07789993286133,380.6752624511719,wh3_main_combi_region_temple_of_kara,wh3_main_combi_region_hexoatl,,0.0,0.0,False,,,False,False,cai_region_hint_area_lustria,lustria,Extended,False,Extended requires shared atlas theater AND (at most six raster borders OR at most 75 world units),land_raster_point,land_raster_point,,,Caravan/convoy links are context only; portal nodes lack general traversal eligibility; no shortcut inferred,Static human startup rules; later choices excluded. Maritime land anchors are descriptive; not movement routes. Secondary forces do not set primary distance.,True,The Huntsmarshal's Expedition,empire,wh_main_sc_emp_empire,Hexoatl,lizardmen,wh2_main_sc_lzd_lizardmen,Special,False,Partial: guide evidence plus analytical prior; generic modifier matrix unmeasured,empire_0;huntsmarshal_lizards;lizardmen_0,Order-adjacent but distinct territorial/diplomatic ecosystem prior Team exception permits pairing; surrounding Lizardmen diplomacy and Hostility still need coordination. Partner appears in single-player faction objective(s); not treated as a multiplayer forced-war lock,"Generic numeric aversion, opening treaties, all faction/lord/technology modifiers and multiplayer runtime behavior are not exhaustively exported; classes are analytical, not verified team legality.",wh2_dlc13_emp_the_huntmarshals_expedition:short:002:DESTROY_FACTION,"Reikland Elector politics replaces ordinary confederation/NAP paths; does not establish a general military-alliance ban. Lizardmen diplomacy disabled except payments/war/peace, with explicit teammate exception. Allied province capitals support the Geomantic Web; Nakai and Oxyotl use documented variants.",False,Extended requires shared atlas theater AND (at most six raster borders OR at most 75 world units)
wh2_dlc13_emp_the_huntmarshals_expedition,wh2_twa03_def_rakarth,wh3_main_combi_region_temple_of_kara,wh3_main_combi_region_great_turtle_isle,wh3_main_combi_province_the_creeping_jungle,wh3_main_combi_province_the_turtle_isles,97.426036,primary human army world coordinates,111.807031,86.17630004882812,278.8533020019531,24.717233657836914,203.2582244873047,wh3_main_combi_region_temple_of_kara,wh3_main_combi_region_great_turtle_isle,,0.0,0.0,False,,,False,False,cai_region_hint_area_lustria,lustria,Extended,False,Extended requires shared atlas theater AND (at most six raster borders OR at most 75 world units),land_raster_point,land_raster_point,,,Caravan/convoy links are context only; portal nodes lack general traversal eligibility; no shortcut inferred,Static human startup rules; later choices excluded. Maritime land anchors are descriptive; not movement routes. Secondary forces do not set primary distance.,True,The Huntsmarshal's Expedition,empire,wh_main_sc_emp_empire,The Thousand Maws,dark_elves,wh2_main_sc_def_dark_elves,Conflict,False,Partial: guide evidence plus analytical prior; generic modifier matrix unmeasured,dark_elves_0;dark_elves_1;empire_0,Opposed surrounding diplomatic ecosystems prior,"Generic numeric aversion, opening treaties, all faction/lord/technology modifiers and multiplayer runtime behavior are not exhaustively exported; classes are analytical, not verified team legality.",,Har Ganeth Blood Voyage is a forced vassal targeting occupied Ulthuan settlements; not a general alliance ban. Hag Graef gains conditional +25/+50 daemon relations at high possession; not a permanent faction-wide alliance guarantee. Reikland Elector politics replaces ordinary confederation/NAP paths; does not establish a general military-alliance ban.,False,Extended requires shared atlas theater AND (at most six raster borders OR at most 75 world units); Diplomatic Conflict: Opposed surrounding diplomatic ecosystems prior
wh2_dlc13_emp_the_huntmarshals_expedition,wh3_dlc26_kho_skulltaker,wh3_main_combi_region_temple_of_kara,wh3_main_combi_region_hualotal,wh3_main_combi_province_the_creeping_jungle,wh3_main_combi_province_the_gwangee_valley,45.628826,primary human army world coordinates,50.270945,86.17630004882812,278.8533020019531,71.47956848144531,235.6561279296875,wh3_main_combi_region_temple_of_kara,wh3_main_combi_region_hualotal,2,0.0,0.0,False,,2,False,True,cai_region_hint_area_lustria,lustria,Regional,True,Within 100 units with neighboring provinces or at most four raster borders,land_raster_point,land_raster_point,,,Caravan/convoy links are context only; portal nodes lack general traversal eligibility; no shortcut inferred,Static human startup rules; later choices excluded. Maritime land anchors are descriptive; not movement routes. Secondary forces do not set primary distance.,False,The Huntsmarshal's Expedition,empire,wh_main_sc_emp_empire,Blooded Wanderers,khorne,wh3_main_sc_kho_khorne,Conflict,False,Partial: guide evidence plus analytical prior; generic modifier matrix unmeasured,empire_0;khorne_0,Opposed surrounding diplomatic ecosystems prior,"Generic numeric aversion, opening treaties, all faction/lord/technology modifiers and multiplayer runtime behavior are not exhaustively exported; classes are analytical, not verified team legality.",,Reikland Elector politics replaces ordinary confederation/NAP paths; does not establish a general military-alliance ban. No bespoke diplomacy override established; absence does not imply zero generic aversion.,False,Diplomatic Conflict: Opposed surrounding diplomatic ecosystems prior
wh2_dlc13_emp_the_huntmarshals_expedition,wh3_dlc27_sla_masque_of_slaanesh,wh3_main_combi_region_temple_of_kara,wh3_main_combi_region_pillars_of_unseen_constellations,wh3_main_combi_province_the_creeping_jungle,wh3_main_combi_province_jungles_of_green_mist,52.787304,primary human army world coordinates,56.760656,86.17630004882812,278.8533020019531,45.42626953125,245.29835510253906,wh3_main_combi_region_temple_of_kara,wh3_main_combi_region_pillars_of_unseen_constellations,2,0.0,0.0,False,,2,False,True,cai_region_hint_area_lustria,lustria,Regional,True,Within 100 units with neighboring provinces or at most four raster borders,land_raster_point,land_raster_point,,,Caravan/convoy links are context only; portal nodes lack general traversal eligibility; no shortcut inferred,Static human startup rules; later choices excluded. Maritime land anchors are descriptive; not movement routes. Secondary forces do not set primary distance.,False,The Huntsmarshal's Expedition,empire,wh_main_sc_emp_empire,The Accursed Troupe,slaanesh,wh3_main_sc_sla_slaanesh,Conflict,False,Partial: guide evidence plus analytical prior; generic modifier matrix unmeasured,empire_0;slaanesh_0,Opposed surrounding diplomatic ecosystems prior Partner appears in single-player faction objective(s); not treated as a multiplayer forced-war lock,"Generic numeric aversion, opening treaties, all faction/lord/technology modifiers and multiplayer runtime behavior are not exhaustively exported; classes are analytical, not verified team legality.",wh3_dlc27_sla_masque_of_slaanesh:short:001:DESTROY_FACTION,Reikland Elector politics replaces ordinary confederation/NAP paths; does not establish a general military-alliance ban. N'Kari forced seduction cannot target humans; this does not make third-party vassal diplomacy harmless.,False,Diplomatic Conflict: Opposed surrounding diplomatic ecosystems prior Partner appears in single-player faction objective(s); not treated as a multiplayer forced-war lock
wh2_dlc13_emp_the_huntmarshals_expedition,wh_dlc08_nor_norsca,wh3_main_combi_region_temple_of_kara,,wh3_main_combi_province_the_creeping_jungle,,87.111146,primary human army world coordinates,,86.17630004882812,278.8533020019531,102.2091064453125,364.476318359375,wh3_main_combi_region_temple_of_kara,wh3_main_combi_region_monument_of_the_moon,,0.0,11.270968380829387,True,,,False,False,cai_region_hint_area_lustria,lustria,Extended,False,"Extended requires shared atlas theater AND (at most six raster borders OR at most 75 world units); topology/theaters use descriptive coastal anchors, not a verified sea route",land_raster_point,maritime_point_no_distinct_region,,,Caravan/convoy links are context only; portal nodes lack general traversal eligibility; no shortcut inferred,Static human startup rules; later choices excluded. Maritime land anchors are descriptive; not movement routes. Secondary forces do not set primary distance.,True,The Huntsmarshal's Expedition,empire,wh_main_sc_emp_empire,World Walkers,norsca,wh_dlc08_sc_nor_norsca,Conflict,False,Partial: guide evidence plus analytical prior; generic modifier matrix unmeasured,empire_0;norsca_0,Opposed surrounding diplomatic ecosystems prior,"Generic numeric aversion, opening treaties, all faction/lord/technology modifiers and multiplayer runtime behavior are not exhaustively exported; classes are analytical, not verified team legality.",,Reikland Elector politics replaces ordinary confederation/NAP paths; does not establish a general military-alliance ban. Leader-defeat tribal confederation is not an ordinary alliance restriction; human-target applicability is not proven here.,False,"Extended requires shared atlas theater AND (at most six raster borders OR at most 75 world units); topology/theaters use descriptive coastal anchors, not a verified sea route; Diplomatic Conflict: Opposed surrounding diplomatic ecosystems prior"
wh2_dlc13_lzd_spirits_of_the_jungle,wh2_main_skv_clan_eshin,wh3_main_combi_region_tower_of_ashung,wh3_main_combi_region_village_of_the_moon,wh3_main_combi_province_serpent_estuary,wh3_main_combi_province_forests_of_the_moon,147.22421,primary human army world coordinates,151.105615,876.4597778320312,284.6386413574219,822.3490600585938,421.5583190917969,wh3_main_combi_region_tower_of_ashung,wh3_main_combi_region_village_of_the_moon,8,0.0,0.0,False,,8,False,False,cai_region_hint_area_cathay,cathay,Extended,False,Extended requires shared atlas theater AND (at most six raster borders OR at most 75 world units),land_raster_point,land_raster_point,,,Caravan/convoy links are context only; portal nodes lack general traversal eligibility; no shortcut inferred,Static human startup rules; later choices excluded. Maritime land anchors are descriptive; not movement routes. Secondary forces do not set primary distance.,False,Spirit of the Jungle,lizardmen,wh2_main_sc_lzd_lizardmen,Clan Eshin,skaven,wh2_main_sc_skv_skaven,Conflict,False,Partial: guide evidence plus analytical prior; generic modifier matrix unmeasured,lizardmen_0;nakai_vassal;skaven_0,Opposed surrounding diplomatic ecosystems prior Coordinate settlement gifting; no general anti-co-op restriction inferred. Partner appears in single-player faction objective(s); not treated as a multiplayer forced-war lock,"Generic numeric aversion, opening treaties, all faction/lord/technology modifiers and multiplayer runtime behavior are not exhaustively exported; classes are analytical, not verified team legality.",wh2_dlc13_lzd_spirits_of_the_jungle:long:003:DESTROY_FACTION,Allied province capitals support the Geomantic Web; Nakai and Oxyotl use documented variants. Defenders forced vassal has locked war/peace and cannot break from Nakai. Vermintide war declaration explicitly excludes teammates; this is not blanket protection against all Under-City damage.,False,Extended requires shared atlas theater AND (at most six raster borders OR at most 75 world units); Diplomatic Conflict: Opposed surrounding diplomatic ecosystems prior Coordinate settlement gifting; no general anti-co-op restriction inferred. Partner appears in single-player faction objective(s); not treated as a multiplayer forced-war lock
wh2_dlc13_lzd_spirits_of_the_jungle,wh3_dlc27_sla_the_tormentors,wh3_main_combi_region_tower_of_ashung,wh3_main_combi_region_hidden_landing,wh3_main_combi_province_serpent_estuary,wh3_main_combi_province_cathayan_hinterlands,39.02137,primary human army world coordinates,39.061517,876.4597778320312,284.6386413574219,899.8409423828125,253.3978271484375,wh3_main_combi_region_tower_of_ashung,wh3_main_combi_region_hidden_landing,1,0.0,0.0,False,,1,False,True,cai_region_hint_area_cathay,cathay,Immediate,True,Same province or adjacent starts within 100 world units,land_raster_point,land_raster_point,,,Caravan/convoy links are context only; portal nodes lack general traversal eligibility; no shortcut inferred,Static human startup rules; later choices excluded. Maritime land anchors are descriptive; not movement routes. Secondary forces do not set primary distance.,False,Spirit of the Jungle,lizardmen,wh2_main_sc_lzd_lizardmen,The Tormentors,slaanesh,wh3_main_sc_sla_slaanesh,Conflict,False,Partial: guide evidence plus analytical prior; generic modifier matrix unmeasured,lizardmen_0;nakai_vassal;slaanesh_0,Opposed surrounding diplomatic ecosystems prior Coordinate settlement gifting; no general anti-co-op restriction inferred.,"Generic numeric aversion, opening treaties, all faction/lord/technology modifiers and multiplayer runtime behavior are not exhaustively exported; classes are analytical, not verified team legality.",,Allied province capitals support the Geomantic Web; Nakai and Oxyotl use documented variants. Defenders forced vassal has locked war/peace and cannot break from Nakai. N'Kari forced seduction cannot target humans; this does not make third-party vassal diplomacy harmless.,False,Diplomatic Conflict: Opposed surrounding diplomatic ecosystems prior Coordinate settlement gifting; no general anti-co-op restriction inferred.
wh2_dlc14_brt_chevaliers_de_lyonesse,wh2_dlc17_bst_malagor,wh3_main_combi_region_copher,wh3_main_combi_region_sunken_khernarch,wh3_main_combi_province_coast_of_araby,wh3_main_combi_province_marshes_of_madness,114.007558,primary human army world coordinates,118.882352,325.3322448730469,258.7974548339844,437.5618591308594,278.8533020019531,wh3_main_combi_region_copher,wh3_main_combi_region_sunken_khernarch,5,0.0,0.0,False,,5,False,False,,badlands <-> southlands,Extended,False,Extended requires shared atlas theater AND (at most six raster borders OR at most 75 world units),land_raster_point,land_raster_point,,,Caravan/convoy links are context only; portal nodes lack general traversal eligibility; no shortcut inferred,Static human startup rules; later choices excluded. Maritime land anchors are descriptive; not movement routes. Secondary forces do not set primary distance.,False,Chevaliers de Lyonesse,bretonnia,wh_main_sc_brt_bretonnia,Harbinger of Disaster,beastmen,wh_dlc03_sc_bst_beastmen,Conflict,True,Partial: guide evidence plus analytical prior; generic modifier matrix unmeasured,beastmen_0;bretonnia_0,Opposed surrounding diplomatic ecosystems prior Beastmen permitted-faction membership and multiplayer exception unresolved; no qualification asserted,"Generic numeric aversion, opening treaties, all faction/lord/technology modifiers and multiplayer runtime behavior are not exhaustively exported; classes are analytical, not verified team legality.",,Restricted treaty set; permitted-faction membership and teammate bypass are not enumerated by the guide; positive deals reduce Bestial Rage for five turns. Human confederation cooldown exemption is not permission to absorb a human teammate.,False,Extended requires shared atlas theater AND (at most six raster borders OR at most 75 world units); Diplomatic Conflict: Opposed surrounding diplomatic ecosystems prior Beastmen permitted-faction membership and multiplayer exception unresolved; no qualification asserted; Treaty eligibility unresolved
wh2_dlc14_brt_chevaliers_de_lyonesse,wh2_main_hef_yvresse,wh3_main_combi_region_copher,,wh3_main_combi_province_coast_of_araby,,79.907524,primary human army world coordinates,,325.3322448730469,258.7974548339844,382.7831160052225,314.33671878593975,wh3_main_combi_region_copher,wh3_main_combi_region_gronti_mingol,6,0.0,3.1964670744364443,True,,,False,False,,badlands <-> southlands,Extended,False,"Extended requires shared atlas theater AND (at most six raster borders OR at most 75 world units); topology/theaters use descriptive coastal anchors, not a verified sea route",land_raster_point,maritime_point_no_distinct_region,,,Caravan/convoy links are context only; portal nodes lack general traversal eligibility; no shortcut inferred,Static human startup rules; later choices excluded. Maritime land anchors are descriptive; not movement routes. Secondary forces do not set primary distance.,True,Chevaliers de Lyonesse,bretonnia,wh_main_sc_brt_bretonnia,Yvresse,high_elves,wh2_main_sc_hef_high_elves,Clean,False,Partial: guide evidence plus analytical prior; generic modifier matrix unmeasured,bretonnia_0;high_elves_0,Compatible Order ecosystem prior,"Generic numeric aversion, opening treaties, all faction/lord/technology modifiers and multiplayer runtime behavior are not exhaustively exported; classes are analytical, not verified team legality.",,Human confederation cooldown exemption is not permission to absorb a human teammate. Eataine can unlock Champion actions through alliances with other legendary High Elf factions.,False,"Extended requires shared atlas theater AND (at most six raster borders OR at most 75 world units); topology/theaters use descriptive coastal anchors, not a verified sea route"
wh2_dlc14_brt_chevaliers_de_lyonesse,wh2_main_lzd_tlaqua,wh3_main_combi_region_copher,wh3_main_combi_region_deaths_head_monoliths,wh3_main_combi_province_coast_of_araby,wh3_main_combi_province_western_jungles,99.993959,primary human army world coordinates,100.178588,325.3322448730469,258.7974548339844,345.3732604980469,160.83241271972656,wh3_main_combi_region_copher,wh3_main_combi_region_deaths_head_monoliths,7,0.0,0.0,False,,7,False,False,cai_region_hint_area_southlands,southlands,Extended,False,Extended requires shared atlas theater AND (at most six raster borders OR at most 75 world units),land_raster_point,land_raster_point,,,Caravan/convoy links are context only; portal nodes lack general traversal eligibility; no shortcut inferred,Static human startup rules; later choices excluded. Maritime land anchors are descriptive; not movement routes. Secondary forces do not set primary distance.,False,Chevaliers de Lyonesse,bretonnia,wh_main_sc_brt_bretonnia,Tlaqua,lizardmen,wh2_main_sc_lzd_lizardmen,Workable,False,Partial: guide evidence plus analytical prior; generic modifier matrix unmeasured,bretonnia_0;lizardmen_0,Order-adjacent but distinct territorial/diplomatic ecosystem prior,"Generic numeric aversion, opening treaties, all faction/lord/technology modifiers and multiplayer runtime behavior are not exhaustively exported; classes are analytical, not verified team legality.",,Human confederation cooldown exemption is not permission to absorb a human teammate. Allied province capitals support the Geomantic Web; Nakai and Oxyotl use documented variants.,False,Extended requires shared atlas theater AND (at most six raster borders OR at most 75 world units)
wh2_dlc14_brt_chevaliers_de_lyonesse,wh3_main_kho_exiles_of_khorne,wh3_main_combi_region_copher,wh3_main_combi_region_agrul_migdhal,wh3_main_combi_province_coast_of_araby,wh3_main_combi_province_barrier_idols,126.470784,primary human army world coordinates,119.106941,325.3322448730469,258.7974548339844,451.5905456542969,251.46937561035156,wh3_main_combi_region_copher,wh3_main_combi_region_agrul_migdhal,4,0.0,0.0,False,,4,False,False,,badlands <-> southlands,Extended,False,Extended requires shared atlas theater AND (at most six raster borders OR at most 75 world units),land_raster_point,land_raster_point,,,Caravan/convoy links are context only; portal nodes lack general traversal eligibility; no shortcut inferred,Static human startup rules; later choices excluded. Maritime land anchors are descriptive; not movement routes. Secondary forces do not set primary distance.,False,Chevaliers de Lyonesse,bretonnia,wh_main_sc_brt_bretonnia,Exiles of Khorne,khorne,wh3_main_sc_kho_khorne,Conflict,False,Partial: guide evidence plus analytical prior; generic modifier matrix unmeasured,bretonnia_0;khorne_0,Opposed surrounding diplomatic ecosystems prior,"Generic numeric aversion, opening treaties, all faction/lord/technology modifiers and multiplayer runtime behavior are not exhaustively exported; classes are analytical, not verified team legality.",,Human confederation cooldown exemption is not permission to absorb a human teammate. No bespoke diplomacy override established; absence does not imply zero generic aversion.,False,Extended requires shared atlas theater AND (at most six raster borders OR at most 75 world units); Diplomatic Conflict: Opposed surrounding diplomatic ecosystems prior
wh2_dlc14_brt_chevaliers_de_lyonesse,wh_main_vmp_vampire_counts,wh3_main_combi_region_copher,wh3_main_combi_region_ka_sabar,wh3_main_combi_province_coast_of_araby,wh3_main_combi_province_shifting_sands,112.993126,primary human army world coordinates,134.664826,325.3322448730469,258.7974548339844,414.1806945800781,188.9877166748047,wh3_main_combi_region_copher,wh3_main_combi_region_ka_sabar,6,0.0,0.0,False,,6,False,False,cai_region_hint_area_southlands,southlands,Extended,True,Shared atlas theater and either at most six raster borders or at most 75 world units,land_raster_point,land_raster_point,,,Caravan/convoy links are context only; portal nodes lack general traversal eligibility; no shortcut inferred,Static human startup rules; later choices excluded. Maritime land anchors are descriptive; not movement routes. Secondary forces do not set primary distance.,False,Chevaliers de Lyonesse,bretonnia,wh_main_sc_brt_bretonnia,The Drakenhof Conclave,vampire_counts,wh_main_sc_vmp_vampire_counts,Conflict,False,Partial: guide evidence plus analytical prior; generic modifier matrix unmeasured,bretonnia_0;repanse_undead;vampire_counts_0,Opposed surrounding diplomatic ecosystems prior Structural anti-undead ecosystem overrides a neutral Tomb King baseline. Partner appears in single-player faction objective(s); not treated as a multiplayer forced-war lock,"Generic numeric aversion, opening treaties, all faction/lord/technology modifiers and multiplayer runtime behavior are not exhaustively exported; classes are analytical, not verified team legality.",wh2_dlc14_brt_chevaliers_de_lyonesse:short:001:DESTROY_FACTION;wh_main_vmp_vampire_counts:short:001:DESTROY_FACTION,Human confederation cooldown exemption is not permission to absorb a human teammate. Repanse has -80 relations with all three undead races. Barrow Legion has +30 WoC/Beastmen/Norsca relations and faction Chaos-attrition immunity.,False,Diplomatic Conflict: Opposed surrounding diplomatic ecosystems prior Structural anti-undead ecosystem overrides a neutral Tomb King baseline. Partner appears in single-player faction objective(s); not treated as a multiplayer forced-war lock
wh2_dlc15_grn_bonerattlaz,wh2_dlc16_wef_drycha,wh3_main_combi_region_khazid_irkulaz,wh3_main_combi_region_gryphon_wood,wh3_main_combi_province_northern_worlds_edge_mountains,wh3_main_combi_province_gryphon_wood,85.789604,primary human army world coordinates,81.103269,529.7504272460938,534.1795654296875,444.91021728515625,521.4518432617188,wh3_main_combi_region_khazid_irkulaz,wh3_main_combi_region_gryphon_wood,4,0.0,0.0,False,,4,False,False,,dwarf_empire <-> empire,Regional,True,Within 100 units with neighboring provinces or at most four raster borders,land_raster_point,land_raster_point,,,Caravan/convoy links are context only; portal nodes lack general traversal eligibility; no shortcut inferred,Static human startup rules; later choices excluded. Maritime land anchors are descriptive; not movement routes. Secondary forces do not set primary distance.,False,Bonerattlaz,greenskins,wh_main_sc_grn_greenskins,Wargrove of Woe,wood_elves,wh_dlc05_sc_wef_wood_elves,Conflict,False,Partial: guide evidence plus analytical prior; generic modifier matrix unmeasured,greenskins_0;wood_elves_0;wood_elves_1,Opposed surrounding diplomatic ecosystems prior,"Generic numeric aversion, opening treaties, all faction/lord/technology modifiers and multiplayer runtime behavior are not exhaustively exported; classes are analytical, not verified team legality.",,Leader-defeat confederation requires an AI loser; it cannot consume the human teammate. Rebirth completion is global and one-time in co-op; Ariel is globally unique. Drycha can confederate only Argwylon; not a general ban on Wood Elf alliances.,False,Diplomatic Conflict: Opposed surrounding diplomatic ecosystems prior
wh2_dlc15_grn_bonerattlaz,wh2_main_skv_clan_moulder,wh3_main_combi_region_khazid_irkulaz,wh3_main_combi_region_hell_pit,wh3_main_combi_province_northern_worlds_edge_mountains,wh3_main_combi_province_black_blood_pass,111.706139,primary human army world coordinates,115.442354,529.7504272460938,534.1795654296875,458.9389343261719,620.573974609375,wh3_main_combi_region_khazid_irkulaz,wh3_main_combi_region_hell_pit,4,0.0,0.0,False,,4,False,False,,dwarf_empire <-> kislev,Extended,False,Extended requires shared atlas theater AND (at most six raster borders OR at most 75 world units),land_raster_point,land_raster_point,,,Caravan/convoy links are context only; portal nodes lack general traversal eligibility; no shortcut inferred,Static human startup rules; later choices excluded. Maritime land anchors are descriptive; not movement routes. Secondary forces do not set primary distance.,False,Bonerattlaz,greenskins,wh_main_sc_grn_greenskins,Clan Moulder,skaven,wh2_main_sc_skv_skaven,Workable,False,Partial: guide evidence plus analytical prior; generic modifier matrix unmeasured,greenskins_0;skaven_0,Non-Order pragmatic-alliance prior; not a numeric diplomatic guarantee,"Generic numeric aversion, opening treaties, all faction/lord/technology modifiers and multiplayer runtime behavior are not exhaustively exported; classes are analytical, not verified team legality.",,Leader-defeat confederation requires an AI loser; it cannot consume the human teammate. Vermintide war declaration explicitly excludes teammates; this is not blanket protection against all Under-City damage.,False,Extended requires shared atlas theater AND (at most six raster borders OR at most 75 world units)
wh2_dlc15_grn_bonerattlaz,wh3_dlc20_chs_festus,wh3_main_combi_region_khazid_irkulaz,wh3_main_combi_region_hergig,wh3_main_combi_province_northern_worlds_edge_mountains,wh3_main_combi_province_hochland,137.029889,primary human army world coordinates,127.83856,529.7504272460938,534.1795654296875,394.1396789550781,553.8497314453125,wh3_main_combi_region_khazid_irkulaz,wh3_main_combi_region_hergig,5,0.0,0.0,False,,5,False,False,,dwarf_empire <-> empire,Extended,False,Extended requires shared atlas theater AND (at most six raster borders OR at most 75 world units),land_raster_point,land_raster_point,,irory_road_bhashiva;ivory_road_combi,Caravan/convoy links are context only; portal nodes lack general traversal eligibility; no shortcut inferred,Static human startup rules; later choices excluded. Maritime land anchors are descriptive; not movement routes. Secondary forces do not set primary distance.,False,Bonerattlaz,greenskins,wh_main_sc_grn_greenskins,The Fecundites,warriors_of_chaos,wh_main_sc_chs_chaos,Workable,False,Partial: guide evidence plus analytical prior; generic modifier matrix unmeasured,greenskins_0;warriors_of_chaos_0;warriors_of_chaos_1,Non-Order pragmatic-alliance prior; not a numeric diplomatic guarantee,"Generic numeric aversion, opening treaties, all faction/lord/technology modifiers and multiplayer runtime behavior are not exhaustively exported; classes are analytical, not verified team legality.",,Leader-defeat confederation requires an AI loser; it cannot consume the human teammate. Homeland vassalization is faction/settlement-specific and does not guarantee revival. Only Archaon/Be'lakor have the final-settlement forced WoC confederation route; other WoC do not.,False,Extended requires shared atlas theater AND (at most six raster borders OR at most 75 world units)
wh2_dlc15_grn_bonerattlaz,wh3_dlc24_tze_the_deceivers,wh3_main_combi_region_khazid_irkulaz,wh3_main_combi_region_niedling,wh3_main_combi_province_northern_worlds_edge_mountains,wh3_main_combi_province_stirland,113.874336,primary human army world coordinates,95.637286,529.7504272460938,534.1795654296875,424.8692321777344,489.8253173828125,wh3_main_combi_region_khazid_irkulaz,wh3_main_combi_region_niedling,4,0.0,0.0,False,,4,False,False,,dwarf_empire <-> empire,Extended,False,Extended requires shared atlas theater AND (at most six raster borders OR at most 75 world units),land_raster_point,land_raster_point,,,Caravan/convoy links are context only; portal nodes lack general traversal eligibility; no shortcut inferred,Static human startup rules; later choices excluded. Maritime land anchors are descriptive; not movement routes. Secondary forces do not set primary distance.,False,Bonerattlaz,greenskins,wh_main_sc_grn_greenskins,The Deceivers,tzeentch,wh3_main_sc_tze_tzeentch,Workable,False,Partial: guide evidence plus analytical prior; generic modifier matrix unmeasured,changeling_schemes;greenskins_0;tzeentch_0,Non-Order pragmatic-alliance prior; not a numeric diplomatic guarantee Compatible partners require scheme coordination; no unconditional global travel shortcut.,"Generic numeric aversion, opening treaties, all faction/lord/technology modifiers and multiplayer runtime behavior are not exhaustively exported; classes are analytical, not verified team legality.",,"Schemes make theater-specific world changes and rifts have scripted progression. Leader-defeat confederation requires an AI loser; it cannot consume the human teammate. Changeling Schemes change the world by theater; effects on a partner require coordination, not a universal immunity assumption.",False,Extended requires shared atlas theater AND (at most six raster borders OR at most 75 world units)
wh2_dlc15_grn_bonerattlaz,wh3_dlc25_dwf_malakai,wh3_main_combi_region_khazid_irkulaz,wh3_main_combi_region_kraka_drak,wh3_main_combi_province_northern_worlds_edge_mountains,wh3_main_combi_province_gianthome_mountains,123.702283,primary human army world coordinates,139.776996,529.7504272460938,534.1795654296875,484.9922180175781,649.5006713867188,wh3_main_combi_region_khazid_irkulaz,wh3_main_combi_region_kraka_drak,5,0.0,0.0,False,,5,False,False,,dwarf_empire <-> norsca,Extended,False,Extended requires shared atlas theater AND (at most six raster borders OR at most 75 world units),land_raster_point,land_raster_point,,,Caravan/convoy links are context only; portal nodes lack general traversal eligibility; no shortcut inferred,Static human startup rules; later choices excluded. Maritime land anchors are descriptive; not movement routes. Secondary forces do not set primary distance.,False,Bonerattlaz,greenskins,wh_main_sc_grn_greenskins,Masters of Innovation,dwarfs,wh_main_sc_dwf_dwarfs,Conflict,False,Partial: guide evidence plus analytical prior; generic modifier matrix unmeasured,dwarfs_0;dwarfs_1;greenskins_0,Opposed surrounding diplomatic ecosystems prior,"Generic numeric aversion, opening treaties, all faction/lord/technology modifiers and multiplayer runtime behavior are not exhaustively exported; classes are analytical, not verified team legality.",,Grudge accumulation responds to hostile conduct; positive diplomacy reduces it. Different allied Dwarf owners can enable conditional Deeps trade/diplomacy benefits. Leader-defeat confederation requires an AI loser; it cannot consume the human teammate.,False,Extended requires shared atlas theater AND (at most six raster borders OR at most 75 world units); Diplomatic Conflict: Opposed surrounding diplomatic ecosystems prior
wh2_dlc15_grn_bonerattlaz,wh3_dlc26_ogr_golgfag,wh3_main_combi_region_khazid_irkulaz,wh3_main_combi_region_norden,wh3_main_combi_province_northern_worlds_edge_mountains,wh3_main_combi_province_ostland,130.609193,primary human army world coordinates,141.15194,529.7504272460938,534.1795654296875,412.8446044921875,592.4186401367188,wh3_main_combi_region_khazid_irkulaz,wh3_main_combi_region_norden,5,0.0,0.0,False,,5,False,False,,dwarf_empire <-> empire,Extended,False,Extended requires shared atlas theater AND (at most six raster borders OR at most 75 world units),land_raster_point,land_raster_point,,,Caravan/convoy links are context only; portal nodes lack general traversal eligibility; no shortcut inferred,Static human startup rules; later choices excluded. Maritime land anchors are descriptive; not movement routes. Secondary forces do not set primary distance.,False,Bonerattlaz,greenskins,wh_main_sc_grn_greenskins,The Maneaters,ogre_kingdoms,wh3_main_sc_ogr_ogre_kingdoms,Special,True,Partial: guide evidence plus analytical prior; generic modifier matrix unmeasured,golgfag_contracts;greenskins_0;ogre_kingdoms_0,Ogre mercenary-neutral ecosystem prior; faction restrictions take precedence Guide recognizes team context but does not prove a lobby override of the alliance ban; withhold qualification.,"Generic numeric aversion, opening treaties, all faction/lord/technology modifiers and multiplayer runtime behavior are not exhaustively exported; classes are analytical, not verified team legality.",,Maneaters cannot make military/defensive alliances or vassal agreements; client offers exclude enemies of his team. Leader-defeat confederation requires an AI loser; it cannot consume the human teammate. Ogre trespass diplomacy immunity is official-source-only in the guide; battle confederation requires an AI loser.,False,Extended requires shared atlas theater AND (at most six raster borders OR at most 75 world units); Treaty eligibility unresolved
wh2_dlc15_grn_bonerattlaz,wh3_main_ksl_the_great_orthodoxy,wh3_main_combi_region_khazid_irkulaz,wh3_main_combi_region_erengrad,wh3_main_combi_province_northern_worlds_edge_mountains,wh3_main_combi_province_river_lynsk,131.036719,primary human army world coordinates,125.800226,529.7504272460938,534.1795654296875,420.86102294921875,607.0748291015625,wh3_main_combi_region_khazid_irkulaz,wh3_main_combi_region_erengrad,4,0.0,0.0,False,,4,False,False,,dwarf_empire <-> kislev,Extended,False,Extended requires shared atlas theater AND (at most six raster borders OR at most 75 world units),land_raster_point,land_raster_point,,ivory_road_combi,Caravan/convoy links are context only; portal nodes lack general traversal eligibility; no shortcut inferred,Static human startup rules; later choices excluded. Maritime land anchors are descriptive; not movement routes. Secondary forces do not set primary distance.,False,Bonerattlaz,greenskins,wh_main_sc_grn_greenskins,The Great Orthodoxy,kislev,wh3_main_sc_ksl_kislev,Conflict,False,Partial: guide evidence plus analytical prior; generic modifier matrix unmeasured,greenskins_0;kislev_0,Opposed surrounding diplomatic ecosystems prior,"Generic numeric aversion, opening treaties, all faction/lord/technology modifiers and multiplayer runtime behavior are not exhaustively exported; classes are analytical, not verified team legality.",,Leader-defeat confederation requires an AI loser; it cannot consume the human teammate. Old supporter-race forced confederation and intra-Kislev war ban are obsolete; ordinary diplomacy applies.,False,Extended requires shared atlas theater AND (at most six raster borders OR at most 75 world units); Diplomatic Conflict: Opposed surrounding diplomatic ecosystems prior
wh2_dlc15_grn_bonerattlaz,wh3_main_ksl_the_ice_court,wh3_main_combi_region_khazid_irkulaz,wh3_main_combi_region_zavastra,wh3_main_combi_province_northern_worlds_edge_mountains,wh3_main_combi_province_southern_oblast,72.2506,primary human army world coordinates,90.239418,529.7504272460938,534.1795654296875,462.2790832519531,560.020751953125,wh3_main_combi_region_khazid_irkulaz,wh3_main_combi_region_zavastra,3,0.0,0.0,False,,3,False,True,,dwarf_empire <-> kislev,Regional,True,Within 100 units with neighboring provinces or at most four raster borders,land_raster_point,land_raster_point,,,Caravan/convoy links are context only; portal nodes lack general traversal eligibility; no shortcut inferred,Static human startup rules; later choices excluded. Maritime land anchors are descriptive; not movement routes. Secondary forces do not set primary distance.,False,Bonerattlaz,greenskins,wh_main_sc_grn_greenskins,The Ice Court,kislev,wh3_main_sc_ksl_kislev,Conflict,False,Partial: guide evidence plus analytical prior; generic modifier matrix unmeasured,greenskins_0;kislev_0,Opposed surrounding diplomatic ecosystems prior,"Generic numeric aversion, opening treaties, all faction/lord/technology modifiers and multiplayer runtime behavior are not exhaustively exported; classes are analytical, not verified team legality.",,Leader-defeat confederation requires an AI loser; it cannot consume the human teammate. Old supporter-race forced confederation and intra-Kislev war ban are obsolete; ordinary diplomacy applies.,False,Diplomatic Conflict: Opposed surrounding diplomatic ecosystems prior
wh2_dlc15_grn_bonerattlaz,wh3_main_ksl_ursun_revivalists,wh3_main_combi_region_khazid_irkulaz,wh3_main_combi_region_the_tower_of_torment,wh3_main_combi_province_northern_worlds_edge_mountains,wh3_main_combi_province_bloodfire_falls,134.408141,primary human army world coordinates,142.656039,529.7504272460938,534.1795654296875,513.7176513671875,667.6280517578125,wh3_main_combi_region_khazid_irkulaz,wh3_main_combi_region_the_tower_of_torment,5,0.0,0.0,False,,5,False,False,,chaos_wastes <-> dwarf_empire,Extended,False,Extended requires shared atlas theater AND (at most six raster borders OR at most 75 world units),land_raster_point,land_raster_point,,,Caravan/convoy links are context only; portal nodes lack general traversal eligibility; no shortcut inferred,Static human startup rules; later choices excluded. Maritime land anchors are descriptive; not movement routes. Secondary forces do not set primary distance.,False,Bonerattlaz,greenskins,wh_main_sc_grn_greenskins,Ursun Revivalists,kislev,wh3_main_sc_ksl_kislev,Conflict,False,Partial: guide evidence plus analytical prior; generic modifier matrix unmeasured,greenskins_0;kislev_0,Opposed surrounding diplomatic ecosystems prior,"Generic numeric aversion, opening treaties, all faction/lord/technology modifiers and multiplayer runtime behavior are not exhaustively exported; classes are analytical, not verified team legality.",,Leader-defeat confederation requires an AI loser; it cannot consume the human teammate. Old supporter-race forced confederation and intra-Kislev war ban are obsolete; ordinary diplomacy applies.,False,Extended requires shared atlas theater AND (at most six raster borders OR at most 75 world units); Diplomatic Conflict: Opposed surrounding diplomatic ecosystems prior
wh2_dlc15_grn_bonerattlaz,wh_main_dwf_dwarfs,wh3_main_combi_region_khazid_irkulaz,wh3_main_combi_region_karaz_a_karak,wh3_main_combi_province_northern_worlds_edge_mountains,wh3_main_combi_province_the_silver_road,119.876769,primary human army world coordinates,98.450668,529.7504272460938,534.1795654296875,497.0168151855469,418.8584899902344,wh3_main_combi_region_khazid_irkulaz,wh3_main_combi_region_karaz_a_karak,4,0.0,0.0,False,,4,False,False,cai_region_hint_area_dwarf_empire,dwarf_empire,Extended,True,Shared atlas theater and either at most six raster borders or at most 75 world units,land_raster_point,land_raster_point,,ivory_road_combi,Caravan/convoy links are context only; portal nodes lack general traversal eligibility; no shortcut inferred,Static human startup rules; later choices excluded. Maritime land anchors are descriptive; not movement routes. Secondary forces do not set primary distance.,False,Bonerattlaz,greenskins,wh_main_sc_grn_greenskins,Karaz-a-Karak,dwarfs,wh_main_sc_dwf_dwarfs,Conflict,False,Partial: guide evidence plus analytical prior; generic modifier matrix unmeasured,dwarfs_0;dwarfs_1;greenskins_0,Opposed surrounding diplomatic ecosystems prior,"Generic numeric aversion, opening treaties, all faction/lord/technology modifiers and multiplayer runtime behavior are not exhaustively exported; classes are analytical, not verified team legality.",,Grudge accumulation responds to hostile conduct; positive diplomacy reduces it. Different allied Dwarf owners can enable conditional Deeps trade/diplomacy benefits. Leader-defeat confederation requires an AI loser; it cannot consume the human teammate.,False,Diplomatic Conflict: Opposed surrounding diplomatic ecosystems prior
wh2_dlc15_grn_bonerattlaz,wh_main_dwf_karak_kadrin,wh3_main_combi_region_khazid_irkulaz,wh3_main_combi_region_karak_kadrin,wh3_main_combi_province_northern_worlds_edge_mountains,wh3_main_combi_province_peak_pass,45.051393,primary human army world coordinates,33.74148,529.7504272460938,534.1795654296875,515.7217407226562,491.3680725097656,wh3_main_combi_region_khazid_irkulaz,wh3_main_combi_region_karak_kadrin,1,0.0,0.0,False,,1,False,True,cai_region_hint_area_dwarf_empire,dwarf_empire,Immediate,True,Same province or adjacent starts within 100 world units,land_raster_point,land_raster_point,,,Caravan/convoy links are context only; portal nodes lack general traversal eligibility; no shortcut inferred,Static human startup rules; later choices excluded. Maritime land anchors are descriptive; not movement routes. Secondary forces do not set primary distance.,False,Bonerattlaz,greenskins,wh_main_sc_grn_greenskins,Karak Kadrin,dwarfs,wh_main_sc_dwf_dwarfs,Conflict,False,Partial: guide evidence plus analytical prior; generic modifier matrix unmeasured,dwarfs_0;dwarfs_1;greenskins_0,Opposed surrounding diplomatic ecosystems prior,"Generic numeric aversion, opening treaties, all faction/lord/technology modifiers and multiplayer runtime behavior are not exhaustively exported; classes are analytical, not verified team legality.",,Grudge accumulation responds to hostile conduct; positive diplomacy reduces it. Different allied Dwarf owners can enable conditional Deeps trade/diplomacy benefits. Leader-defeat confederation requires an AI loser; it cannot consume the human teammate.,False,Diplomatic Conflict: Opposed surrounding diplomatic ecosystems prior
wh2_dlc15_grn_bonerattlaz,wh_main_grn_greenskins,wh3_main_combi_region_khazid_irkulaz,wh3_main_combi_region_eagle_eyries,wh3_main_combi_province_northern_worlds_edge_mountains,wh3_main_combi_province_gash_kadrak,121.361662,primary human army world coordinates,107.73395,529.7504272460938,534.1795654296875,650.6644897460938,523.7659912109375,wh3_main_combi_region_khazid_irkulaz,wh3_main_combi_region_eagle_eyries,3,0.0,0.0,False,,3,False,False,,dwarf_empire <-> mountains_of_mourn,Extended,False,Extended requires shared atlas theater AND (at most six raster borders OR at most 75 world units),land_raster_point,land_raster_point,,,Caravan/convoy links are context only; portal nodes lack general traversal eligibility; no shortcut inferred,Static human startup rules; later choices excluded. Maritime land anchors are descriptive; not movement routes. Secondary forces do not set primary distance.,False,Bonerattlaz,greenskins,wh_main_sc_grn_greenskins,Grimgor's 'Ardboyz,greenskins,wh_main_sc_grn_greenskins,Clean,False,Partial: guide evidence plus analytical prior; generic modifier matrix unmeasured,greenskins_0,Same-race ecosystem prior,"Generic numeric aversion, opening treaties, all faction/lord/technology modifiers and multiplayer runtime behavior are not exhaustively exported; classes are analytical, not verified team legality.",,Leader-defeat confederation requires an AI loser; it cannot consume the human teammate.,False,Extended requires shared atlas theater AND (at most six raster borders OR at most 75 world units)
wh2_dlc15_grn_broken_axe,wh3_dlc24_tze_the_deceivers,wh3_main_combi_region_quenelles,wh3_main_combi_region_niedling,wh3_main_combi_province_forest_of_chalons,wh3_main_combi_province_stirland,144.369438,primary human army world coordinates,148.841533,292.5986022949219,431.971923828125,424.8692321777344,489.8253173828125,wh3_main_combi_region_quenelles,wh3_main_combi_region_niedling,6,0.0,0.0,False,,6,False,False,,bretonnia <-> empire,Extended,False,Extended requires shared atlas theater AND (at most six raster borders OR at most 75 world units),land_raster_point,land_raster_point,,,Caravan/convoy links are context only; portal nodes lack general traversal eligibility; no shortcut inferred,Static human startup rules; later choices excluded. Maritime land anchors are descriptive; not movement routes. Secondary forces do not set primary distance.,False,Broken Axe,greenskins,wh_main_sc_grn_greenskins,The Deceivers,tzeentch,wh3_main_sc_tze_tzeentch,Workable,False,Partial: guide evidence plus analytical prior; generic modifier matrix unmeasured,changeling_schemes;greenskins_0;tzeentch_0,Non-Order pragmatic-alliance prior; not a numeric diplomatic guarantee Compatible partners require scheme coordination; no unconditional global travel shortcut.,"Generic numeric aversion, opening treaties, all faction/lord/technology modifiers and multiplayer runtime behavior are not exhaustively exported; classes are analytical, not verified team legality.",,"Schemes make theater-specific world changes and rifts have scripted progression. Leader-defeat confederation requires an AI loser; it cannot consume the human teammate. Changeling Schemes change the world by theater; effects on a partner require coordination, not a universal immunity assumption.",False,Extended requires shared atlas theater AND (at most six raster borders OR at most 75 world units)
wh2_dlc15_grn_broken_axe,wh3_main_ogr_disciples_of_the_maw,wh3_main_combi_region_quenelles,wh3_main_combi_region_matorca,wh3_main_combi_province_forest_of_chalons,wh3_main_combi_province_eastern_border_princes,131.968868,primary human army world coordinates,115.121874,292.5986022949219,431.971923828125,421.529052734375,403.8166198730469,wh3_main_combi_region_quenelles,wh3_main_combi_region_matorca,5,0.0,0.0,False,,5,False,False,,border_princes <-> bretonnia,Extended,False,Extended requires shared atlas theater AND (at most six raster borders OR at most 75 world units),land_raster_point,land_raster_point,,,Caravan/convoy links are context only; portal nodes lack general traversal eligibility; no shortcut inferred,Static human startup rules; later choices excluded. Maritime land anchors are descriptive; not movement routes. Secondary forces do not set primary distance.,False,Broken Axe,greenskins,wh_main_sc_grn_greenskins,Disciples of the Maw,ogre_kingdoms,wh3_main_sc_ogr_ogre_kingdoms,Workable,False,Partial: guide evidence plus analytical prior; generic modifier matrix unmeasured,greenskins_0;ogre_kingdoms_0,Ogre mercenary-neutral ecosystem prior; faction restrictions take precedence,"Generic numeric aversion, opening treaties, all faction/lord/technology modifiers and multiplayer runtime behavior are not exhaustively exported; classes are analytical, not verified team legality.",,Leader-defeat confederation requires an AI loser; it cannot consume the human teammate. Ogre trespass diplomacy immunity is official-source-only in the guide; battle confederation requires an AI loser.,False,Extended requires shared atlas theater AND (at most six raster borders OR at most 75 world units)
wh2_dlc15_grn_broken_axe,wh_dlc03_bst_beastmen,wh3_main_combi_region_quenelles,wh3_main_combi_region_the_black_pit,wh3_main_combi_province_forest_of_chalons,wh3_main_combi_province_the_misty_hills,137.530539,primary human army world coordinates,131.615093,292.5986022949219,431.971923828125,344.70521441307994,559.2493769811199,wh3_main_combi_region_quenelles,wh3_main_combi_region_the_black_pit,6,0.0,0.0,False,,6,False,False,,bretonnia <-> empire,Extended,False,Extended requires shared atlas theater AND (at most six raster borders OR at most 75 world units),land_raster_point,land_raster_point,,,Caravan/convoy links are context only; portal nodes lack general traversal eligibility; no shortcut inferred,Static human startup rules; later choices excluded. Maritime land anchors are descriptive; not movement routes. Secondary forces do not set primary distance.,False,Broken Axe,greenskins,wh_main_sc_grn_greenskins,Warherd of the One-Eye,beastmen,wh_dlc03_sc_bst_beastmen,Special,True,Partial: guide evidence plus analytical prior; generic modifier matrix unmeasured,beastmen_0;greenskins_0,Non-Order pragmatic-alliance prior; not a numeric diplomatic guarantee Beastmen permitted-faction membership and multiplayer exception unresolved; no qualification asserted,"Generic numeric aversion, opening treaties, all faction/lord/technology modifiers and multiplayer runtime behavior are not exhaustively exported; classes are analytical, not verified team legality.",,Restricted treaty set; permitted-faction membership and teammate bypass are not enumerated by the guide; positive deals reduce Bestial Rage for five turns. Leader-defeat confederation requires an AI loser; it cannot consume the human teammate.,False,Extended requires shared atlas theater AND (at most six raster borders OR at most 75 world units); Treaty eligibility unresolved
wh2_dlc15_grn_broken_axe,wh_dlc05_bst_morghur_herd,wh3_main_combi_region_quenelles,wh3_main_combi_region_montenas,wh3_main_combi_province_forest_of_chalons,wh3_main_combi_province_irrana_mountains,85.058239,primary human army world coordinates,76.915094,292.5986022949219,431.971923828125,270.5534973144531,349.82012939453125,wh3_main_combi_region_quenelles,wh3_main_combi_region_montenas,3,0.0,0.0,False,,3,False,False,,border_princes <-> bretonnia,Regional,True,Within 100 units with neighboring provinces or at most four raster borders,land_raster_point,land_raster_point,,,Caravan/convoy links are context only; portal nodes lack general traversal eligibility; no shortcut inferred,Static human startup rules; later choices excluded. Maritime land anchors are descriptive; not movement routes. Secondary forces do not set primary distance.,False,Broken Axe,greenskins,wh_main_sc_grn_greenskins,Warherd of the Shadowgave,beastmen,wh_dlc03_sc_bst_beastmen,Special,True,Partial: guide evidence plus analytical prior; generic modifier matrix unmeasured,beastmen_0;greenskins_0,Non-Order pragmatic-alliance prior; not a numeric diplomatic guarantee Beastmen permitted-faction membership and multiplayer exception unresolved; no qualification asserted,"Generic numeric aversion, opening treaties, all faction/lord/technology modifiers and multiplayer runtime behavior are not exhaustively exported; classes are analytical, not verified team legality.",,Restricted treaty set; permitted-faction membership and teammate bypass are not enumerated by the guide; positive deals reduce Bestial Rage for five turns. Leader-defeat confederation requires an AI loser; it cannot consume the human teammate.,False,Treaty eligibility unresolved
wh2_dlc15_grn_broken_axe,wh_dlc05_wef_argwylon,wh3_main_combi_region_quenelles,wh3_main_combi_region_karak_norn,wh3_main_combi_province_forest_of_chalons,wh3_main_combi_province_southern_grey_mountains,61.114428,primary human army world coordinates,55.757199,292.5986022949219,431.971923828125,350.717529296875,450.8706970214844,wh3_main_combi_region_quenelles,wh3_main_combi_region_karak_norn,3,0.0,0.0,False,,3,False,True,,bretonnia <-> dwarf_empire,Regional,True,Within 100 units with neighboring provinces or at most four raster borders,land_raster_point,land_raster_point,,,Caravan/convoy links are context only; portal nodes lack general traversal eligibility; no shortcut inferred,Static human startup rules; later choices excluded. Maritime land anchors are descriptive; not movement routes. Secondary forces do not set primary distance.,False,Broken Axe,greenskins,wh_main_sc_grn_greenskins,Argwylon,wood_elves,wh_dlc05_sc_wef_wood_elves,Conflict,False,Partial: guide evidence plus analytical prior; generic modifier matrix unmeasured,greenskins_0;wood_elves_0;wood_elves_1,Opposed surrounding diplomatic ecosystems prior,"Generic numeric aversion, opening treaties, all faction/lord/technology modifiers and multiplayer runtime behavior are not exhaustively exported; classes are analytical, not verified team legality.",,Leader-defeat confederation requires an AI loser; it cannot consume the human teammate. Rebirth completion is global and one-time in co-op; Ariel is globally unique. Drycha can confederate only Argwylon; not a general ban on Wood Elf alliances.,False,Diplomatic Conflict: Opposed surrounding diplomatic ecosystems prior
wh2_dlc15_grn_broken_axe,wh_dlc05_wef_wood_elves,wh3_main_combi_region_quenelles,wh3_main_combi_region_castle_carcassonne,wh3_main_combi_province_forest_of_chalons,wh3_main_combi_province_carcassonne,39.506325,primary human army world coordinates,28.515978,292.5986022949219,431.971923828125,314.64371315612533,399.1883483968683,wh3_main_combi_region_quenelles,wh3_main_combi_region_castle_carcassonne,1,0.0,0.0,False,,1,False,True,cai_region_hint_area_bretonnia,bretonnia,Immediate,True,Same province or adjacent starts within 100 world units,land_raster_point,land_raster_point,,,Caravan/convoy links are context only; portal nodes lack general traversal eligibility; no shortcut inferred,Static human startup rules; later choices excluded. Maritime land anchors are descriptive; not movement routes. Secondary forces do not set primary distance.,False,Broken Axe,greenskins,wh_main_sc_grn_greenskins,Talsyn,wood_elves,wh_dlc05_sc_wef_wood_elves,Conflict,False,Partial: guide evidence plus analytical prior; generic modifier matrix unmeasured,greenskins_0;wood_elves_0;wood_elves_1,Opposed surrounding diplomatic ecosystems prior,"Generic numeric aversion, opening treaties, all faction/lord/technology modifiers and multiplayer runtime behavior are not exhaustively exported; classes are analytical, not verified team legality.",,Leader-defeat confederation requires an AI loser; it cannot consume the human teammate. Rebirth completion is global and one-time in co-op; Ariel is globally unique. Drycha can confederate only Argwylon; not a general ban on Wood Elf alliances.,False,Diplomatic Conflict: Opposed surrounding diplomatic ecosystems prior
wh2_dlc15_grn_broken_axe,wh_main_brt_bretonnia,wh3_main_combi_region_quenelles,wh3_main_combi_region_languille,wh3_main_combi_province_forest_of_chalons,wh3_main_combi_province_marches_of_couronne,88.936325,primary human army world coordinates,100.95506,292.5986022949219,431.971923828125,268.5494079589844,517.594970703125,wh3_main_combi_region_quenelles,wh3_main_combi_region_languille,4,0.0,0.0,False,,4,False,False,cai_region_hint_area_bretonnia,bretonnia,Regional,True,Within 100 units with neighboring provinces or at most four raster borders,land_raster_point,land_raster_point,,,Caravan/convoy links are context only; portal nodes lack general traversal eligibility; no shortcut inferred,Static human startup rules; later choices excluded. Maritime land anchors are descriptive; not movement routes. Secondary forces do not set primary distance.,False,Broken Axe,greenskins,wh_main_sc_grn_greenskins,Couronne,bretonnia,wh_main_sc_brt_bretonnia,Conflict,False,Partial: guide evidence plus analytical prior; generic modifier matrix unmeasured,bretonnia_0;greenskins_0,Opposed surrounding diplomatic ecosystems prior,"Generic numeric aversion, opening treaties, all faction/lord/technology modifiers and multiplayer runtime behavior are not exhaustively exported; classes are analytical, not verified team legality.",,Human confederation cooldown exemption is not permission to absorb a human teammate. Leader-defeat confederation requires an AI loser; it cannot consume the human teammate.,False,Diplomatic Conflict: Opposed surrounding diplomatic ecosystems prior
wh2_dlc15_grn_broken_axe,wh_main_brt_carcassonne,wh3_main_combi_region_quenelles,wh3_main_combi_region_castle_carcassonne,wh3_main_combi_province_forest_of_chalons,wh3_main_combi_province_carcassonne,32.351949,primary human army world coordinates,28.515978,292.5986022949219,431.971923828125,297.27484130859375,399.959716796875,wh3_main_combi_region_quenelles,wh3_main_combi_region_castle_carcassonne,1,0.0,0.0,False,,1,False,True,cai_region_hint_area_bretonnia,bretonnia,Immediate,True,Same province or adjacent starts within 100 world units,land_raster_point,land_raster_point,,,Caravan/convoy links are context only; portal nodes lack general traversal eligibility; no shortcut inferred,Static human startup rules; later choices excluded. Maritime land anchors are descriptive; not movement routes. Secondary forces do not set primary distance.,False,Broken Axe,greenskins,wh_main_sc_grn_greenskins,Carcassonne,bretonnia,wh_main_sc_brt_bretonnia,Conflict,False,Partial: guide evidence plus analytical prior; generic modifier matrix unmeasured,bretonnia_0;greenskins_0,Opposed surrounding diplomatic ecosystems prior,"Generic numeric aversion, opening treaties, all faction/lord/technology modifiers and multiplayer runtime behavior are not exhaustively exported; classes are analytical, not verified team legality.",,Human confederation cooldown exemption is not permission to absorb a human teammate. Leader-defeat confederation requires an AI loser; it cannot consume the human teammate.,False,Diplomatic Conflict: Opposed surrounding diplomatic ecosystems prior
wh2_dlc15_grn_broken_axe,wh_main_dwf_karak_izor,wh3_main_combi_region_quenelles,wh3_main_combi_region_karak_bhufdar,wh3_main_combi_province_forest_of_chalons,wh3_main_combi_province_the_vaults,82.515866,primary human army world coordinates,51.933783,292.5986022949219,431.971923828125,347.3773498535156,370.26165771484375,wh3_main_combi_region_quenelles,wh3_main_combi_region_karak_bhufdar,2,0.0,0.0,False,,2,False,False,,bretonnia <-> dwarf_empire,Regional,True,Within 100 units with neighboring provinces or at most four raster borders,land_raster_point,land_raster_point,,,Caravan/convoy links are context only; portal nodes lack general traversal eligibility; no shortcut inferred,Static human startup rules; later choices excluded. Maritime land anchors are descriptive; not movement routes. Secondary forces do not set primary distance.,False,Broken Axe,greenskins,wh_main_sc_grn_greenskins,Clan Angrund,dwarfs,wh_main_sc_dwf_dwarfs,Conflict,False,Partial: guide evidence plus analytical prior; generic modifier matrix unmeasured,dwarfs_0;dwarfs_1;greenskins_0,Opposed surrounding diplomatic ecosystems prior,"Generic numeric aversion, opening treaties, all faction/lord/technology modifiers and multiplayer runtime behavior are not exhaustively exported; classes are analytical, not verified team legality.",,Grudge accumulation responds to hostile conduct; positive diplomacy reduces it. Different allied Dwarf owners can enable conditional Deeps trade/diplomacy benefits. Leader-defeat confederation requires an AI loser; it cannot consume the human teammate.,False,Diplomatic Conflict: Opposed surrounding diplomatic ecosystems prior
wh2_dlc15_grn_broken_axe,wh_main_emp_empire,wh3_main_combi_region_quenelles,wh3_main_combi_region_altdorf,wh3_main_combi_province_forest_of_chalons,wh3_main_combi_province_reikland,82.825388,primary human army world coordinates,80.350236,292.5986022949219,431.971923828125,350.717529296875,490.9823913574219,wh3_main_combi_region_quenelles,wh3_main_combi_region_altdorf,4,0.0,0.0,False,,4,False,False,,bretonnia <-> empire,Regional,True,Within 100 units with neighboring provinces or at most four raster borders,land_raster_point,land_raster_point,,ivory_road_combi,Caravan/convoy links are context only; portal nodes lack general traversal eligibility; no shortcut inferred,Static human startup rules; later choices excluded. Maritime land anchors are descriptive; not movement routes. Secondary forces do not set primary distance.,False,Broken Axe,greenskins,wh_main_sc_grn_greenskins,Reikland,empire,wh_main_sc_emp_empire,Conflict,False,Partial: guide evidence plus analytical prior; generic modifier matrix unmeasured,empire_0;greenskins_0,Opposed surrounding diplomatic ecosystems prior,"Generic numeric aversion, opening treaties, all faction/lord/technology modifiers and multiplayer runtime behavior are not exhaustively exported; classes are analytical, not verified team legality.",,Reikland Elector politics replaces ordinary confederation/NAP paths; does not establish a general military-alliance ban. Leader-defeat confederation requires an AI loser; it cannot consume the human teammate.,False,Diplomatic Conflict: Opposed surrounding diplomatic ecosystems prior
wh2_dlc15_grn_broken_axe,wh_main_emp_wissenland,wh3_main_combi_region_quenelles,wh3_main_combi_region_nuln,wh3_main_combi_province_forest_of_chalons,wh3_main_combi_province_wissenland,81.075517,primary human army world coordinates,75.984117,292.5986022949219,431.971923828125,366.75030517578125,464.7555236816406,wh3_main_combi_region_quenelles,wh3_main_combi_region_nuln,4,0.0,0.0,False,,4,False,False,,bretonnia <-> empire,Regional,True,Within 100 units with neighboring provinces or at most four raster borders,land_raster_point,land_raster_point,,ivory_road_combi,Caravan/convoy links are context only; portal nodes lack general traversal eligibility; no shortcut inferred,Static human startup rules; later choices excluded. Maritime land anchors are descriptive; not movement routes. Secondary forces do not set primary distance.,False,Broken Axe,greenskins,wh_main_sc_grn_greenskins,Wissenland & Nuln,empire,wh_main_sc_emp_empire,Conflict,False,Partial: guide evidence plus analytical prior; generic modifier matrix unmeasured,empire_0;greenskins_0,Opposed surrounding diplomatic ecosystems prior,"Generic numeric aversion, opening treaties, all faction/lord/technology modifiers and multiplayer runtime behavior are not exhaustively exported; classes are analytical, not verified team legality.",,Reikland Elector politics replaces ordinary confederation/NAP paths; does not establish a general military-alliance ban. Leader-defeat confederation requires an AI loser; it cannot consume the human teammate.,False,Diplomatic Conflict: Opposed surrounding diplomatic ecosystems prior
wh2_dlc15_hef_imrik,wh2_dlc17_bst_malagor,wh3_main_combi_region_the_bone_gulch,wh3_main_combi_region_sunken_khernarch,wh3_main_combi_province_the_plain_of_bones,wh3_main_combi_province_marshes_of_madness,145.263062,primary human army world coordinates,142.541497,573.172607421875,330.9213562011719,437.5618591308594,278.8533020019531,wh3_main_combi_region_the_bone_gulch,wh3_main_combi_region_sunken_khernarch,5,0.0,0.0,False,,5,False,False,,badlands <-> darklands,Extended,False,Extended requires shared atlas theater AND (at most six raster borders OR at most 75 world units),land_raster_point,land_raster_point,,,Caravan/convoy links are context only; portal nodes lack general traversal eligibility; no shortcut inferred,Static human startup rules; later choices excluded. Maritime land anchors are descriptive; not movement routes. Secondary forces do not set primary distance.,False,Knights of Caledor,high_elves,wh2_main_sc_hef_high_elves,Harbinger of Disaster,beastmen,wh_dlc03_sc_bst_beastmen,Conflict,True,Partial: guide evidence plus analytical prior; generic modifier matrix unmeasured,beastmen_0;high_elves_0,Opposed surrounding diplomatic ecosystems prior Beastmen permitted-faction membership and multiplayer exception unresolved; no qualification asserted,"Generic numeric aversion, opening treaties, all faction/lord/technology modifiers and multiplayer runtime behavior are not exhaustively exported; classes are analytical, not verified team legality.",,Restricted treaty set; permitted-faction membership and teammate bypass are not enumerated by the guide; positive deals reduce Bestial Rage for five turns. Eataine can unlock Champion actions through alliances with other legendary High Elf factions.,False,Extended requires shared atlas theater AND (at most six raster borders OR at most 75 world units); Diplomatic Conflict: Opposed surrounding diplomatic ecosystems prior Beastmen permitted-faction membership and multiplayer exception unresolved; no qualification asserted; Treaty eligibility unresolved
wh2_dlc15_hef_imrik,wh2_main_skv_clan_mors,wh3_main_combi_region_the_bone_gulch,wh3_main_combi_region_kradtommen,wh3_main_combi_province_the_plain_of_bones,wh3_main_combi_province_blightwater,75.236088,primary human army world coordinates,70.270503,573.172607421875,330.9213562011719,507.0373229980469,295.05224609375,wh3_main_combi_region_the_bone_gulch,wh3_main_combi_region_kradtommen,3,0.0,0.0,False,,3,False,False,,darklands <-> dwarf_empire,Regional,True,Within 100 units with neighboring provinces or at most four raster borders,land_raster_point,land_raster_point,,,Caravan/convoy links are context only; portal nodes lack general traversal eligibility; no shortcut inferred,Static human startup rules; later choices excluded. Maritime land anchors are descriptive; not movement routes. Secondary forces do not set primary distance.,False,Knights of Caledor,high_elves,wh2_main_sc_hef_high_elves,Clan Mors,skaven,wh2_main_sc_skv_skaven,Conflict,False,Partial: guide evidence plus analytical prior; generic modifier matrix unmeasured,high_elves_0;skaven_0,Opposed surrounding diplomatic ecosystems prior Partner appears in single-player faction objective(s); not treated as a multiplayer forced-war lock,"Generic numeric aversion, opening treaties, all faction/lord/technology modifiers and multiplayer runtime behavior are not exhaustively exported; classes are analytical, not verified team legality.",wh2_dlc15_hef_imrik:long:003:DESTROY_FACTION,Eataine can unlock Champion actions through alliances with other legendary High Elf factions. Vermintide war declaration explicitly excludes teammates; this is not blanket protection against all Under-City damage.,False,Diplomatic Conflict: Opposed surrounding diplomatic ecosystems prior Partner appears in single-player faction objective(s); not treated as a multiplayer forced-war lock
wh2_dlc15_hef_imrik,wh3_dlc23_chd_legion_of_azgorh,wh3_main_combi_region_the_bone_gulch,wh3_main_combi_region_black_fortress,wh3_main_combi_province_the_plain_of_bones,wh3_main_combi_province_the_howling_wastes,75.583272,primary human army world coordinates,70.892793,573.172607421875,330.9213562011719,632.6275634765625,377.5897521972656,wh3_main_combi_region_the_bone_gulch,wh3_main_combi_region_black_fortress,2,0.0,0.0,False,,2,False,True,cai_region_hint_area_darklands,darklands,Regional,True,Within 100 units with neighboring provinces or at most four raster borders,land_raster_point,land_raster_point,,irory_road_bhashiva;ivory_road_combi,Caravan/convoy links are context only; portal nodes lack general traversal eligibility; no shortcut inferred,Static human startup rules; later choices excluded. Maritime land anchors are descriptive; not movement routes. Secondary forces do not set primary distance.,False,Knights of Caledor,high_elves,wh2_main_sc_hef_high_elves,The Legion of Azgorh,chaos_dwarfs,wh3_dlc23_sc_chd_chaos_dwarfs,Conflict,False,Partial: guide evidence plus analytical prior; generic modifier matrix unmeasured,chaos_dwarfs_0;high_elves_0,Opposed surrounding diplomatic ecosystems prior Partner appears in single-player faction objective(s); not treated as a multiplayer forced-war lock,"Generic numeric aversion, opening treaties, all faction/lord/technology modifiers and multiplayer runtime behavior are not exhaustively exported; classes are analytical, not verified team legality.",wh3_dlc23_chd_legion_of_azgorh:short:001:DESTROY_FACTION,Tower-seat usurpation causes a five-turn diplomatic penalty; coordinate seat claims. Eataine can unlock Champion actions through alliances with other legendary High Elf factions.,False,Diplomatic Conflict: Opposed surrounding diplomatic ecosystems prior Partner appears in single-player faction objective(s); not treated as a multiplayer forced-war lock
wh2_dlc15_hef_imrik,wh3_dlc26_grn_gorbad_ironclaw,wh3_main_combi_region_the_bone_gulch,wh3_main_combi_region_iron_rock,wh3_main_combi_province_the_plain_of_bones,wh3_main_combi_province_death_pass,92.423886,primary human army world coordinates,97.943101,573.172607421875,330.9213562011719,486.3282775878906,362.5478820800781,wh3_main_combi_region_the_bone_gulch,wh3_main_combi_region_iron_rock,4,0.0,0.0,False,,4,False,False,,darklands <-> dwarf_empire,Regional,True,Within 100 units with neighboring provinces or at most four raster borders,land_raster_point,land_raster_point,,,Caravan/convoy links are context only; portal nodes lack general traversal eligibility; no shortcut inferred,Static human startup rules; later choices excluded. Maritime land anchors are descriptive; not movement routes. Secondary forces do not set primary distance.,False,Knights of Caledor,high_elves,wh2_main_sc_hef_high_elves,Ironclaw Orcs,greenskins,wh_main_sc_grn_greenskins,Conflict,False,Partial: guide evidence plus analytical prior; generic modifier matrix unmeasured,greenskins_0;high_elves_0,Opposed surrounding diplomatic ecosystems prior Partner appears in single-player faction objective(s); not treated as a multiplayer forced-war lock,"Generic numeric aversion, opening treaties, all faction/lord/technology modifiers and multiplayer runtime behavior are not exhaustively exported; classes are analytical, not verified team legality.",wh2_dlc15_hef_imrik:long:003:DESTROY_FACTION,Leader-defeat confederation requires an AI loser; it cannot consume the human teammate. Eataine can unlock Champion actions through alliances with other legendary High Elf factions.,False,Diplomatic Conflict: Opposed surrounding diplomatic ecosystems prior Partner appears in single-player faction objective(s); not treated as a multiplayer forced-war lock
wh2_dlc15_hef_imrik,wh3_main_kho_exiles_of_khorne,wh3_main_combi_region_the_bone_gulch,wh3_main_combi_region_agrul_migdhal,wh3_main_combi_province_the_plain_of_bones,wh3_main_combi_province_barrier_idols,145.240542,primary human army world coordinates,149.921613,573.172607421875,330.9213562011719,451.5905456542969,251.46937561035156,wh3_main_combi_region_the_bone_gulch,wh3_main_combi_region_agrul_migdhal,4,0.0,0.0,False,,4,False,False,,badlands <-> darklands,Extended,False,Extended requires shared atlas theater AND (at most six raster borders OR at most 75 world units),land_raster_point,land_raster_point,,,Caravan/convoy links are context only; portal nodes lack general traversal eligibility; no shortcut inferred,Static human startup rules; later choices excluded. Maritime land anchors are descriptive; not movement routes. Secondary forces do not set primary distance.,False,Knights of Caledor,high_elves,wh2_main_sc_hef_high_elves,Exiles of Khorne,khorne,wh3_main_sc_kho_khorne,Conflict,False,Partial: guide evidence plus analytical prior; generic modifier matrix unmeasured,high_elves_0;khorne_0,Opposed surrounding diplomatic ecosystems prior Partner appears in single-player faction objective(s); not treated as a multiplayer forced-war lock,"Generic numeric aversion, opening treaties, all faction/lord/technology modifiers and multiplayer runtime behavior are not exhaustively exported; classes are analytical, not verified team legality.",wh2_dlc15_hef_imrik:long:003:DESTROY_FACTION,Eataine can unlock Champion actions through alliances with other legendary High Elf factions. No bespoke diplomacy override established; absence does not imply zero generic aversion.,False,Extended requires shared atlas theater AND (at most six raster borders OR at most 75 world units); Diplomatic Conflict: Opposed surrounding diplomatic ecosystems prior Partner appears in single-player faction objective(s); not treated as a multiplayer forced-war lock
wh2_dlc15_hef_imrik,wh3_main_nur_poxmakers_of_nurgle,wh3_main_combi_region_the_bone_gulch,wh3_main_combi_region_shattered_stone_isle,wh3_main_combi_province_the_plain_of_bones,wh3_main_combi_province_the_dragon_isles,102.57593,primary human army world coordinates,107.107191,573.172607421875,330.9213562011719,666.0292358398438,287.3384704589844,wh3_main_combi_region_the_bone_gulch,wh3_main_combi_region_shattered_stone_isle,,0.0,0.0,False,,,False,False,cai_region_hint_area_darklands,darklands,Extended,False,Extended requires shared atlas theater AND (at most six raster borders OR at most 75 world units),land_raster_point,land_raster_point,,,Caravan/convoy links are context only; portal nodes lack general traversal eligibility; no shortcut inferred,Static human startup rules; later choices excluded. Maritime land anchors are descriptive; not movement routes. Secondary forces do not set primary distance.,True,Knights of Caledor,high_elves,wh2_main_sc_hef_high_elves,Poxmakers of Nurgle,nurgle,wh3_main_sc_nur_nurgle,Conflict,False,Partial: guide evidence plus analytical prior; generic modifier matrix unmeasured,high_elves_0;nurgle_0,Opposed surrounding diplomatic ecosystems prior Partner appears in single-player faction objective(s); not treated as a multiplayer forced-war lock,"Generic numeric aversion, opening treaties, all faction/lord/technology modifiers and multiplayer runtime behavior are not exhaustively exported; classes are analytical, not verified team legality.",wh2_dlc15_hef_imrik:short:001:DESTROY_FACTION,Eataine can unlock Champion actions through alliances with other legendary High Elf factions. Epidemius can count negatively plagued non-Nurgle allies; alliance status provides no documented protection.,False,Extended requires shared atlas theater AND (at most six raster borders OR at most 75 world units); Diplomatic Conflict: Opposed surrounding diplomatic ecosystems prior Partner appears in single-player faction objective(s); not treated as a multiplayer forced-war lock
wh2_dlc15_hef_imrik,wh_main_dwf_dwarfs,wh3_main_combi_region_the_bone_gulch,wh3_main_combi_region_karaz_a_karak,wh3_main_combi_province_the_plain_of_bones,wh3_main_combi_province_the_silver_road,116.329894,primary human army world coordinates,125.724198,573.172607421875,330.9213562011719,497.0168151855469,418.8584899902344,wh3_main_combi_region_the_bone_gulch,wh3_main_combi_region_karaz_a_karak,5,0.0,0.0,False,,5,False,False,,darklands <-> dwarf_empire,Extended,False,Extended requires shared atlas theater AND (at most six raster borders OR at most 75 world units),land_raster_point,land_raster_point,,ivory_road_combi,Caravan/convoy links are context only; portal nodes lack general traversal eligibility; no shortcut inferred,Static human startup rules; later choices excluded. Maritime land anchors are descriptive; not movement routes. Secondary forces do not set primary distance.,False,Knights of Caledor,high_elves,wh2_main_sc_hef_high_elves,Karaz-a-Karak,dwarfs,wh_main_sc_dwf_dwarfs,Workable,False,Partial: guide evidence plus analytical prior; generic modifier matrix unmeasured,dwarfs_0;dwarfs_1;high_elves_0,Order-adjacent but distinct territorial/diplomatic ecosystem prior,"Generic numeric aversion, opening treaties, all faction/lord/technology modifiers and multiplayer runtime behavior are not exhaustively exported; classes are analytical, not verified team legality.",,Grudge accumulation responds to hostile conduct; positive diplomacy reduces it. Different allied Dwarf owners can enable conditional Deeps trade/diplomacy benefits. Eataine can unlock Champion actions through alliances with other legendary High Elf factions.,False,Extended requires shared atlas theater AND (at most six raster borders OR at most 75 world units)
wh2_dlc15_hef_imrik,wh_main_grn_crooked_moon,wh3_main_combi_region_the_bone_gulch,wh3_main_combi_region_mount_gunbad,wh3_main_combi_province_the_plain_of_bones,wh3_main_combi_province_deadrock_gap,112.692558,primary human army world coordinates,129.045156,573.172607421875,330.9213562011719,535.0947265625,436.98590087890625,wh3_main_combi_region_the_bone_gulch,wh3_main_combi_region_mount_gunbad,5,0.0,0.0,False,,5,False,False,,darklands <-> dwarf_empire,Extended,False,Extended requires shared atlas theater AND (at most six raster borders OR at most 75 world units),land_raster_point,land_raster_point,,,Caravan/convoy links are context only; portal nodes lack general traversal eligibility; no shortcut inferred,Static human startup rules; later choices excluded. Maritime land anchors are descriptive; not movement routes. Secondary forces do not set primary distance.,False,Knights of Caledor,high_elves,wh2_main_sc_hef_high_elves,Crooked Moon,greenskins,wh_main_sc_grn_greenskins,Conflict,False,Partial: guide evidence plus analytical prior; generic modifier matrix unmeasured,greenskins_0;high_elves_0,Opposed surrounding diplomatic ecosystems prior,"Generic numeric aversion, opening treaties, all faction/lord/technology modifiers and multiplayer runtime behavior are not exhaustively exported; classes are analytical, not verified team legality.",,Leader-defeat confederation requires an AI loser; it cannot consume the human teammate. Eataine can unlock Champion actions through alliances with other legendary High Elf factions.,False,Extended requires shared atlas theater AND (at most six raster borders OR at most 75 world units); Diplomatic Conflict: Opposed surrounding diplomatic ecosystems prior
wh2_dlc16_wef_drycha,wh2_main_skv_clan_moulder,wh3_main_combi_region_gryphon_wood,wh3_main_combi_region_hell_pit,wh3_main_combi_province_gryphon_wood,wh3_main_combi_province_black_blood_pass,100.109949,primary human army world coordinates,93.16542,444.91021728515625,521.4518432617188,458.9389343261719,620.573974609375,wh3_main_combi_region_gryphon_wood,wh3_main_combi_region_hell_pit,4,0.0,0.0,False,,4,False,False,,empire <-> kislev,Extended,False,Extended requires shared atlas theater AND (at most six raster borders OR at most 75 world units),land_raster_point,land_raster_point,,,Caravan/convoy links are context only; portal nodes lack general traversal eligibility; no shortcut inferred,Static human startup rules; later choices excluded. Maritime land anchors are descriptive; not movement routes. Secondary forces do not set primary distance.,False,Wargrove of Woe,wood_elves,wh_dlc05_sc_wef_wood_elves,Clan Moulder,skaven,wh2_main_sc_skv_skaven,Conflict,False,Partial: guide evidence plus analytical prior; generic modifier matrix unmeasured,skaven_0;wood_elves_0;wood_elves_1,Opposed surrounding diplomatic ecosystems prior,"Generic numeric aversion, opening treaties, all faction/lord/technology modifiers and multiplayer runtime behavior are not exhaustively exported; classes are analytical, not verified team legality.",,Vermintide war declaration explicitly excludes teammates; this is not blanket protection against all Under-City damage. Rebirth completion is global and one-time in co-op; Ariel is globally unique. Drycha can confederate only Argwylon; not a general ban on Wood Elf alliances.,False,Extended requires shared atlas theater AND (at most six raster borders OR at most 75 world units); Diplomatic Conflict: Opposed surrounding diplomatic ecosystems prior
wh2_dlc16_wef_drycha,wh3_dlc20_chs_azazel,wh3_main_combi_region_gryphon_wood,wh3_main_combi_region_bay_of_blades,wh3_main_combi_province_gryphon_wood,wh3_main_combi_province_trollheim_mountains,119.690474,primary human army world coordinates,113.246064,444.91021728515625,521.4518432617188,411.508544921875,636.38720703125,wh3_main_combi_region_gryphon_wood,wh3_main_combi_region_bay_of_blades,5,0.0,0.0,False,,5,False,False,,empire <-> norsca,Extended,False,Extended requires shared atlas theater AND (at most six raster borders OR at most 75 world units),land_raster_point,land_raster_point,,convoy_road_combi,Caravan/convoy links are context only; portal nodes lack general traversal eligibility; no shortcut inferred,Static human startup rules; later choices excluded. Maritime land anchors are descriptive; not movement routes. Secondary forces do not set primary distance.,False,Wargrove of Woe,wood_elves,wh_dlc05_sc_wef_wood_elves,The Ecstatic Legions,warriors_of_chaos,wh_main_sc_chs_chaos,Conflict,False,Partial: guide evidence plus analytical prior; generic modifier matrix unmeasured,warriors_of_chaos_0;warriors_of_chaos_1;wood_elves_0;wood_elves_1,Opposed surrounding diplomatic ecosystems prior,"Generic numeric aversion, opening treaties, all faction/lord/technology modifiers and multiplayer runtime behavior are not exhaustively exported; classes are analytical, not verified team legality.",,Homeland vassalization is faction/settlement-specific and does not guarantee revival. Only Archaon/Be'lakor have the final-settlement forced WoC confederation route; other WoC do not. Rebirth completion is global and one-time in co-op; Ariel is globally unique. Drycha can confederate only Argwylon; not a general ban on Wood Elf alliances.,False,Extended requires shared atlas theater AND (at most six raster borders OR at most 75 world units); Diplomatic Conflict: Opposed surrounding diplomatic ecosystems prior
wh2_dlc16_wef_drycha,wh3_dlc20_chs_festus,wh3_main_combi_region_gryphon_wood,wh3_main_combi_region_hergig,wh3_main_combi_province_gryphon_wood,wh3_main_combi_province_hochland,60.226827,primary human army world coordinates,48.344427,444.91021728515625,521.4518432617188,394.1396789550781,553.8497314453125,wh3_main_combi_region_gryphon_wood,wh3_main_combi_region_hergig,2,0.0,0.0,False,,2,False,False,cai_region_hint_area_empire,empire,Regional,True,Within 100 units with neighboring provinces or at most four raster borders,land_raster_point,land_raster_point,,irory_road_bhashiva;ivory_road_combi,Caravan/convoy links are context only; portal nodes lack general traversal eligibility; no shortcut inferred,Static human startup rules; later choices excluded. Maritime land anchors are descriptive; not movement routes. Secondary forces do not set primary distance.,False,Wargrove of Woe,wood_elves,wh_dlc05_sc_wef_wood_elves,The Fecundites,warriors_of_chaos,wh_main_sc_chs_chaos,Conflict,False,Partial: guide evidence plus analytical prior; generic modifier matrix unmeasured,warriors_of_chaos_0;warriors_of_chaos_1;wood_elves_0;wood_elves_1,Opposed surrounding diplomatic ecosystems prior,"Generic numeric aversion, opening treaties, all faction/lord/technology modifiers and multiplayer runtime behavior are not exhaustively exported; classes are analytical, not verified team legality.",,Homeland vassalization is faction/settlement-specific and does not guarantee revival. Only Archaon/Be'lakor have the final-settlement forced WoC confederation route; other WoC do not. Rebirth completion is global and one-time in co-op; Ariel is globally unique. Drycha can confederate only Argwylon; not a general ban on Wood Elf alliances.,False,Diplomatic Conflict: Opposed surrounding diplomatic ecosystems prior
wh2_dlc16_wef_drycha,wh3_dlc23_chd_astragoth,wh3_main_combi_region_gryphon_wood,wh3_main_combi_region_uzkulak,wh3_main_combi_province_gryphon_wood,wh3_main_combi_province_zorn_uzkul,131.806418,primary human army world coordinates,125.694258,444.91021728515625,521.4518432617188,573.8406372070312,548.8357543945312,wh3_main_combi_region_gryphon_wood,wh3_main_combi_region_uzkulak,5,0.0,0.0,False,,5,False,False,,darklands <-> empire,Extended,False,Extended requires shared atlas theater AND (at most six raster borders OR at most 75 world units),land_raster_point,land_raster_point,,convoy_road_combi;irory_road_bhashiva;ivory_road_combi,Caravan/convoy links are context only; portal nodes lack general traversal eligibility; no shortcut inferred,Static human startup rules; later choices excluded. Maritime land anchors are descriptive; not movement routes. Secondary forces do not set primary distance.,False,Wargrove of Woe,wood_elves,wh_dlc05_sc_wef_wood_elves,Disciples of Hashut,chaos_dwarfs,wh3_dlc23_sc_chd_chaos_dwarfs,Conflict,False,Partial: guide evidence plus analytical prior; generic modifier matrix unmeasured,chaos_dwarfs_0;wood_elves_0;wood_elves_1,Opposed surrounding diplomatic ecosystems prior,"Generic numeric aversion, opening treaties, all faction/lord/technology modifiers and multiplayer runtime behavior are not exhaustively exported; classes are analytical, not verified team legality.",,Tower-seat usurpation causes a five-turn diplomatic penalty; coordinate seat claims. Rebirth completion is global and one-time in co-op; Ariel is globally unique. Drycha can confederate only Argwylon; not a general ban on Wood Elf alliances.,False,Extended requires shared atlas theater AND (at most six raster borders OR at most 75 world units); Diplomatic Conflict: Opposed surrounding diplomatic ecosystems prior
wh2_dlc16_wef_drycha,wh3_dlc24_tze_the_deceivers,wh3_main_combi_region_gryphon_wood,wh3_main_combi_region_niedling,wh3_main_combi_province_gryphon_wood,wh3_main_combi_province_stirland,37.441664,primary human army world coordinates,34.560217,444.91021728515625,521.4518432617188,424.8692321777344,489.8253173828125,wh3_main_combi_region_gryphon_wood,wh3_main_combi_region_niedling,2,0.0,0.0,False,,2,False,False,cai_region_hint_area_empire,empire,Regional,True,Within 100 units with neighboring provinces or at most four raster borders,land_raster_point,land_raster_point,,,Caravan/convoy links are context only; portal nodes lack general traversal eligibility; no shortcut inferred,Static human startup rules; later choices excluded. Maritime land anchors are descriptive; not movement routes. Secondary forces do not set primary distance.,False,Wargrove of Woe,wood_elves,wh_dlc05_sc_wef_wood_elves,The Deceivers,tzeentch,wh3_main_sc_tze_tzeentch,Conflict,False,Partial: guide evidence plus analytical prior; generic modifier matrix unmeasured,changeling_schemes;tzeentch_0;wood_elves_0;wood_elves_1,Opposed surrounding diplomatic ecosystems prior Compatible partners require scheme coordination; no unconditional global travel shortcut.,"Generic numeric aversion, opening treaties, all faction/lord/technology modifiers and multiplayer runtime behavior are not exhaustively exported; classes are analytical, not verified team legality.",,"Schemes make theater-specific world changes and rifts have scripted progression. Changeling Schemes change the world by theater; effects on a partner require coordination, not a universal immunity assumption. Rebirth completion is global and one-time in co-op; Ariel is globally unique. Drycha can confederate only Argwylon; not a general ban on Wood Elf alliances.",False,Diplomatic Conflict: Opposed surrounding diplomatic ecosystems prior Compatible partners require scheme coordination; no unconditional global travel shortcut.
wh2_dlc16_wef_drycha,wh3_dlc25_dwf_malakai,wh3_main_combi_region_gryphon_wood,wh3_main_combi_region_kraka_drak,wh3_main_combi_province_gryphon_wood,wh3_main_combi_province_gianthome_mountains,134.175516,primary human army world coordinates,125.764437,444.91021728515625,521.4518432617188,484.9922180175781,649.5006713867188,wh3_main_combi_region_gryphon_wood,wh3_main_combi_region_kraka_drak,6,0.0,0.0,False,,6,False,False,,empire <-> norsca,Extended,False,Extended requires shared atlas theater AND (at most six raster borders OR at most 75 world units),land_raster_point,land_raster_point,,,Caravan/convoy links are context only; portal nodes lack general traversal eligibility; no shortcut inferred,Static human startup rules; later choices excluded. Maritime land anchors are descriptive; not movement routes. Secondary forces do not set primary distance.,False,Wargrove of Woe,wood_elves,wh_dlc05_sc_wef_wood_elves,Masters of Innovation,dwarfs,wh_main_sc_dwf_dwarfs,Workable,False,Partial: guide evidence plus analytical prior; generic modifier matrix unmeasured,dwarfs_0;dwarfs_1;wood_elves_0;wood_elves_1,Order-adjacent but distinct territorial/diplomatic ecosystem prior,"Generic numeric aversion, opening treaties, all faction/lord/technology modifiers and multiplayer runtime behavior are not exhaustively exported; classes are analytical, not verified team legality.",,Grudge accumulation responds to hostile conduct; positive diplomacy reduces it. Different allied Dwarf owners can enable conditional Deeps trade/diplomacy benefits. Rebirth completion is global and one-time in co-op; Ariel is globally unique. Drycha can confederate only Argwylon; not a general ban on Wood Elf alliances.,False,Extended requires shared atlas theater AND (at most six raster borders OR at most 75 world units)
wh2_dlc16_wef_drycha,wh3_dlc26_ogr_golgfag,wh3_main_combi_region_gryphon_wood,wh3_main_combi_region_norden,wh3_main_combi_province_gryphon_wood,wh3_main_combi_province_ostland,77.874834,primary human army world coordinates,72.930514,444.91021728515625,521.4518432617188,412.8446044921875,592.4186401367188,wh3_main_combi_region_gryphon_wood,wh3_main_combi_region_norden,3,0.0,0.0,False,,3,False,False,cai_region_hint_area_empire,empire,Regional,True,Within 100 units with neighboring provinces or at most four raster borders,land_raster_point,land_raster_point,,,Caravan/convoy links are context only; portal nodes lack general traversal eligibility; no shortcut inferred,Static human startup rules; later choices excluded. Maritime land anchors are descriptive; not movement routes. Secondary forces do not set primary distance.,False,Wargrove of Woe,wood_elves,wh_dlc05_sc_wef_wood_elves,The Maneaters,ogre_kingdoms,wh3_main_sc_ogr_ogre_kingdoms,Special,True,Partial: guide evidence plus analytical prior; generic modifier matrix unmeasured,golgfag_contracts;ogre_kingdoms_0;wood_elves_0;wood_elves_1,Ogre mercenary-neutral ecosystem prior; faction restrictions take precedence Guide recognizes team context but does not prove a lobby override of the alliance ban; withhold qualification.,"Generic numeric aversion, opening treaties, all faction/lord/technology modifiers and multiplayer runtime behavior are not exhaustively exported; classes are analytical, not verified team legality.",,Maneaters cannot make military/defensive alliances or vassal agreements; client offers exclude enemies of his team. Ogre trespass diplomacy immunity is official-source-only in the guide; battle confederation requires an AI loser. Rebirth completion is global and one-time in co-op; Ariel is globally unique. Drycha can confederate only Argwylon; not a general ban on Wood Elf alliances.,False,Treaty eligibility unresolved
wh2_dlc16_wef_drycha,wh3_main_ogr_disciples_of_the_maw,wh3_main_combi_region_gryphon_wood,wh3_main_combi_region_matorca,wh3_main_combi_province_gryphon_wood,wh3_main_combi_province_eastern_border_princes,119.936336,primary human army world coordinates,136.678679,444.91021728515625,521.4518432617188,421.529052734375,403.8166198730469,wh3_main_combi_region_gryphon_wood,wh3_main_combi_region_matorca,6,0.0,0.0,False,,6,False,False,,border_princes <-> empire,Extended,False,Extended requires shared atlas theater AND (at most six raster borders OR at most 75 world units),land_raster_point,land_raster_point,,,Caravan/convoy links are context only; portal nodes lack general traversal eligibility; no shortcut inferred,Static human startup rules; later choices excluded. Maritime land anchors are descriptive; not movement routes. Secondary forces do not set primary distance.,False,Wargrove of Woe,wood_elves,wh_dlc05_sc_wef_wood_elves,Disciples of the Maw,ogre_kingdoms,wh3_main_sc_ogr_ogre_kingdoms,Workable,False,Partial: guide evidence plus analytical prior; generic modifier matrix unmeasured,ogre_kingdoms_0;wood_elves_0;wood_elves_1,Ogre mercenary-neutral ecosystem prior; faction restrictions take precedence,"Generic numeric aversion, opening treaties, all faction/lord/technology modifiers and multiplayer runtime behavior are not exhaustively exported; classes are analytical, not verified team legality.",,Ogre trespass diplomacy immunity is official-source-only in the guide; battle confederation requires an AI loser. Rebirth completion is global and one-time in co-op; Ariel is globally unique. Drycha can confederate only Argwylon; not a general ban on Wood Elf alliances.,False,Extended requires shared atlas theater AND (at most six raster borders OR at most 75 world units)
wh2_dlc16_wef_drycha,wh_dlc03_bst_beastmen,wh3_main_combi_region_gryphon_wood,wh3_main_combi_region_the_black_pit,wh3_main_combi_province_gryphon_wood,wh3_main_combi_province_the_misty_hills,107.819284,primary human army world coordinates,115.880237,444.91021728515625,521.4518432617188,343.369140625,557.7066040039062,wh3_main_combi_region_gryphon_wood,wh3_main_combi_region_the_black_pit,5,0.0,0.0,False,wh_dlc03_bst_beastmen,5,False,False,cai_region_hint_area_empire,empire,Extended,True,Shared atlas theater and either at most six raster borders or at most 75 world units,land_raster_point,land_raster_point,,,Caravan/convoy links are context only; portal nodes lack general traversal eligibility; no shortcut inferred,Static human startup rules; later choices excluded. Maritime land anchors are descriptive; not movement routes. Secondary forces do not set primary distance.,False,Wargrove of Woe,wood_elves,wh_dlc05_sc_wef_wood_elves,Warherd of the One-Eye,beastmen,wh_dlc03_sc_bst_beastmen,Conflict,True,Partial: guide evidence plus analytical prior; generic modifier matrix unmeasured,beastmen_0;wood_elves_0;wood_elves_1,Opposed surrounding diplomatic ecosystems prior Beastmen permitted-faction membership and multiplayer exception unresolved; no qualification asserted,"Generic numeric aversion, opening treaties, all faction/lord/technology modifiers and multiplayer runtime behavior are not exhaustively exported; classes are analytical, not verified team legality.",,Restricted treaty set; permitted-faction membership and teammate bypass are not enumerated by the guide; positive deals reduce Bestial Rage for five turns. Rebirth completion is global and one-time in co-op; Ariel is globally unique. Drycha can confederate only Argwylon; not a general ban on Wood Elf alliances.,False,Diplomatic Conflict: Opposed surrounding diplomatic ecosystems prior Beastmen permitted-faction membership and multiplayer exception unresolved; no qualification asserted; Treaty eligibility unresolved
wh2_dlc16_wef_drycha,wh_dlc05_wef_argwylon,wh3_main_combi_region_gryphon_wood,wh3_main_combi_region_karak_norn,wh3_main_combi_province_gryphon_wood,wh3_main_combi_province_southern_grey_mountains,117.702849,primary human army world coordinates,126.171548,444.91021728515625,521.4518432617188,350.717529296875,450.8706970214844,wh3_main_combi_region_gryphon_wood,wh3_main_combi_region_karak_norn,5,0.0,0.0,False,,5,False,False,,dwarf_empire <-> empire,Extended,False,Extended requires shared atlas theater AND (at most six raster borders OR at most 75 world units),land_raster_point,land_raster_point,,,Caravan/convoy links are context only; portal nodes lack general traversal eligibility; no shortcut inferred,Static human startup rules; later choices excluded. Maritime land anchors are descriptive; not movement routes. Secondary forces do not set primary distance.,False,Wargrove of Woe,wood_elves,wh_dlc05_sc_wef_wood_elves,Argwylon,wood_elves,wh_dlc05_sc_wef_wood_elves,Workable,False,Partial: guide evidence plus analytical prior; generic modifier matrix unmeasured,wood_elves_0;wood_elves_1,Same-race ecosystem prior Shared seat/Book/forest progression requires coordination,"Generic numeric aversion, opening treaties, all faction/lord/technology modifiers and multiplayer runtime behavior are not exhaustively exported; classes are analytical, not verified team legality.",,Rebirth completion is global and one-time in co-op; Ariel is globally unique. Drycha can confederate only Argwylon; not a general ban on Wood Elf alliances.,False,Extended requires shared atlas theater AND (at most six raster borders OR at most 75 world units)
wh2_dlc16_wef_drycha,wh_main_dwf_dwarfs,wh3_main_combi_region_gryphon_wood,wh3_main_combi_region_karaz_a_karak,wh3_main_combi_province_gryphon_wood,wh3_main_combi_province_the_silver_road,115.067344,primary human army world coordinates,109.091946,444.91021728515625,521.4518432617188,497.0168151855469,418.8584899902344,wh3_main_combi_region_gryphon_wood,wh3_main_combi_region_karaz_a_karak,5,0.0,0.0,False,,5,False,False,,dwarf_empire <-> empire,Extended,False,Extended requires shared atlas theater AND (at most six raster borders OR at most 75 world units),land_raster_point,land_raster_point,,ivory_road_combi,Caravan/convoy links are context only; portal nodes lack general traversal eligibility; no shortcut inferred,Static human startup rules; later choices excluded. Maritime land anchors are descriptive; not movement routes. Secondary forces do not set primary distance.,False,Wargrove of Woe,wood_elves,wh_dlc05_sc_wef_wood_elves,Karaz-a-Karak,dwarfs,wh_main_sc_dwf_dwarfs,Workable,False,Partial: guide evidence plus analytical prior; generic modifier matrix unmeasured,dwarfs_0;dwarfs_1;wood_elves_0;wood_elves_1,Order-adjacent but distinct territorial/diplomatic ecosystem prior,"Generic numeric aversion, opening treaties, all faction/lord/technology modifiers and multiplayer runtime behavior are not exhaustively exported; classes are analytical, not verified team legality.",,Grudge accumulation responds to hostile conduct; positive diplomacy reduces it. Different allied Dwarf owners can enable conditional Deeps trade/diplomacy benefits. Rebirth completion is global and one-time in co-op; Ariel is globally unique. Drycha can confederate only Argwylon; not a general ban on Wood Elf alliances.,False,Extended requires shared atlas theater AND (at most six raster borders OR at most 75 world units)
wh2_dlc16_wef_drycha,wh_main_grn_crooked_moon,wh3_main_combi_region_gryphon_wood,wh3_main_combi_region_mount_gunbad,wh3_main_combi_province_gryphon_wood,wh3_main_combi_province_deadrock_gap,123.562701,primary human army world coordinates,119.050173,444.91021728515625,521.4518432617188,535.0947265625,436.98590087890625,wh3_main_combi_region_gryphon_wood,wh3_main_combi_region_mount_gunbad,5,0.0,0.0,False,,5,False,False,,dwarf_empire <-> empire,Extended,False,Extended requires shared atlas theater AND (at most six raster borders OR at most 75 world units),land_raster_point,land_raster_point,,,Caravan/convoy links are context only; portal nodes lack general traversal eligibility; no shortcut inferred,Static human startup rules; later choices excluded. Maritime land anchors are descriptive; not movement routes. Secondary forces do not set primary distance.,False,Wargrove of Woe,wood_elves,wh_dlc05_sc_wef_wood_elves,Crooked Moon,greenskins,wh_main_sc_grn_greenskins,Conflict,False,Partial: guide evidence plus analytical prior; generic modifier matrix unmeasured,greenskins_0;wood_elves_0;wood_elves_1,Opposed surrounding diplomatic ecosystems prior,"Generic numeric aversion, opening treaties, all faction/lord/technology modifiers and multiplayer runtime behavior are not exhaustively exported; classes are analytical, not verified team legality.",,Leader-defeat confederation requires an AI loser; it cannot consume the human teammate. Rebirth completion is global and one-time in co-op; Ariel is globally unique. Drycha can confederate only Argwylon; not a general ban on Wood Elf alliances.,False,Extended requires shared atlas theater AND (at most six raster borders OR at most 75 world units); Diplomatic Conflict: Opposed surrounding diplomatic ecosystems prior
wh2_dlc16_wef_drycha,wh_main_vmp_schwartzhafen,wh3_main_combi_region_gryphon_wood,wh3_main_combi_region_castle_drakenhof,wh3_main_combi_province_gryphon_wood,wh3_main_combi_province_southern_sylvania,54.238392,primary human army world coordinates,62.051614,444.91021728515625,521.4518432617188,479.64794921875,479.7973937988281,wh3_main_combi_region_gryphon_wood,wh3_main_combi_region_castle_drakenhof,3,0.0,0.0,False,,3,False,False,cai_region_hint_area_empire,empire,Regional,True,Within 100 units with neighboring provinces or at most four raster borders,land_raster_point,land_raster_point,,ivory_road_combi,Caravan/convoy links are context only; portal nodes lack general traversal eligibility; no shortcut inferred,Static human startup rules; later choices excluded. Maritime land anchors are descriptive; not movement routes. Secondary forces do not set primary distance.,False,Wargrove of Woe,wood_elves,wh_dlc05_sc_wef_wood_elves,Sylvania,vampire_counts,wh_main_sc_vmp_vampire_counts,Conflict,False,Partial: guide evidence plus analytical prior; generic modifier matrix unmeasured,vampire_counts_0;wood_elves_0;wood_elves_1,Opposed surrounding diplomatic ecosystems prior,"Generic numeric aversion, opening treaties, all faction/lord/technology modifiers and multiplayer runtime behavior are not exhaustively exported; classes are analytical, not verified team legality.",,Barrow Legion has +30 WoC/Beastmen/Norsca relations and faction Chaos-attrition immunity. Rebirth completion is global and one-time in co-op; Ariel is globally unique. Drycha can confederate only Argwylon; not a general ban on Wood Elf alliances.,False,Diplomatic Conflict: Opposed surrounding diplomatic ecosystems prior
wh2_dlc16_wef_sisters_of_twilight,wh2_dlc17_bst_taurox,wh3_main_combi_region_the_witchwood,wh3_main_combi_region_clar_karond,wh3_main_combi_province_the_witchwood,wh3_main_combi_province_obsidian_peaks,44.292191,primary human army world coordinates,51.811862,54.11070251464844,519.5233764648438,65.46726989746094,562.3348999023438,wh3_main_combi_region_the_witchwood,wh3_main_combi_region_clar_karond,2,0.0,0.0,False,,2,False,False,cai_region_hint_area_naggarond,naggarond,Regional,True,Within 100 units with neighboring provinces or at most four raster borders,land_raster_point,land_raster_point,,,Caravan/convoy links are context only; portal nodes lack general traversal eligibility; no shortcut inferred,Static human startup rules; later choices excluded. Maritime land anchors are descriptive; not movement routes. Secondary forces do not set primary distance.,False,Heralds of Ariel,wood_elves,wh_dlc05_sc_wef_wood_elves,Slaughterhorn Tribe,beastmen,wh_dlc03_sc_bst_beastmen,Conflict,True,Partial: guide evidence plus analytical prior; generic modifier matrix unmeasured,beastmen_0;wood_elves_0;wood_elves_1,Opposed surrounding diplomatic ecosystems prior Beastmen permitted-faction membership and multiplayer exception unresolved; no qualification asserted,"Generic numeric aversion, opening treaties, all faction/lord/technology modifiers and multiplayer runtime behavior are not exhaustively exported; classes are analytical, not verified team legality.",,Restricted treaty set; permitted-faction membership and teammate bypass are not enumerated by the guide; positive deals reduce Bestial Rage for five turns. Rebirth completion is global and one-time in co-op; Ariel is globally unique. Drycha can confederate only Argwylon; not a general ban on Wood Elf alliances.,False,Diplomatic Conflict: Opposed surrounding diplomatic ecosystems prior Beastmen permitted-faction membership and multiplayer exception unresolved; no qualification asserted; Treaty eligibility unresolved
wh2_dlc16_wef_sisters_of_twilight,wh2_main_def_cult_of_pleasure,wh3_main_combi_region_the_witchwood,wh3_main_combi_region_ancient_city_of_quintex,wh3_main_combi_province_the_witchwood,wh3_main_combi_province_titan_peaks,76.894457,primary human army world coordinates,54.122368,54.11070251464844,519.5233764648438,49.43446731567383,442.771240234375,wh3_main_combi_region_the_witchwood,wh3_main_combi_region_ancient_city_of_quintex,2,0.0,0.0,False,,2,False,False,cai_region_hint_area_naggarond,naggarond,Regional,True,Within 100 units with neighboring provinces or at most four raster borders,land_raster_point,land_raster_point,,,Caravan/convoy links are context only; portal nodes lack general traversal eligibility; no shortcut inferred,Static human startup rules; later choices excluded. Maritime land anchors are descriptive; not movement routes. Secondary forces do not set primary distance.,False,Heralds of Ariel,wood_elves,wh_dlc05_sc_wef_wood_elves,Cult of Pleasure,dark_elves,wh2_main_sc_def_dark_elves,Conflict,False,Partial: guide evidence plus analytical prior; generic modifier matrix unmeasured,dark_elves_0;dark_elves_1;wood_elves_0;wood_elves_1,Opposed surrounding diplomatic ecosystems prior,"Generic numeric aversion, opening treaties, all faction/lord/technology modifiers and multiplayer runtime behavior are not exhaustively exported; classes are analytical, not verified team legality.",,Har Ganeth Blood Voyage is a forced vassal targeting occupied Ulthuan settlements; not a general alliance ban. Hag Graef gains conditional +25/+50 daemon relations at high possession; not a permanent faction-wide alliance guarantee. Rebirth completion is global and one-time in co-op; Ariel is globally unique. Drycha can confederate only Argwylon; not a general ban on Wood Elf alliances.,False,Diplomatic Conflict: Opposed surrounding diplomatic ecosystems prior
wh2_dlc16_wef_sisters_of_twilight,wh2_main_def_har_ganeth,wh3_main_combi_region_the_witchwood,wh3_main_combi_region_har_ganeth,wh3_main_combi_province_the_witchwood,wh3_main_combi_province_the_road_of_skulls,145.796651,primary human army world coordinates,153.888798,54.11070251464844,519.5233764648438,132.9386444091797,642.1725463867188,wh3_main_combi_region_the_witchwood,wh3_main_combi_region_har_ganeth,7,0.0,0.0,False,,7,False,False,cai_region_hint_area_naggarond,naggarond,Extended,False,Extended requires shared atlas theater AND (at most six raster borders OR at most 75 world units),land_raster_point,land_raster_point,,,Caravan/convoy links are context only; portal nodes lack general traversal eligibility; no shortcut inferred,Static human startup rules; later choices excluded. Maritime land anchors are descriptive; not movement routes. Secondary forces do not set primary distance.,False,Heralds of Ariel,wood_elves,wh_dlc05_sc_wef_wood_elves,Har Ganeth,dark_elves,wh2_main_sc_def_dark_elves,Conflict,False,Partial: guide evidence plus analytical prior; generic modifier matrix unmeasured,dark_elves_0;dark_elves_1;wood_elves_0;wood_elves_1,Opposed surrounding diplomatic ecosystems prior,"Generic numeric aversion, opening treaties, all faction/lord/technology modifiers and multiplayer runtime behavior are not exhaustively exported; classes are analytical, not verified team legality.",,Har Ganeth Blood Voyage is a forced vassal targeting occupied Ulthuan settlements; not a general alliance ban. Hag Graef gains conditional +25/+50 daemon relations at high possession; not a permanent faction-wide alliance guarantee. Rebirth completion is global and one-time in co-op; Ariel is globally unique. Drycha can confederate only Argwylon; not a general ban on Wood Elf alliances.,False,Extended requires shared atlas theater AND (at most six raster borders OR at most 75 world units); Diplomatic Conflict: Opposed surrounding diplomatic ecosystems prior
wh2_dlc16_wef_sisters_of_twilight,wh2_main_def_naggarond,wh3_main_combi_region_the_witchwood,wh3_main_combi_region_har_kaldra,wh3_main_combi_province_the_witchwood,wh3_main_combi_province_iron_foothills,125.540518,primary human army world coordinates,143.238536,54.11070251464844,519.5233764648438,66.13529968261719,644.4866943359375,wh3_main_combi_region_the_witchwood,wh3_main_combi_region_har_kaldra,5,0.0,0.0,False,,5,False,False,cai_region_hint_area_naggarond,naggarond,Extended,True,Shared atlas theater and either at most six raster borders or at most 75 world units,land_raster_point,land_raster_point,,,Caravan/convoy links are context only; portal nodes lack general traversal eligibility; no shortcut inferred,Static human startup rules; later choices excluded. Maritime land anchors are descriptive; not movement routes. Secondary forces do not set primary distance.,False,Heralds of Ariel,wood_elves,wh_dlc05_sc_wef_wood_elves,Naggarond,dark_elves,wh2_main_sc_def_dark_elves,Conflict,False,Partial: guide evidence plus analytical prior; generic modifier matrix unmeasured,dark_elves_0;dark_elves_1;wood_elves_0;wood_elves_1,Opposed surrounding diplomatic ecosystems prior,"Generic numeric aversion, opening treaties, all faction/lord/technology modifiers and multiplayer runtime behavior are not exhaustively exported; classes are analytical, not verified team legality.",,Har Ganeth Blood Voyage is a forced vassal targeting occupied Ulthuan settlements; not a general alliance ban. Hag Graef gains conditional +25/+50 daemon relations at high possession; not a permanent faction-wide alliance guarantee. Rebirth completion is global and one-time in co-op; Ariel is globally unique. Drycha can confederate only Argwylon; not a general ban on Wood Elf alliances.,False,Diplomatic Conflict: Opposed surrounding diplomatic ecosystems prior
wh2_dlc16_wef_sisters_of_twilight,wh2_main_lzd_hexoatl,wh3_main_combi_region_the_witchwood,wh3_main_combi_region_hexoatl,wh3_main_combi_province_the_witchwood,wh3_main_combi_province_isthmus_of_lustria,139.770703,primary human army world coordinates,140.050645,54.11070251464844,519.5233764648438,38.07789993286133,380.6752624511719,wh3_main_combi_region_the_witchwood,wh3_main_combi_region_hexoatl,5,0.0,0.0,False,,5,False,False,,lustria <-> naggarond,Extended,False,Extended requires shared atlas theater AND (at most six raster borders OR at most 75 world units),land_raster_point,land_raster_point,,,Caravan/convoy links are context only; portal nodes lack general traversal eligibility; no shortcut inferred,Static human startup rules; later choices excluded. Maritime land anchors are descriptive; not movement routes. Secondary forces do not set primary distance.,False,Heralds of Ariel,wood_elves,wh_dlc05_sc_wef_wood_elves,Hexoatl,lizardmen,wh2_main_sc_lzd_lizardmen,Workable,False,Partial: guide evidence plus analytical prior; generic modifier matrix unmeasured,lizardmen_0;wood_elves_0;wood_elves_1,Order-adjacent but distinct territorial/diplomatic ecosystem prior,"Generic numeric aversion, opening treaties, all faction/lord/technology modifiers and multiplayer runtime behavior are not exhaustively exported; classes are analytical, not verified team legality.",,Allied province capitals support the Geomantic Web; Nakai and Oxyotl use documented variants. Rebirth completion is global and one-time in co-op; Ariel is globally unique. Drycha can confederate only Argwylon; not a general ban on Wood Elf alliances.,False,Extended requires shared atlas theater AND (at most six raster borders OR at most 75 world units)
wh2_dlc17_bst_malagor,wh2_dlc17_dwf_thorek_ironbrow,wh3_main_combi_region_sunken_khernarch,wh3_main_combi_region_karak_zorn,wh3_main_combi_province_marshes_of_madness,wh3_main_combi_province_southlands_worlds_edge_mountains,106.066637,primary human army world coordinates,122.833637,437.5618591308594,278.8533020019531,459.6069641113281,175.1029052734375,wh3_main_combi_region_sunken_khernarch,wh3_main_combi_region_karak_zorn,5,0.0,0.0,False,,5,False,False,,badlands <-> southlands,Extended,False,Extended requires shared atlas theater AND (at most six raster borders OR at most 75 world units),land_raster_point,land_raster_point,,,Caravan/convoy links are context only; portal nodes lack general traversal eligibility; no shortcut inferred,Static human startup rules; later choices excluded. Maritime land anchors are descriptive; not movement routes. Secondary forces do not set primary distance.,False,Harbinger of Disaster,beastmen,wh_dlc03_sc_bst_beastmen,Ironbrow's Expedition,dwarfs,wh_main_sc_dwf_dwarfs,Conflict,True,Partial: guide evidence plus analytical prior; generic modifier matrix unmeasured,beastmen_0;dwarfs_0;dwarfs_1,Opposed surrounding diplomatic ecosystems prior Beastmen permitted-faction membership and multiplayer exception unresolved; no qualification asserted,"Generic numeric aversion, opening treaties, all faction/lord/technology modifiers and multiplayer runtime behavior are not exhaustively exported; classes are analytical, not verified team legality.",,Restricted treaty set; permitted-faction membership and teammate bypass are not enumerated by the guide; positive deals reduce Bestial Rage for five turns. Grudge accumulation responds to hostile conduct; positive diplomacy reduces it. Different allied Dwarf owners can enable conditional Deeps trade/diplomacy benefits.,False,Extended requires shared atlas theater AND (at most six raster borders OR at most 75 world units); Diplomatic Conflict: Opposed surrounding diplomatic ecosystems prior Beastmen permitted-faction membership and multiplayer exception unresolved; no qualification asserted; Treaty eligibility unresolved
wh2_dlc17_bst_malagor,wh2_main_hef_yvresse,wh3_main_combi_region_sunken_khernarch,,wh3_main_combi_province_marshes_of_madness,,65.267017,primary human army world coordinates,,437.5618591308594,278.8533020019531,382.7831160052225,314.33671878593975,wh3_main_combi_region_sunken_khernarch,wh3_main_combi_region_gronti_mingol,2,0.0,3.1964670744364443,True,,,False,True,cai_region_hint_area_badlands,badlands,Regional,True,"Within 100 units with neighboring provinces or at most four raster borders; topology/theaters use descriptive coastal anchors, not a verified sea route",land_raster_point,maritime_point_no_distinct_region,,,Caravan/convoy links are context only; portal nodes lack general traversal eligibility; no shortcut inferred,Static human startup rules; later choices excluded. Maritime land anchors are descriptive; not movement routes. Secondary forces do not set primary distance.,True,Harbinger of Disaster,beastmen,wh_dlc03_sc_bst_beastmen,Yvresse,high_elves,wh2_main_sc_hef_high_elves,Conflict,True,Partial: guide evidence plus analytical prior; generic modifier matrix unmeasured,beastmen_0;high_elves_0,Opposed surrounding diplomatic ecosystems prior Beastmen permitted-faction membership and multiplayer exception unresolved; no qualification asserted,"Generic numeric aversion, opening treaties, all faction/lord/technology modifiers and multiplayer runtime behavior are not exhaustively exported; classes are analytical, not verified team legality.",,Restricted treaty set; permitted-faction membership and teammate bypass are not enumerated by the guide; positive deals reduce Bestial Rage for five turns. Eataine can unlock Champion actions through alliances with other legendary High Elf factions.,False,Diplomatic Conflict: Opposed surrounding diplomatic ecosystems prior Beastmen permitted-faction membership and multiplayer exception unresolved; no qualification asserted; Treaty eligibility unresolved
wh2_dlc17_bst_malagor,wh2_main_lzd_last_defenders,wh3_main_combi_region_sunken_khernarch,wh3_main_combi_region_teotiqua,wh3_main_combi_province_marshes_of_madness,wh3_main_combi_province_the_golden_pass,141.851855,primary human army world coordinates,159.365465,437.5618591308594,278.8533020019531,482.3200988769531,144.24777221679688,wh3_main_combi_region_sunken_khernarch,wh3_main_combi_region_teotiqua,5,0.0,0.0,False,,5,False,False,,badlands <-> southlands,Extended,False,Extended requires shared atlas theater AND (at most six raster borders OR at most 75 world units),land_raster_point,land_raster_point,,,Caravan/convoy links are context only; portal nodes lack general traversal eligibility; no shortcut inferred,Static human startup rules; later choices excluded. Maritime land anchors are descriptive; not movement routes. Secondary forces do not set primary distance.,False,Harbinger of Disaster,beastmen,wh_dlc03_sc_bst_beastmen,Last Defenders,lizardmen,wh2_main_sc_lzd_lizardmen,Conflict,True,Partial: guide evidence plus analytical prior; generic modifier matrix unmeasured,beastmen_0;lizardmen_0,Opposed surrounding diplomatic ecosystems prior Beastmen permitted-faction membership and multiplayer exception unresolved; no qualification asserted Partner appears in single-player faction objective(s); not treated as a multiplayer forced-war lock,"Generic numeric aversion, opening treaties, all faction/lord/technology modifiers and multiplayer runtime behavior are not exhaustively exported; classes are analytical, not verified team legality.",wh2_main_lzd_last_defenders:long:003:DESTROY_FACTION,Restricted treaty set; permitted-faction membership and teammate bypass are not enumerated by the guide; positive deals reduce Bestial Rage for five turns. Allied province capitals support the Geomantic Web; Nakai and Oxyotl use documented variants.,False,Extended requires shared atlas theater AND (at most six raster borders OR at most 75 world units); Diplomatic Conflict: Opposed surrounding diplomatic ecosystems prior Beastmen permitted-faction membership and multiplayer exception unresolved; no qualification asserted Partner appears in single-player faction objective(s); not treated as a multiplayer forced-war lock; Treaty eligibility unresolved
wh2_dlc17_bst_malagor,wh2_main_skv_clan_mors,wh3_main_combi_region_sunken_khernarch,wh3_main_combi_region_kradtommen,wh3_main_combi_province_marshes_of_madness,wh3_main_combi_province_blightwater,71.338951,primary human army world coordinates,72.573175,437.5618591308594,278.8533020019531,507.0373229980469,295.05224609375,wh3_main_combi_region_sunken_khernarch,wh3_main_combi_region_kradtommen,3,0.0,0.0,False,,3,False,True,,badlands <-> dwarf_empire,Regional,True,Within 100 units with neighboring provinces or at most four raster borders,land_raster_point,land_raster_point,,,Caravan/convoy links are context only; portal nodes lack general traversal eligibility; no shortcut inferred,Static human startup rules; later choices excluded. Maritime land anchors are descriptive; not movement routes. Secondary forces do not set primary distance.,False,Harbinger of Disaster,beastmen,wh_dlc03_sc_bst_beastmen,Clan Mors,skaven,wh2_main_sc_skv_skaven,Special,True,Partial: guide evidence plus analytical prior; generic modifier matrix unmeasured,beastmen_0;skaven_0,Non-Order pragmatic-alliance prior; not a numeric diplomatic guarantee Beastmen permitted-faction membership and multiplayer exception unresolved; no qualification asserted,"Generic numeric aversion, opening treaties, all faction/lord/technology modifiers and multiplayer runtime behavior are not exhaustively exported; classes are analytical, not verified team legality.",,Restricted treaty set; permitted-faction membership and teammate bypass are not enumerated by the guide; positive deals reduce Bestial Rage for five turns. Vermintide war declaration explicitly excludes teammates; this is not blanket protection against all Under-City damage.,False,Treaty eligibility unresolved
wh2_dlc17_bst_malagor,wh3_dlc26_grn_gorbad_ironclaw,wh3_main_combi_region_sunken_khernarch,wh3_main_combi_region_iron_rock,wh3_main_combi_province_marshes_of_madness,wh3_main_combi_province_death_pass,96.865609,primary human army world coordinates,95.717232,437.5618591308594,278.8533020019531,486.3282775878906,362.5478820800781,wh3_main_combi_region_sunken_khernarch,wh3_main_combi_region_iron_rock,3,0.0,0.0,False,,3,False,False,,badlands <-> dwarf_empire,Regional,True,Within 100 units with neighboring provinces or at most four raster borders,land_raster_point,land_raster_point,,,Caravan/convoy links are context only; portal nodes lack general traversal eligibility; no shortcut inferred,Static human startup rules; later choices excluded. Maritime land anchors are descriptive; not movement routes. Secondary forces do not set primary distance.,False,Harbinger of Disaster,beastmen,wh_dlc03_sc_bst_beastmen,Ironclaw Orcs,greenskins,wh_main_sc_grn_greenskins,Special,True,Partial: guide evidence plus analytical prior; generic modifier matrix unmeasured,beastmen_0;greenskins_0,Non-Order pragmatic-alliance prior; not a numeric diplomatic guarantee Beastmen permitted-faction membership and multiplayer exception unresolved; no qualification asserted,"Generic numeric aversion, opening treaties, all faction/lord/technology modifiers and multiplayer runtime behavior are not exhaustively exported; classes are analytical, not verified team legality.",,Restricted treaty set; permitted-faction membership and teammate bypass are not enumerated by the guide; positive deals reduce Bestial Rage for five turns. Leader-defeat confederation requires an AI loser; it cannot consume the human teammate.,False,Treaty eligibility unresolved
wh2_dlc17_bst_malagor,wh3_main_emp_cult_of_sigmar,wh3_main_combi_region_sunken_khernarch,wh3_main_combi_region_sudenburg,wh3_main_combi_province_marshes_of_madness,wh3_main_combi_province_land_of_the_dervishes,110.791547,primary human army world coordinates,109.591084,437.5618591308594,278.8533020019531,372.7626037597656,188.9877166748047,wh3_main_combi_region_sunken_khernarch,wh3_main_combi_region_sudenburg,4,0.0,0.0,False,,4,False,False,,badlands <-> southlands,Extended,False,Extended requires shared atlas theater AND (at most six raster borders OR at most 75 world units),land_raster_point,land_raster_point,,,Caravan/convoy links are context only; portal nodes lack general traversal eligibility; no shortcut inferred,Static human startup rules; later choices excluded. Maritime land anchors are descriptive; not movement routes. Secondary forces do not set primary distance.,False,Harbinger of Disaster,beastmen,wh_dlc03_sc_bst_beastmen,Cult of Sigmar,empire,wh_main_sc_emp_empire,Conflict,True,Partial: guide evidence plus analytical prior; generic modifier matrix unmeasured,beastmen_0;empire_0,Opposed surrounding diplomatic ecosystems prior Beastmen permitted-faction membership and multiplayer exception unresolved; no qualification asserted,"Generic numeric aversion, opening treaties, all faction/lord/technology modifiers and multiplayer runtime behavior are not exhaustively exported; classes are analytical, not verified team legality.",,Restricted treaty set; permitted-faction membership and teammate bypass are not enumerated by the guide; positive deals reduce Bestial Rage for five turns. Reikland Elector politics replaces ordinary confederation/NAP paths; does not establish a general military-alliance ban.,False,Extended requires shared atlas theater AND (at most six raster borders OR at most 75 world units); Diplomatic Conflict: Opposed surrounding diplomatic ecosystems prior Beastmen permitted-faction membership and multiplayer exception unresolved; no qualification asserted; Treaty eligibility unresolved
wh2_dlc17_bst_malagor,wh3_main_kho_exiles_of_khorne,wh3_main_combi_region_sunken_khernarch,wh3_main_combi_region_agrul_migdhal,wh3_main_combi_province_marshes_of_madness,wh3_main_combi_province_barrier_idols,30.768222,primary human army world coordinates,30.735181,437.5618591308594,278.8533020019531,451.5905456542969,251.46937561035156,wh3_main_combi_region_sunken_khernarch,wh3_main_combi_region_agrul_migdhal,1,0.0,0.0,False,,1,False,True,cai_region_hint_area_badlands,badlands,Immediate,True,Same province or adjacent starts within 100 world units,land_raster_point,land_raster_point,,,Caravan/convoy links are context only; portal nodes lack general traversal eligibility; no shortcut inferred,Static human startup rules; later choices excluded. Maritime land anchors are descriptive; not movement routes. Secondary forces do not set primary distance.,False,Harbinger of Disaster,beastmen,wh_dlc03_sc_bst_beastmen,Exiles of Khorne,khorne,wh3_main_sc_kho_khorne,Special,True,Partial: guide evidence plus analytical prior; generic modifier matrix unmeasured,beastmen_0;khorne_0,Chaos ecosystem prior with patron/vassal competition Beastmen permitted-faction membership and multiplayer exception unresolved; no qualification asserted,"Generic numeric aversion, opening treaties, all faction/lord/technology modifiers and multiplayer runtime behavior are not exhaustively exported; classes are analytical, not verified team legality.",,Restricted treaty set; permitted-faction membership and teammate bypass are not enumerated by the guide; positive deals reduce Bestial Rage for five turns. No bespoke diplomacy override established; absence does not imply zero generic aversion.,False,Treaty eligibility unresolved
wh2_dlc17_bst_malagor,wh3_main_ogr_disciples_of_the_maw,wh3_main_combi_region_sunken_khernarch,wh3_main_combi_region_matorca,wh3_main_combi_province_marshes_of_madness,wh3_main_combi_province_eastern_border_princes,125.987625,primary human army world coordinates,106.498163,437.5618591308594,278.8533020019531,421.529052734375,403.8166198730469,wh3_main_combi_region_sunken_khernarch,wh3_main_combi_region_matorca,5,0.0,0.0,False,,5,False,False,,badlands <-> border_princes,Extended,False,Extended requires shared atlas theater AND (at most six raster borders OR at most 75 world units),land_raster_point,land_raster_point,,,Caravan/convoy links are context only; portal nodes lack general traversal eligibility; no shortcut inferred,Static human startup rules; later choices excluded. Maritime land anchors are descriptive; not movement routes. Secondary forces do not set primary distance.,False,Harbinger of Disaster,beastmen,wh_dlc03_sc_bst_beastmen,Disciples of the Maw,ogre_kingdoms,wh3_main_sc_ogr_ogre_kingdoms,Special,True,Partial: guide evidence plus analytical prior; generic modifier matrix unmeasured,beastmen_0;ogre_kingdoms_0,Ogre mercenary-neutral ecosystem prior; faction restrictions take precedence Beastmen permitted-faction membership and multiplayer exception unresolved; no qualification asserted,"Generic numeric aversion, opening treaties, all faction/lord/technology modifiers and multiplayer runtime behavior are not exhaustively exported; classes are analytical, not verified team legality.",,Restricted treaty set; permitted-faction membership and teammate bypass are not enumerated by the guide; positive deals reduce Bestial Rage for five turns. Ogre trespass diplomacy immunity is official-source-only in the guide; battle confederation requires an AI loser.,False,Extended requires shared atlas theater AND (at most six raster borders OR at most 75 world units); Treaty eligibility unresolved
wh2_dlc17_bst_malagor,wh_main_grn_orcs_of_the_bloody_hand,wh3_main_combi_region_sunken_khernarch,wh3_main_combi_region_sun_tree_glades,wh3_main_combi_province_marshes_of_madness,wh3_main_combi_province_central_jungles,142.241432,primary human army world coordinates,145.358812,437.5618591308594,278.8533020019531,423.53314208984375,137.30535888671875,wh3_main_combi_region_sunken_khernarch,wh3_main_combi_region_sun_tree_glades,6,0.0,0.0,False,,6,False,False,,badlands <-> southlands,Extended,False,Extended requires shared atlas theater AND (at most six raster borders OR at most 75 world units),land_raster_point,land_raster_point,,,Caravan/convoy links are context only; portal nodes lack general traversal eligibility; no shortcut inferred,Static human startup rules; later choices excluded. Maritime land anchors are descriptive; not movement routes. Secondary forces do not set primary distance.,False,Harbinger of Disaster,beastmen,wh_dlc03_sc_bst_beastmen,The Bloody Handz,greenskins,wh_main_sc_grn_greenskins,Special,True,Partial: guide evidence plus analytical prior; generic modifier matrix unmeasured,beastmen_0;greenskins_0,Non-Order pragmatic-alliance prior; not a numeric diplomatic guarantee Beastmen permitted-faction membership and multiplayer exception unresolved; no qualification asserted,"Generic numeric aversion, opening treaties, all faction/lord/technology modifiers and multiplayer runtime behavior are not exhaustively exported; classes are analytical, not verified team legality.",,Restricted treaty set; permitted-faction membership and teammate bypass are not enumerated by the guide; positive deals reduce Bestial Rage for five turns. Leader-defeat confederation requires an AI loser; it cannot consume the human teammate.,False,Extended requires shared atlas theater AND (at most six raster borders OR at most 75 world units); Treaty eligibility unresolved
wh2_dlc17_bst_malagor,wh_main_vmp_vampire_counts,wh3_main_combi_region_sunken_khernarch,wh3_main_combi_region_ka_sabar,wh3_main_combi_province_marshes_of_madness,wh3_main_combi_province_shifting_sands,92.85743,primary human army world coordinates,102.278892,437.5618591308594,278.8533020019531,414.1806945800781,188.9877166748047,wh3_main_combi_region_sunken_khernarch,wh3_main_combi_region_ka_sabar,4,0.0,0.0,False,,4,False,False,,badlands <-> southlands,Regional,True,Within 100 units with neighboring provinces or at most four raster borders,land_raster_point,land_raster_point,,,Caravan/convoy links are context only; portal nodes lack general traversal eligibility; no shortcut inferred,Static human startup rules; later choices excluded. Maritime land anchors are descriptive; not movement routes. Secondary forces do not set primary distance.,False,Harbinger of Disaster,beastmen,wh_dlc03_sc_bst_beastmen,The Drakenhof Conclave,vampire_counts,wh_main_sc_vmp_vampire_counts,Special,True,Partial: guide evidence plus analytical prior; generic modifier matrix unmeasured,beastmen_0;vampire_counts_0,Non-Order pragmatic-alliance prior; not a numeric diplomatic guarantee Beastmen permitted-faction membership and multiplayer exception unresolved; no qualification asserted,"Generic numeric aversion, opening treaties, all faction/lord/technology modifiers and multiplayer runtime behavior are not exhaustively exported; classes are analytical, not verified team legality.",,Restricted treaty set; permitted-faction membership and teammate bypass are not enumerated by the guide; positive deals reduce Bestial Rage for five turns. Barrow Legion has +30 WoC/Beastmen/Norsca relations and faction Chaos-attrition immunity.,False,Treaty eligibility unresolved
wh2_dlc17_bst_taurox,wh2_main_def_cult_of_pleasure,wh3_main_combi_region_clar_karond,wh3_main_combi_region_ancient_city_of_quintex,wh3_main_combi_province_obsidian_peaks,wh3_main_combi_province_titan_peaks,120.633824,primary human army world coordinates,105.647659,65.46726989746094,562.3348999023438,49.43446731567383,442.771240234375,wh3_main_combi_region_clar_karond,wh3_main_combi_region_ancient_city_of_quintex,3,0.0,0.0,False,,3,False,False,cai_region_hint_area_naggarond,naggarond,Extended,True,Shared atlas theater and either at most six raster borders or at most 75 world units,land_raster_point,land_raster_point,,,Caravan/convoy links are context only; portal nodes lack general traversal eligibility; no shortcut inferred,Static human startup rules; later choices excluded. Maritime land anchors are descriptive; not movement routes. Secondary forces do not set primary distance.,False,Slaughterhorn Tribe,beastmen,wh_dlc03_sc_bst_beastmen,Cult of Pleasure,dark_elves,wh2_main_sc_def_dark_elves,Special,True,Partial: guide evidence plus analytical prior; generic modifier matrix unmeasured,beastmen_0;dark_elves_0;dark_elves_1,Non-Order pragmatic-alliance prior; not a numeric diplomatic guarantee Beastmen permitted-faction membership and multiplayer exception unresolved; no qualification asserted,"Generic numeric aversion, opening treaties, all faction/lord/technology modifiers and multiplayer runtime behavior are not exhaustively exported; classes are analytical, not verified team legality.",,Restricted treaty set; permitted-faction membership and teammate bypass are not enumerated by the guide; positive deals reduce Bestial Rage for five turns. Har Ganeth Blood Voyage is a forced vassal targeting occupied Ulthuan settlements; not a general alliance ban. Hag Graef gains conditional +25/+50 daemon relations at high possession; not a permanent faction-wide alliance guarantee.,False,Treaty eligibility unresolved
wh2_dlc17_bst_taurox,wh2_main_def_har_ganeth,wh3_main_combi_region_clar_karond,wh3_main_combi_region_har_ganeth,wh3_main_combi_province_obsidian_peaks,wh3_main_combi_province_the_road_of_skulls,104.529595,primary human army world coordinates,105.238757,65.46726989746094,562.3348999023438,132.9386444091797,642.1725463867188,wh3_main_combi_region_clar_karond,wh3_main_combi_region_har_ganeth,5,0.0,0.0,False,,5,False,False,cai_region_hint_area_naggarond,naggarond,Extended,True,Shared atlas theater and either at most six raster borders or at most 75 world units,land_raster_point,land_raster_point,,,Caravan/convoy links are context only; portal nodes lack general traversal eligibility; no shortcut inferred,Static human startup rules; later choices excluded. Maritime land anchors are descriptive; not movement routes. Secondary forces do not set primary distance.,False,Slaughterhorn Tribe,beastmen,wh_dlc03_sc_bst_beastmen,Har Ganeth,dark_elves,wh2_main_sc_def_dark_elves,Special,True,Partial: guide evidence plus analytical prior; generic modifier matrix unmeasured,beastmen_0;dark_elves_0;dark_elves_1,Non-Order pragmatic-alliance prior; not a numeric diplomatic guarantee Beastmen permitted-faction membership and multiplayer exception unresolved; no qualification asserted,"Generic numeric aversion, opening treaties, all faction/lord/technology modifiers and multiplayer runtime behavior are not exhaustively exported; classes are analytical, not verified team legality.",,Restricted treaty set; permitted-faction membership and teammate bypass are not enumerated by the guide; positive deals reduce Bestial Rage for five turns. Har Ganeth Blood Voyage is a forced vassal targeting occupied Ulthuan settlements; not a general alliance ban. Hag Graef gains conditional +25/+50 daemon relations at high possession; not a permanent faction-wide alliance guarantee.,False,Treaty eligibility unresolved
wh2_dlc17_bst_taurox,wh2_main_def_naggarond,wh3_main_combi_region_clar_karond,wh3_main_combi_region_har_kaldra,wh3_main_combi_province_obsidian_peaks,wh3_main_combi_province_iron_foothills,82.15451,primary human army world coordinates,94.298278,65.46726989746094,562.3348999023438,66.13529968261719,644.4866943359375,wh3_main_combi_region_clar_karond,wh3_main_combi_region_har_kaldra,3,0.0,0.0,False,,3,False,False,cai_region_hint_area_naggarond,naggarond,Regional,True,Within 100 units with neighboring provinces or at most four raster borders,land_raster_point,land_raster_point,,,Caravan/convoy links are context only; portal nodes lack general traversal eligibility; no shortcut inferred,Static human startup rules; later choices excluded. Maritime land anchors are descriptive; not movement routes. Secondary forces do not set primary distance.,False,Slaughterhorn Tribe,beastmen,wh_dlc03_sc_bst_beastmen,Naggarond,dark_elves,wh2_main_sc_def_dark_elves,Special,True,Partial: guide evidence plus analytical prior; generic modifier matrix unmeasured,beastmen_0;dark_elves_0;dark_elves_1,Non-Order pragmatic-alliance prior; not a numeric diplomatic guarantee Beastmen permitted-faction membership and multiplayer exception unresolved; no qualification asserted,"Generic numeric aversion, opening treaties, all faction/lord/technology modifiers and multiplayer runtime behavior are not exhaustively exported; classes are analytical, not verified team legality.",,Restricted treaty set; permitted-faction membership and teammate bypass are not enumerated by the guide; positive deals reduce Bestial Rage for five turns. Har Ganeth Blood Voyage is a forced vassal targeting occupied Ulthuan settlements; not a general alliance ban. Hag Graef gains conditional +25/+50 daemon relations at high possession; not a permanent faction-wide alliance guarantee.,False,Treaty eligibility unresolved
wh2_dlc17_bst_taurox,wh2_main_hef_nagarythe,wh3_main_combi_region_clar_karond,wh3_main_combi_region_the_monoliths,wh3_main_combi_province_obsidian_peaks,wh3_main_combi_province_granite_hills,80.297508,primary human army world coordinates,64.513287,65.46726989746094,562.3348999023438,141.62307739257812,587.7904052734375,wh3_main_combi_region_clar_karond,wh3_main_combi_region_the_monoliths,2,0.0,0.0,False,,2,False,True,cai_region_hint_area_naggarond,naggarond,Regional,True,Within 100 units with neighboring provinces or at most four raster borders,land_raster_point,land_raster_point,,,Caravan/convoy links are context only; portal nodes lack general traversal eligibility; no shortcut inferred,Static human startup rules; later choices excluded. Maritime land anchors are descriptive; not movement routes. Secondary forces do not set primary distance.,False,Slaughterhorn Tribe,beastmen,wh_dlc03_sc_bst_beastmen,Nagarythe,high_elves,wh2_main_sc_hef_high_elves,Conflict,True,Partial: guide evidence plus analytical prior; generic modifier matrix unmeasured,beastmen_0;high_elves_0,Opposed surrounding diplomatic ecosystems prior Beastmen permitted-faction membership and multiplayer exception unresolved; no qualification asserted,"Generic numeric aversion, opening treaties, all faction/lord/technology modifiers and multiplayer runtime behavior are not exhaustively exported; classes are analytical, not verified team legality.",,Restricted treaty set; permitted-faction membership and teammate bypass are not enumerated by the guide; positive deals reduce Bestial Rage for five turns. Eataine can unlock Champion actions through alliances with other legendary High Elf factions.,False,Diplomatic Conflict: Opposed surrounding diplomatic ecosystems prior Beastmen permitted-faction membership and multiplayer exception unresolved; no qualification asserted; Treaty eligibility unresolved
wh2_dlc17_bst_taurox,wh3_dlc20_chs_valkia,wh3_main_combi_region_clar_karond,wh3_main_combi_region_dagraks_end,wh3_main_combi_province_obsidian_peaks,wh3_main_combi_province_ironfrost_glacier,130.362923,primary human army world coordinates,153.882099,65.46726989746094,562.3348999023438,75.4877700805664,692.3121337890625,wh3_main_combi_region_clar_karond,wh3_main_combi_region_dagraks_end,5,0.0,0.0,False,,5,False,False,cai_region_hint_area_naggarond,naggarond,Extended,True,Shared atlas theater and either at most six raster borders or at most 75 world units,land_raster_point,land_raster_point,,,Caravan/convoy links are context only; portal nodes lack general traversal eligibility; no shortcut inferred,Static human startup rules; later choices excluded. Maritime land anchors are descriptive; not movement routes. Secondary forces do not set primary distance.,False,Slaughterhorn Tribe,beastmen,wh_dlc03_sc_bst_beastmen,Legion of the Gorequeen,warriors_of_chaos,wh_main_sc_chs_chaos,Special,True,Partial: guide evidence plus analytical prior; generic modifier matrix unmeasured,beastmen_0;warriors_of_chaos_0;warriors_of_chaos_1,Chaos ecosystem prior with patron/vassal competition Beastmen permitted-faction membership and multiplayer exception unresolved; no qualification asserted,"Generic numeric aversion, opening treaties, all faction/lord/technology modifiers and multiplayer runtime behavior are not exhaustively exported; classes are analytical, not verified team legality.",,Restricted treaty set; permitted-faction membership and teammate bypass are not enumerated by the guide; positive deals reduce Bestial Rage for five turns. Homeland vassalization is faction/settlement-specific and does not guarantee revival. Only Archaon/Be'lakor have the final-settlement forced WoC confederation route; other WoC do not.,False,Treaty eligibility unresolved
wh2_dlc17_bst_taurox,wh3_dlc24_ksl_daughters_of_the_forest,wh3_main_combi_region_clar_karond,wh3_main_combi_region_bleak_hold_fortress,wh3_main_combi_province_obsidian_peaks,wh3_main_combi_province_the_bleak_coast,87.554001,primary human army world coordinates,81.80713,65.46726989746094,562.3348999023438,64.79923248291016,474.783447265625,wh3_main_combi_region_clar_karond,wh3_main_combi_region_bleak_hold_fortress,3,0.0,0.0,False,,3,False,False,cai_region_hint_area_naggarond,naggarond,Regional,True,Within 100 units with neighboring provinces or at most four raster borders,land_raster_point,land_raster_point,,,Caravan/convoy links are context only; portal nodes lack general traversal eligibility; no shortcut inferred,Static human startup rules; later choices excluded. Maritime land anchors are descriptive; not movement routes. Secondary forces do not set primary distance.,False,Slaughterhorn Tribe,beastmen,wh_dlc03_sc_bst_beastmen,Daughters of the Forest,kislev,wh3_main_sc_ksl_kislev,Conflict,True,Partial: guide evidence plus analytical prior; generic modifier matrix unmeasured,beastmen_0;kislev_0,Opposed surrounding diplomatic ecosystems prior Beastmen permitted-faction membership and multiplayer exception unresolved; no qualification asserted,"Generic numeric aversion, opening treaties, all faction/lord/technology modifiers and multiplayer runtime behavior are not exhaustively exported; classes are analytical, not verified team legality.",,Restricted treaty set; permitted-faction membership and teammate bypass are not enumerated by the guide; positive deals reduce Bestial Rage for five turns. Old supporter-race forced confederation and intra-Kislev war ban are obsolete; ordinary diplomacy applies.,False,Diplomatic Conflict: Opposed surrounding diplomatic ecosystems prior Beastmen permitted-faction membership and multiplayer exception unresolved; no qualification asserted; Treaty eligibility unresolved
wh2_dlc17_bst_taurox,wh3_main_dwf_the_ancestral_throng,wh3_main_combi_region_clar_karond,wh3_main_combi_region_eldar_spire,wh3_main_combi_province_obsidian_peaks,wh3_main_combi_province_iron_coast,75.093611,primary human army world coordinates,91.18515,65.46726989746094,562.3348999023438,11.3565673828125,614.4029541015625,wh3_main_combi_region_clar_karond,wh3_main_combi_region_eldar_spire,3,0.0,0.0,False,,3,False,False,cai_region_hint_area_naggarond,naggarond,Regional,True,Within 100 units with neighboring provinces or at most four raster borders,land_raster_point,land_raster_point,,,Caravan/convoy links are context only; portal nodes lack general traversal eligibility; no shortcut inferred,Static human startup rules; later choices excluded. Maritime land anchors are descriptive; not movement routes. Secondary forces do not set primary distance.,False,Slaughterhorn Tribe,beastmen,wh_dlc03_sc_bst_beastmen,The Ancestral Throng,dwarfs,wh_main_sc_dwf_dwarfs,Conflict,True,Partial: guide evidence plus analytical prior; generic modifier matrix unmeasured,beastmen_0;dwarfs_0;dwarfs_1,Opposed surrounding diplomatic ecosystems prior Beastmen permitted-faction membership and multiplayer exception unresolved; no qualification asserted,"Generic numeric aversion, opening treaties, all faction/lord/technology modifiers and multiplayer runtime behavior are not exhaustively exported; classes are analytical, not verified team legality.",,Restricted treaty set; permitted-faction membership and teammate bypass are not enumerated by the guide; positive deals reduce Bestial Rage for five turns. Grudge accumulation responds to hostile conduct; positive diplomacy reduces it. Different allied Dwarf owners can enable conditional Deeps trade/diplomacy benefits.,False,Diplomatic Conflict: Opposed surrounding diplomatic ecosystems prior Beastmen permitted-faction membership and multiplayer exception unresolved; no qualification asserted; Treaty eligibility unresolved
wh2_dlc17_dwf_thorek_ironbrow,wh2_main_skv_clan_mors,wh3_main_combi_region_karak_zorn,wh3_main_combi_region_kradtommen,wh3_main_combi_province_southlands_worlds_edge_mountains,wh3_main_combi_province_blightwater,128.986369,primary human army world coordinates,142.65651,459.6069641113281,175.1029052734375,507.0373229980469,295.05224609375,wh3_main_combi_region_karak_zorn,wh3_main_combi_region_kradtommen,5,0.0,0.0,False,,5,False,False,,dwarf_empire <-> southlands,Extended,False,Extended requires shared atlas theater AND (at most six raster borders OR at most 75 world units),land_raster_point,land_raster_point,,,Caravan/convoy links are context only; portal nodes lack general traversal eligibility; no shortcut inferred,Static human startup rules; later choices excluded. Maritime land anchors are descriptive; not movement routes. Secondary forces do not set primary distance.,False,Ironbrow's Expedition,dwarfs,wh_main_sc_dwf_dwarfs,Clan Mors,skaven,wh2_main_sc_skv_skaven,Conflict,False,Partial: guide evidence plus analytical prior; generic modifier matrix unmeasured,dwarfs_0;dwarfs_1;skaven_0,Opposed surrounding diplomatic ecosystems prior,"Generic numeric aversion, opening treaties, all faction/lord/technology modifiers and multiplayer runtime behavior are not exhaustively exported; classes are analytical, not verified team legality.",,Grudge accumulation responds to hostile conduct; positive diplomacy reduces it. Different allied Dwarf owners can enable conditional Deeps trade/diplomacy benefits. Vermintide war declaration explicitly excludes teammates; this is not blanket protection against all Under-City damage.,False,Extended requires shared atlas theater AND (at most six raster borders OR at most 75 world units); Diplomatic Conflict: Opposed surrounding diplomatic ecosystems prior
wh2_dlc17_dwf_thorek_ironbrow,wh3_main_kho_exiles_of_khorne,wh3_main_combi_region_karak_zorn,wh3_main_combi_region_agrul_migdhal,wh3_main_combi_province_southlands_worlds_edge_mountains,wh3_main_combi_province_barrier_idols,76.786071,primary human army world coordinates,92.21419,459.6069641113281,175.1029052734375,451.5905456542969,251.46937561035156,wh3_main_combi_region_karak_zorn,wh3_main_combi_region_agrul_migdhal,4,0.0,0.0,False,,4,False,False,,badlands <-> southlands,Regional,True,Within 100 units with neighboring provinces or at most four raster borders,land_raster_point,land_raster_point,,,Caravan/convoy links are context only; portal nodes lack general traversal eligibility; no shortcut inferred,Static human startup rules; later choices excluded. Maritime land anchors are descriptive; not movement routes. Secondary forces do not set primary distance.,False,Ironbrow's Expedition,dwarfs,wh_main_sc_dwf_dwarfs,Exiles of Khorne,khorne,wh3_main_sc_kho_khorne,Conflict,False,Partial: guide evidence plus analytical prior; generic modifier matrix unmeasured,dwarfs_0;dwarfs_1;khorne_0,Opposed surrounding diplomatic ecosystems prior,"Generic numeric aversion, opening treaties, all faction/lord/technology modifiers and multiplayer runtime behavior are not exhaustively exported; classes are analytical, not verified team legality.",,Grudge accumulation responds to hostile conduct; positive diplomacy reduces it. Different allied Dwarf owners can enable conditional Deeps trade/diplomacy benefits. No bespoke diplomacy override established; absence does not imply zero generic aversion.,False,Diplomatic Conflict: Opposed surrounding diplomatic ecosystems prior
wh2_dlc17_dwf_thorek_ironbrow,wh_main_grn_orcs_of_the_bloody_hand,wh3_main_combi_region_karak_zorn,wh3_main_combi_region_sun_tree_glades,wh3_main_combi_province_southlands_worlds_edge_mountains,wh3_main_combi_province_central_jungles,52.249164,primary human army world coordinates,56.946239,459.6069641113281,175.1029052734375,423.53314208984375,137.30535888671875,wh3_main_combi_region_karak_zorn,wh3_main_combi_region_sun_tree_glades,2,0.0,0.0,False,,2,False,False,cai_region_hint_area_southlands,southlands,Regional,True,Within 100 units with neighboring provinces or at most four raster borders,land_raster_point,land_raster_point,,,Caravan/convoy links are context only; portal nodes lack general traversal eligibility; no shortcut inferred,Static human startup rules; later choices excluded. Maritime land anchors are descriptive; not movement routes. Secondary forces do not set primary distance.,False,Ironbrow's Expedition,dwarfs,wh_main_sc_dwf_dwarfs,The Bloody Handz,greenskins,wh_main_sc_grn_greenskins,Conflict,False,Partial: guide evidence plus analytical prior; generic modifier matrix unmeasured,dwarfs_0;dwarfs_1;greenskins_0,Opposed surrounding diplomatic ecosystems prior,"Generic numeric aversion, opening treaties, all faction/lord/technology modifiers and multiplayer runtime behavior are not exhaustively exported; classes are analytical, not verified team legality.",,Grudge accumulation responds to hostile conduct; positive diplomacy reduces it. Different allied Dwarf owners can enable conditional Deeps trade/diplomacy benefits. Leader-defeat confederation requires an AI loser; it cannot consume the human teammate.,False,Diplomatic Conflict: Opposed surrounding diplomatic ecosystems prior
wh2_dlc17_dwf_thorek_ironbrow,wh_main_vmp_vampire_counts,wh3_main_combi_region_karak_zorn,wh3_main_combi_region_ka_sabar,wh3_main_combi_province_southlands_worlds_edge_mountains,wh3_main_combi_province_shifting_sands,47.500884,primary human army world coordinates,32.21597,459.6069641113281,175.1029052734375,414.1806945800781,188.9877166748047,wh3_main_combi_region_karak_zorn,wh3_main_combi_region_ka_sabar,1,0.0,0.0,False,,1,False,True,cai_region_hint_area_southlands,southlands,Immediate,True,Same province or adjacent starts within 100 world units,land_raster_point,land_raster_point,,,Caravan/convoy links are context only; portal nodes lack general traversal eligibility; no shortcut inferred,Static human startup rules; later choices excluded. Maritime land anchors are descriptive; not movement routes. Secondary forces do not set primary distance.,False,Ironbrow's Expedition,dwarfs,wh_main_sc_dwf_dwarfs,The Drakenhof Conclave,vampire_counts,wh_main_sc_vmp_vampire_counts,Conflict,False,Partial: guide evidence plus analytical prior; generic modifier matrix unmeasured,dwarfs_0;dwarfs_1;vampire_counts_0,Opposed surrounding diplomatic ecosystems prior,"Generic numeric aversion, opening treaties, all faction/lord/technology modifiers and multiplayer runtime behavior are not exhaustively exported; classes are analytical, not verified team legality.",,Grudge accumulation responds to hostile conduct; positive diplomacy reduces it. Different allied Dwarf owners can enable conditional Deeps trade/diplomacy benefits. Barrow Legion has +30 WoC/Beastmen/Norsca relations and faction Chaos-attrition immunity.,False,Diplomatic Conflict: Opposed surrounding diplomatic ecosystems prior
wh2_main_def_cult_of_pleasure,wh2_main_lzd_hexoatl,wh3_main_combi_region_ancient_city_of_quintex,wh3_main_combi_region_hexoatl,wh3_main_combi_province_titan_peaks,wh3_main_combi_province_isthmus_of_lustria,63.125922,primary human army world coordinates,86.326197,49.43446731567383,442.771240234375,38.07789993286133,380.6752624511719,wh3_main_combi_region_ancient_city_of_quintex,wh3_main_combi_region_hexoatl,3,0.0,0.0,False,,3,False,True,,lustria <-> naggarond,Regional,True,Within 100 units with neighboring provinces or at most four raster borders,land_raster_point,land_raster_point,,,Caravan/convoy links are context only; portal nodes lack general traversal eligibility; no shortcut inferred,Static human startup rules; later choices excluded. Maritime land anchors are descriptive; not movement routes. Secondary forces do not set primary distance.,False,Cult of Pleasure,dark_elves,wh2_main_sc_def_dark_elves,Hexoatl,lizardmen,wh2_main_sc_lzd_lizardmen,Conflict,False,Partial: guide evidence plus analytical prior; generic modifier matrix unmeasured,dark_elves_0;dark_elves_1;lizardmen_0,Opposed surrounding diplomatic ecosystems prior,"Generic numeric aversion, opening treaties, all faction/lord/technology modifiers and multiplayer runtime behavior are not exhaustively exported; classes are analytical, not verified team legality.",,Har Ganeth Blood Voyage is a forced vassal targeting occupied Ulthuan settlements; not a general alliance ban. Hag Graef gains conditional +25/+50 daemon relations at high possession; not a permanent faction-wide alliance guarantee. Allied province capitals support the Geomantic Web; Nakai and Oxyotl use documented variants.,False,Diplomatic Conflict: Opposed surrounding diplomatic ecosystems prior
wh2_main_def_cult_of_pleasure,wh3_dlc24_ksl_daughters_of_the_forest,wh3_main_combi_region_ancient_city_of_quintex,wh3_main_combi_region_bleak_hold_fortress,wh3_main_combi_province_titan_peaks,wh3_main_combi_province_the_bleak_coast,35.508554,primary human army world coordinates,30.077508,49.43446731567383,442.771240234375,64.79923248291016,474.783447265625,wh3_main_combi_region_ancient_city_of_quintex,wh3_main_combi_region_bleak_hold_fortress,1,0.0,0.0,False,,1,False,True,cai_region_hint_area_naggarond,naggarond,Immediate,True,Same province or adjacent starts within 100 world units,land_raster_point,land_raster_point,,,Caravan/convoy links are context only; portal nodes lack general traversal eligibility; no shortcut inferred,Static human startup rules; later choices excluded. Maritime land anchors are descriptive; not movement routes. Secondary forces do not set primary distance.,False,Cult of Pleasure,dark_elves,wh2_main_sc_def_dark_elves,Daughters of the Forest,kislev,wh3_main_sc_ksl_kislev,Conflict,False,Partial: guide evidence plus analytical prior; generic modifier matrix unmeasured,dark_elves_0;dark_elves_1;kislev_0,Opposed surrounding diplomatic ecosystems prior,"Generic numeric aversion, opening treaties, all faction/lord/technology modifiers and multiplayer runtime behavior are not exhaustively exported; classes are analytical, not verified team legality.",,Har Ganeth Blood Voyage is a forced vassal targeting occupied Ulthuan settlements; not a general alliance ban. Hag Graef gains conditional +25/+50 daemon relations at high possession; not a permanent faction-wide alliance guarantee. Old supporter-race forced confederation and intra-Kislev war ban are obsolete; ordinary diplomacy applies.,False,Diplomatic Conflict: Opposed surrounding diplomatic ecosystems prior
wh2_main_def_cult_of_pleasure,wh_dlc08_nor_norsca,wh3_main_combi_region_ancient_city_of_quintex,,wh3_main_combi_province_titan_peaks,,94.42064,primary human army world coordinates,,49.43446731567383,442.771240234375,102.2091064453125,364.476318359375,wh3_main_combi_region_ancient_city_of_quintex,wh3_main_combi_region_monument_of_the_moon,5,0.0,11.270968380829387,True,,,False,False,,lustria <-> naggarond,Extended,False,"Extended requires shared atlas theater AND (at most six raster borders OR at most 75 world units); topology/theaters use descriptive coastal anchors, not a verified sea route",land_raster_point,maritime_point_no_distinct_region,,,Caravan/convoy links are context only; portal nodes lack general traversal eligibility; no shortcut inferred,Static human startup rules; later choices excluded. Maritime land anchors are descriptive; not movement routes. Secondary forces do not set primary distance.,True,Cult of Pleasure,dark_elves,wh2_main_sc_def_dark_elves,World Walkers,norsca,wh_dlc08_sc_nor_norsca,Workable,False,Partial: guide evidence plus analytical prior; generic modifier matrix unmeasured,dark_elves_0;dark_elves_1;norsca_0,Non-Order pragmatic-alliance prior; not a numeric diplomatic guarantee,"Generic numeric aversion, opening treaties, all faction/lord/technology modifiers and multiplayer runtime behavior are not exhaustively exported; classes are analytical, not verified team legality.",,Har Ganeth Blood Voyage is a forced vassal targeting occupied Ulthuan settlements; not a general alliance ban. Hag Graef gains conditional +25/+50 daemon relations at high possession; not a permanent faction-wide alliance guarantee. Leader-defeat tribal confederation is not an ordinary alliance restriction; human-target applicability is not proven here.,False,"Extended requires shared atlas theater AND (at most six raster borders OR at most 75 world units); topology/theaters use descriptive coastal anchors, not a verified sea route"
wh2_main_def_hag_graef,wh3_dlc20_chs_sigvald,wh3_main_combi_region_black_rock,wh3_main_combi_region_fortress_of_the_damned,wh3_main_combi_province_the_eternal_lagoon,wh3_main_combi_province_the_shard_lands,145.81501,primary human army world coordinates,161.333906,389.46343994140625,718.5390014648438,247.8403778076172,683.8269653320312,wh3_main_combi_region_black_rock,wh3_main_combi_region_fortress_of_the_damned,5,0.0,0.0,False,,5,False,False,,chaos_wastes <-> naggarond,Extended,False,Extended requires shared atlas theater AND (at most six raster borders OR at most 75 world units),land_raster_point,land_raster_point,,,Caravan/convoy links are context only; portal nodes lack general traversal eligibility; no shortcut inferred,Static human startup rules; later choices excluded. Maritime land anchors are descriptive; not movement routes. Secondary forces do not set primary distance.,False,Hag Graef,dark_elves,wh2_main_sc_def_dark_elves,The Decadent Host,warriors_of_chaos,wh_main_sc_chs_chaos,Workable,False,Partial: guide evidence plus analytical prior; generic modifier matrix unmeasured,dark_elves_0;dark_elves_1;warriors_of_chaos_0;warriors_of_chaos_1,Non-Order pragmatic-alliance prior; not a numeric diplomatic guarantee,"Generic numeric aversion, opening treaties, all faction/lord/technology modifiers and multiplayer runtime behavior are not exhaustively exported; classes are analytical, not verified team legality.",,Har Ganeth Blood Voyage is a forced vassal targeting occupied Ulthuan settlements; not a general alliance ban. Hag Graef gains conditional +25/+50 daemon relations at high possession; not a permanent faction-wide alliance guarantee. Homeland vassalization is faction/settlement-specific and does not guarantee revival. Only Archaon/Be'lakor have the final-settlement forced WoC confederation route; other WoC do not.,False,Extended requires shared atlas theater AND (at most six raster borders OR at most 75 world units)
wh2_main_def_hag_graef,wh3_main_ksl_ursun_revivalists,wh3_main_combi_region_black_rock,wh3_main_combi_region_the_tower_of_torment,wh3_main_combi_province_the_eternal_lagoon,wh3_main_combi_province_bloodfire_falls,134.279685,primary human army world coordinates,140.163811,389.46343994140625,718.5390014648438,513.7176513671875,667.6280517578125,wh3_main_combi_region_black_rock,wh3_main_combi_region_the_tower_of_torment,4,0.0,0.0,False,,4,False,False,cai_region_hint_area_chaos_wastes,chaos_wastes,Extended,True,Shared atlas theater and either at most six raster borders or at most 75 world units,land_raster_point,land_raster_point,,,Caravan/convoy links are context only; portal nodes lack general traversal eligibility; no shortcut inferred,Static human startup rules; later choices excluded. Maritime land anchors are descriptive; not movement routes. Secondary forces do not set primary distance.,False,Hag Graef,dark_elves,wh2_main_sc_def_dark_elves,Ursun Revivalists,kislev,wh3_main_sc_ksl_kislev,Conflict,False,Partial: guide evidence plus analytical prior; generic modifier matrix unmeasured,dark_elves_0;dark_elves_1;kislev_0,Opposed surrounding diplomatic ecosystems prior,"Generic numeric aversion, opening treaties, all faction/lord/technology modifiers and multiplayer runtime behavior are not exhaustively exported; classes are analytical, not verified team legality.",,Har Ganeth Blood Voyage is a forced vassal targeting occupied Ulthuan settlements; not a general alliance ban. Hag Graef gains conditional +25/+50 daemon relations at high possession; not a permanent faction-wide alliance guarantee. Old supporter-race forced confederation and intra-Kislev war ban are obsolete; ordinary diplomacy applies.,False,Diplomatic Conflict: Opposed surrounding diplomatic ecosystems prior
wh2_main_def_har_ganeth,wh2_main_hef_nagarythe,wh3_main_combi_region_har_ganeth,wh3_main_combi_region_the_monoliths,wh3_main_combi_province_the_road_of_skulls,wh3_main_combi_province_granite_hills,55.071196,primary human army world coordinates,59.63934,132.9386444091797,642.1725463867188,141.62307739257812,587.7904052734375,wh3_main_combi_region_har_ganeth,wh3_main_combi_region_the_monoliths,6,0.0,0.0,False,,6,False,False,cai_region_hint_area_naggarond,naggarond,Extended,True,Shared atlas theater and either at most six raster borders or at most 75 world units,land_raster_point,land_raster_point,,,Caravan/convoy links are context only; portal nodes lack general traversal eligibility; no shortcut inferred,Static human startup rules; later choices excluded. Maritime land anchors are descriptive; not movement routes. Secondary forces do not set primary distance.,False,Har Ganeth,dark_elves,wh2_main_sc_def_dark_elves,Nagarythe,high_elves,wh2_main_sc_hef_high_elves,Conflict,False,Partial: guide evidence plus analytical prior; generic modifier matrix unmeasured,dark_elves_0;dark_elves_1;high_elves_0,Opposed surrounding diplomatic ecosystems prior Partner appears in single-player faction objective(s); not treated as a multiplayer forced-war lock,"Generic numeric aversion, opening treaties, all faction/lord/technology modifiers and multiplayer runtime behavior are not exhaustively exported; classes are analytical, not verified team legality.",wh2_main_def_har_ganeth:long:004:DESTROY_FACTION,Har Ganeth Blood Voyage is a forced vassal targeting occupied Ulthuan settlements; not a general alliance ban. Hag Graef gains conditional +25/+50 daemon relations at high possession; not a permanent faction-wide alliance guarantee. Eataine can unlock Champion actions through alliances with other legendary High Elf factions.,False,Diplomatic Conflict: Opposed surrounding diplomatic ecosystems prior Partner appears in single-player faction objective(s); not treated as a multiplayer forced-war lock
wh2_main_def_har_ganeth,wh3_main_dwf_the_ancestral_throng,wh3_main_combi_region_har_ganeth,wh3_main_combi_region_eldar_spire,wh3_main_combi_province_the_road_of_skulls,wh3_main_combi_province_iron_coast,124.713078,primary human army world coordinates,126.849703,132.9386444091797,642.1725463867188,11.3565673828125,614.4029541015625,wh3_main_combi_region_har_ganeth,wh3_main_combi_region_eldar_spire,5,0.0,0.0,False,,5,False,False,cai_region_hint_area_naggarond,naggarond,Extended,True,Shared atlas theater and either at most six raster borders or at most 75 world units,land_raster_point,land_raster_point,,,Caravan/convoy links are context only; portal nodes lack general traversal eligibility; no shortcut inferred,Static human startup rules; later choices excluded. Maritime land anchors are descriptive; not movement routes. Secondary forces do not set primary distance.,False,Har Ganeth,dark_elves,wh2_main_sc_def_dark_elves,The Ancestral Throng,dwarfs,wh_main_sc_dwf_dwarfs,Conflict,False,Partial: guide evidence plus analytical prior; generic modifier matrix unmeasured,dark_elves_0;dark_elves_1;dwarfs_0;dwarfs_1,Opposed surrounding diplomatic ecosystems prior,"Generic numeric aversion, opening treaties, all faction/lord/technology modifiers and multiplayer runtime behavior are not exhaustively exported; classes are analytical, not verified team legality.",,Har Ganeth Blood Voyage is a forced vassal targeting occupied Ulthuan settlements; not a general alliance ban. Hag Graef gains conditional +25/+50 daemon relations at high possession; not a permanent faction-wide alliance guarantee. Grudge accumulation responds to hostile conduct; positive diplomacy reduces it. Different allied Dwarf owners can enable conditional Deeps trade/diplomacy benefits.,False,Diplomatic Conflict: Opposed surrounding diplomatic ecosystems prior
wh2_main_def_naggarond,wh2_main_hef_nagarythe,wh3_main_combi_region_har_kaldra,wh3_main_combi_region_the_monoliths,wh3_main_combi_province_iron_foothills,wh3_main_combi_province_granite_hills,94.408018,primary human army world coordinates,103.573421,66.13529968261719,644.4866943359375,141.62307739257812,587.7904052734375,wh3_main_combi_region_har_kaldra,wh3_main_combi_region_the_monoliths,4,0.0,0.0,False,,4,False,False,cai_region_hint_area_naggarond,naggarond,Regional,True,Within 100 units with neighboring provinces or at most four raster borders,land_raster_point,land_raster_point,,,Caravan/convoy links are context only; portal nodes lack general traversal eligibility; no shortcut inferred,Static human startup rules; later choices excluded. Maritime land anchors are descriptive; not movement routes. Secondary forces do not set primary distance.,False,Naggarond,dark_elves,wh2_main_sc_def_dark_elves,Nagarythe,high_elves,wh2_main_sc_hef_high_elves,Conflict,False,Partial: guide evidence plus analytical prior; generic modifier matrix unmeasured,dark_elves_0;dark_elves_1;high_elves_0,Opposed surrounding diplomatic ecosystems prior Partner appears in single-player faction objective(s); not treated as a multiplayer forced-war lock,"Generic numeric aversion, opening treaties, all faction/lord/technology modifiers and multiplayer runtime behavior are not exhaustively exported; classes are analytical, not verified team legality.",wh2_main_hef_nagarythe:long:004:DESTROY_FACTION;wh2_main_hef_nagarythe:short:001:DESTROY_FACTION,Har Ganeth Blood Voyage is a forced vassal targeting occupied Ulthuan settlements; not a general alliance ban. Hag Graef gains conditional +25/+50 daemon relations at high possession; not a permanent faction-wide alliance guarantee. Eataine can unlock Champion actions through alliances with other legendary High Elf factions.,False,Diplomatic Conflict: Opposed surrounding diplomatic ecosystems prior Partner appears in single-player faction objective(s); not treated as a multiplayer forced-war lock
wh2_main_def_naggarond,wh3_main_dwf_the_ancestral_throng,wh3_main_combi_region_har_kaldra,wh3_main_combi_region_eldar_spire,wh3_main_combi_province_iron_foothills,wh3_main_combi_province_iron_coast,62.495927,primary human army world coordinates,50.883495,66.13529968261719,644.4866943359375,11.3565673828125,614.4029541015625,wh3_main_combi_region_har_kaldra,wh3_main_combi_region_eldar_spire,2,0.0,0.0,False,,2,False,False,cai_region_hint_area_naggarond,naggarond,Regional,True,Within 100 units with neighboring provinces or at most four raster borders,land_raster_point,land_raster_point,,,Caravan/convoy links are context only; portal nodes lack general traversal eligibility; no shortcut inferred,Static human startup rules; later choices excluded. Maritime land anchors are descriptive; not movement routes. Secondary forces do not set primary distance.,False,Naggarond,dark_elves,wh2_main_sc_def_dark_elves,The Ancestral Throng,dwarfs,wh_main_sc_dwf_dwarfs,Conflict,False,Partial: guide evidence plus analytical prior; generic modifier matrix unmeasured,dark_elves_0;dark_elves_1;dwarfs_0;dwarfs_1,Opposed surrounding diplomatic ecosystems prior Partner appears in single-player faction objective(s); not treated as a multiplayer forced-war lock,"Generic numeric aversion, opening treaties, all faction/lord/technology modifiers and multiplayer runtime behavior are not exhaustively exported; classes are analytical, not verified team legality.",wh3_main_dwf_the_ancestral_throng:short:001:DESTROY_FACTION,Har Ganeth Blood Voyage is a forced vassal targeting occupied Ulthuan settlements; not a general alliance ban. Hag Graef gains conditional +25/+50 daemon relations at high possession; not a permanent faction-wide alliance guarantee. Grudge accumulation responds to hostile conduct; positive diplomacy reduces it. Different allied Dwarf owners can enable conditional Deeps trade/diplomacy benefits.,False,Diplomatic Conflict: Opposed surrounding diplomatic ecosystems prior Partner appears in single-player faction objective(s); not treated as a multiplayer forced-war lock
wh2_main_hef_avelorn,wh3_main_sla_seducers_of_slaanesh,wh3_main_combi_region_gaean_vale,wh3_main_combi_region_tor_achare,wh3_main_combi_province_avelorn,wh3_main_combi_province_chrace,36.735741,primary human army world coordinates,37.86452,175.0247344970703,449.7136535644531,187.04934692382812,484.4256591796875,wh3_main_combi_region_gaean_vale,wh3_main_combi_region_tor_achare,,0.0,0.0,False,,,False,True,cai_region_hint_area_ulthuan,ulthuan,Regional,True,Within 100 units with neighboring provinces or at most four raster borders,land_raster_point,land_raster_point,,,Caravan/convoy links are context only; portal nodes lack general traversal eligibility; no shortcut inferred,Static human startup rules; later choices excluded. Maritime land anchors are descriptive; not movement routes. Secondary forces do not set primary distance.,True,Avelorn,high_elves,wh2_main_sc_hef_high_elves,Seducers of Slaanesh,slaanesh,wh3_main_sc_sla_slaanesh,Conflict,False,Partial: guide evidence plus analytical prior; generic modifier matrix unmeasured,high_elves_0;slaanesh_0,Opposed surrounding diplomatic ecosystems prior Partner appears in single-player faction objective(s); not treated as a multiplayer forced-war lock,"Generic numeric aversion, opening treaties, all faction/lord/technology modifiers and multiplayer runtime behavior are not exhaustively exported; classes are analytical, not verified team legality.",wh2_main_hef_avelorn:short:001:DESTROY_FACTION;wh3_main_sla_seducers_of_slaanesh:short:001:DESTROY_FACTION,Eataine can unlock Champion actions through alliances with other legendary High Elf factions. N'Kari forced seduction cannot target humans; this does not make third-party vassal diplomacy harmless.,False,Diplomatic Conflict: Opposed surrounding diplomatic ecosystems prior Partner appears in single-player faction objective(s); not treated as a multiplayer forced-war lock
wh2_main_hef_eataine,wh3_main_sla_seducers_of_slaanesh,wh3_main_combi_region_lothern,wh3_main_combi_region_tor_achare,wh3_main_combi_province_eataine,wh3_main_combi_province_chrace,89.967335,primary human army world coordinates,87.202402,166.34030151367188,396.87420654296875,187.04934692382812,484.4256591796875,wh3_main_combi_region_lothern,wh3_main_combi_region_tor_achare,6,0.0,0.0,False,,6,False,False,cai_region_hint_area_ulthuan,ulthuan,Extended,True,Shared atlas theater and either at most six raster borders or at most 75 world units,land_raster_point,land_raster_point,,,Caravan/convoy links are context only; portal nodes lack general traversal eligibility; no shortcut inferred,Static human startup rules; later choices excluded. Maritime land anchors are descriptive; not movement routes. Secondary forces do not set primary distance.,False,Eataine,high_elves,wh2_main_sc_hef_high_elves,Seducers of Slaanesh,slaanesh,wh3_main_sc_sla_slaanesh,Conflict,False,Partial: guide evidence plus analytical prior; generic modifier matrix unmeasured,high_elves_0;slaanesh_0,Opposed surrounding diplomatic ecosystems prior Partner appears in single-player faction objective(s); not treated as a multiplayer forced-war lock,"Generic numeric aversion, opening treaties, all faction/lord/technology modifiers and multiplayer runtime behavior are not exhaustively exported; classes are analytical, not verified team legality.",wh3_main_sla_seducers_of_slaanesh:short:001:DESTROY_FACTION,Eataine can unlock Champion actions through alliances with other legendary High Elf factions. N'Kari forced seduction cannot target humans; this does not make third-party vassal diplomacy harmless.,False,Diplomatic Conflict: Opposed surrounding diplomatic ecosystems prior Partner appears in single-player faction objective(s); not treated as a multiplayer forced-war lock
wh2_main_hef_nagarythe,wh3_dlc20_chs_sigvald,wh3_main_combi_region_the_monoliths,wh3_main_combi_region_fortress_of_the_damned,wh3_main_combi_province_granite_hills,wh3_main_combi_province_the_shard_lands,143.196144,primary human army world coordinates,145.441409,141.62307739257812,587.7904052734375,247.8403778076172,683.8269653320312,wh3_main_combi_region_the_monoliths,wh3_main_combi_region_fortress_of_the_damned,8,0.0,0.0,False,,8,False,False,cai_region_hint_area_naggarond,naggarond,Extended,False,Extended requires shared atlas theater AND (at most six raster borders OR at most 75 world units),land_raster_point,land_raster_point,,,Caravan/convoy links are context only; portal nodes lack general traversal eligibility; no shortcut inferred,Static human startup rules; later choices excluded. Maritime land anchors are descriptive; not movement routes. Secondary forces do not set primary distance.,False,Nagarythe,high_elves,wh2_main_sc_hef_high_elves,The Decadent Host,warriors_of_chaos,wh_main_sc_chs_chaos,Conflict,False,Partial: guide evidence plus analytical prior; generic modifier matrix unmeasured,high_elves_0;warriors_of_chaos_0;warriors_of_chaos_1,Opposed surrounding diplomatic ecosystems prior,"Generic numeric aversion, opening treaties, all faction/lord/technology modifiers and multiplayer runtime behavior are not exhaustively exported; classes are analytical, not verified team legality.",,Eataine can unlock Champion actions through alliances with other legendary High Elf factions. Homeland vassalization is faction/settlement-specific and does not guarantee revival. Only Archaon/Be'lakor have the final-settlement forced WoC confederation route; other WoC do not.,False,Extended requires shared atlas theater AND (at most six raster borders OR at most 75 world units); Diplomatic Conflict: Opposed surrounding diplomatic ecosystems prior
wh2_main_hef_nagarythe,wh3_dlc20_chs_valkia,wh3_main_combi_region_the_monoliths,wh3_main_combi_region_dagraks_end,wh3_main_combi_province_granite_hills,wh3_main_combi_province_ironfrost_glacier,123.687795,primary human army world coordinates,140.41147,141.62307739257812,587.7904052734375,75.4877700805664,692.3121337890625,wh3_main_combi_region_the_monoliths,wh3_main_combi_region_dagraks_end,6,0.0,0.0,False,,6,False,False,cai_region_hint_area_naggarond,naggarond,Extended,True,Shared atlas theater and either at most six raster borders or at most 75 world units,land_raster_point,land_raster_point,,,Caravan/convoy links are context only; portal nodes lack general traversal eligibility; no shortcut inferred,Static human startup rules; later choices excluded. Maritime land anchors are descriptive; not movement routes. Secondary forces do not set primary distance.,False,Nagarythe,high_elves,wh2_main_sc_hef_high_elves,Legion of the Gorequeen,warriors_of_chaos,wh_main_sc_chs_chaos,Conflict,False,Partial: guide evidence plus analytical prior; generic modifier matrix unmeasured,high_elves_0;warriors_of_chaos_0;warriors_of_chaos_1,Opposed surrounding diplomatic ecosystems prior,"Generic numeric aversion, opening treaties, all faction/lord/technology modifiers and multiplayer runtime behavior are not exhaustively exported; classes are analytical, not verified team legality.",,Eataine can unlock Champion actions through alliances with other legendary High Elf factions. Homeland vassalization is faction/settlement-specific and does not guarantee revival. Only Archaon/Be'lakor have the final-settlement forced WoC confederation route; other WoC do not.,False,Diplomatic Conflict: Opposed surrounding diplomatic ecosystems prior
wh2_main_hef_order_of_loremasters,wh3_main_emp_cult_of_sigmar,wh3_main_combi_region_dawns_light,wh3_main_combi_region_sudenburg,wh3_main_combi_province_dawns_landing,wh3_main_combi_province_land_of_the_dervishes,134.465667,primary human army world coordinates,140.659721,392.1355895996094,55.9249382019043,372.7626037597656,188.9877166748047,wh3_main_combi_region_dawns_light,wh3_main_combi_region_sudenburg,7,0.0,0.0,False,,7,False,False,cai_region_hint_area_southlands,southlands,Extended,False,Extended requires shared atlas theater AND (at most six raster borders OR at most 75 world units),land_raster_point,land_raster_point,,,Caravan/convoy links are context only; portal nodes lack general traversal eligibility; no shortcut inferred,Static human startup rules; later choices excluded. Maritime land anchors are descriptive; not movement routes. Secondary forces do not set primary distance.,False,Order of Loremasters,high_elves,wh2_main_sc_hef_high_elves,Cult of Sigmar,empire,wh_main_sc_emp_empire,Clean,False,Partial: guide evidence plus analytical prior; generic modifier matrix unmeasured,empire_0;high_elves_0,Compatible Order ecosystem prior,"Generic numeric aversion, opening treaties, all faction/lord/technology modifiers and multiplayer runtime behavior are not exhaustively exported; classes are analytical, not verified team legality.",,Reikland Elector politics replaces ordinary confederation/NAP paths; does not establish a general military-alliance ban. Eataine can unlock Champion actions through alliances with other legendary High Elf factions.,False,Extended requires shared atlas theater AND (at most six raster borders OR at most 75 world units)
wh2_main_hef_order_of_loremasters,wh_main_grn_orcs_of_the_bloody_hand,wh3_main_combi_region_dawns_light,wh3_main_combi_region_sun_tree_glades,wh3_main_combi_province_dawns_landing,wh3_main_combi_province_central_jungles,87.22717,primary human army world coordinates,89.623991,392.1355895996094,55.9249382019043,423.53314208984375,137.30535888671875,wh3_main_combi_region_dawns_light,wh3_main_combi_region_sun_tree_glades,4,0.0,0.0,False,,4,False,False,cai_region_hint_area_southlands,southlands,Regional,True,Within 100 units with neighboring provinces or at most four raster borders,land_raster_point,land_raster_point,,,Caravan/convoy links are context only; portal nodes lack general traversal eligibility; no shortcut inferred,Static human startup rules; later choices excluded. Maritime land anchors are descriptive; not movement routes. Secondary forces do not set primary distance.,False,Order of Loremasters,high_elves,wh2_main_sc_hef_high_elves,The Bloody Handz,greenskins,wh_main_sc_grn_greenskins,Conflict,False,Partial: guide evidence plus analytical prior; generic modifier matrix unmeasured,greenskins_0;high_elves_0,Opposed surrounding diplomatic ecosystems prior Partner appears in single-player faction objective(s); not treated as a multiplayer forced-war lock,"Generic numeric aversion, opening treaties, all faction/lord/technology modifiers and multiplayer runtime behavior are not exhaustively exported; classes are analytical, not verified team legality.",wh2_main_hef_order_of_loremasters:short:002:DESTROY_FACTION,Leader-defeat confederation requires an AI loser; it cannot consume the human teammate. Eataine can unlock Champion actions through alliances with other legendary High Elf factions.,False,Diplomatic Conflict: Opposed surrounding diplomatic ecosystems prior Partner appears in single-player faction objective(s); not treated as a multiplayer forced-war lock
wh2_main_hef_order_of_loremasters,wh_main_vmp_vampire_counts,wh3_main_combi_region_dawns_light,wh3_main_combi_region_ka_sabar,wh3_main_combi_province_dawns_landing,wh3_main_combi_province_shifting_sands,134.876572,primary human army world coordinates,135.537078,392.1355895996094,55.9249382019043,414.1806945800781,188.9877166748047,wh3_main_combi_region_dawns_light,wh3_main_combi_region_ka_sabar,6,0.0,0.0,False,,6,False,False,cai_region_hint_area_southlands,southlands,Extended,True,Shared atlas theater and either at most six raster borders or at most 75 world units,land_raster_point,land_raster_point,,,Caravan/convoy links are context only; portal nodes lack general traversal eligibility; no shortcut inferred,Static human startup rules; later choices excluded. Maritime land anchors are descriptive; not movement routes. Secondary forces do not set primary distance.,False,Order of Loremasters,high_elves,wh2_main_sc_hef_high_elves,The Drakenhof Conclave,vampire_counts,wh_main_sc_vmp_vampire_counts,Conflict,False,Partial: guide evidence plus analytical prior; generic modifier matrix unmeasured,high_elves_0;vampire_counts_0,Opposed surrounding diplomatic ecosystems prior,"Generic numeric aversion, opening treaties, all faction/lord/technology modifiers and multiplayer runtime behavior are not exhaustively exported; classes are analytical, not verified team legality.",,Eataine can unlock Champion actions through alliances with other legendary High Elf factions. Barrow Legion has +30 WoC/Beastmen/Norsca relations and faction Chaos-attrition immunity.,False,Diplomatic Conflict: Opposed surrounding diplomatic ecosystems prior
wh2_main_hef_yvresse,wh2_main_skv_clan_mors,,wh3_main_combi_region_kradtommen,,wh3_main_combi_province_blightwater,125.741794,primary human army world coordinates,,382.7831160052225,314.33671878593975,507.0373229980469,295.05224609375,wh3_main_combi_region_gronti_mingol,wh3_main_combi_region_kradtommen,4,3.1964670744364443,0.0,True,,,False,False,,badlands <-> dwarf_empire,Extended,False,"Extended requires shared atlas theater AND (at most six raster borders OR at most 75 world units); topology/theaters use descriptive coastal anchors, not a verified sea route",maritime_point_no_distinct_region,land_raster_point,,,Caravan/convoy links are context only; portal nodes lack general traversal eligibility; no shortcut inferred,Static human startup rules; later choices excluded. Maritime land anchors are descriptive; not movement routes. Secondary forces do not set primary distance.,True,Yvresse,high_elves,wh2_main_sc_hef_high_elves,Clan Mors,skaven,wh2_main_sc_skv_skaven,Conflict,False,Partial: guide evidence plus analytical prior; generic modifier matrix unmeasured,high_elves_0;skaven_0,Opposed surrounding diplomatic ecosystems prior Partner appears in single-player faction objective(s); not treated as a multiplayer forced-war lock,"Generic numeric aversion, opening treaties, all faction/lord/technology modifiers and multiplayer runtime behavior are not exhaustively exported; classes are analytical, not verified team legality.",wh2_main_hef_yvresse:long:004:DESTROY_FACTION,Eataine can unlock Champion actions through alliances with other legendary High Elf factions. Vermintide war declaration explicitly excludes teammates; this is not blanket protection against all Under-City damage.,False,"Extended requires shared atlas theater AND (at most six raster borders OR at most 75 world units); topology/theaters use descriptive coastal anchors, not a verified sea route; Diplomatic Conflict: Opposed surrounding diplomatic ecosystems prior Partner appears in single-player faction objective(s); not treated as a multiplayer forced-war lock"
wh2_main_hef_yvresse,wh3_dlc26_grn_gorbad_ironclaw,,wh3_main_combi_region_iron_rock,,wh3_main_combi_province_death_pass,114.218723,primary human army world coordinates,,382.7831160052225,314.33671878593975,486.3282775878906,362.5478820800781,wh3_main_combi_region_gronti_mingol,wh3_main_combi_region_iron_rock,3,3.1964670744364443,0.0,True,,,False,False,,badlands <-> dwarf_empire,Extended,False,"Extended requires shared atlas theater AND (at most six raster borders OR at most 75 world units); topology/theaters use descriptive coastal anchors, not a verified sea route",maritime_point_no_distinct_region,land_raster_point,,,Caravan/convoy links are context only; portal nodes lack general traversal eligibility; no shortcut inferred,Static human startup rules; later choices excluded. Maritime land anchors are descriptive; not movement routes. Secondary forces do not set primary distance.,True,Yvresse,high_elves,wh2_main_sc_hef_high_elves,Ironclaw Orcs,greenskins,wh_main_sc_grn_greenskins,Conflict,False,Partial: guide evidence plus analytical prior; generic modifier matrix unmeasured,greenskins_0;high_elves_0,Opposed surrounding diplomatic ecosystems prior Partner appears in single-player faction objective(s); not treated as a multiplayer forced-war lock,"Generic numeric aversion, opening treaties, all faction/lord/technology modifiers and multiplayer runtime behavior are not exhaustively exported; classes are analytical, not verified team legality.",wh2_main_hef_yvresse:short:002:DESTROY_FACTION,Leader-defeat confederation requires an AI loser; it cannot consume the human teammate. Eataine can unlock Champion actions through alliances with other legendary High Elf factions.,False,"Extended requires shared atlas theater AND (at most six raster borders OR at most 75 world units); topology/theaters use descriptive coastal anchors, not a verified sea route; Diplomatic Conflict: Opposed surrounding diplomatic ecosystems prior Partner appears in single-player faction objective(s); not treated as a multiplayer forced-war lock"
wh2_main_hef_yvresse,wh3_main_emp_cult_of_sigmar,,wh3_main_combi_region_sudenburg,,wh3_main_combi_province_land_of_the_dervishes,125.748889,primary human army world coordinates,,382.7831160052225,314.33671878593975,372.7626037597656,188.9877166748047,wh3_main_combi_region_gronti_mingol,wh3_main_combi_region_sudenburg,5,3.1964670744364443,0.0,True,,,False,False,,badlands <-> southlands,Extended,False,"Extended requires shared atlas theater AND (at most six raster borders OR at most 75 world units); topology/theaters use descriptive coastal anchors, not a verified sea route",maritime_point_no_distinct_region,land_raster_point,,,Caravan/convoy links are context only; portal nodes lack general traversal eligibility; no shortcut inferred,Static human startup rules; later choices excluded. Maritime land anchors are descriptive; not movement routes. Secondary forces do not set primary distance.,True,Yvresse,high_elves,wh2_main_sc_hef_high_elves,Cult of Sigmar,empire,wh_main_sc_emp_empire,Clean,False,Partial: guide evidence plus analytical prior; generic modifier matrix unmeasured,empire_0;high_elves_0,Compatible Order ecosystem prior,"Generic numeric aversion, opening treaties, all faction/lord/technology modifiers and multiplayer runtime behavior are not exhaustively exported; classes are analytical, not verified team legality.",,Reikland Elector politics replaces ordinary confederation/NAP paths; does not establish a general military-alliance ban. Eataine can unlock Champion actions through alliances with other legendary High Elf factions.,False,"Extended requires shared atlas theater AND (at most six raster borders OR at most 75 world units); topology/theaters use descriptive coastal anchors, not a verified sea route"
wh2_main_hef_yvresse,wh3_main_kho_exiles_of_khorne,,wh3_main_combi_region_agrul_migdhal,,wh3_main_combi_province_barrier_idols,93.202818,primary human army world coordinates,,382.7831160052225,314.33671878593975,451.5905456542969,251.46937561035156,wh3_main_combi_region_gronti_mingol,wh3_main_combi_region_agrul_migdhal,2,3.1964670744364443,0.0,True,,,False,True,cai_region_hint_area_badlands,badlands,Regional,True,"Within 100 units with neighboring provinces or at most four raster borders; topology/theaters use descriptive coastal anchors, not a verified sea route",maritime_point_no_distinct_region,land_raster_point,,,Caravan/convoy links are context only; portal nodes lack general traversal eligibility; no shortcut inferred,Static human startup rules; later choices excluded. Maritime land anchors are descriptive; not movement routes. Secondary forces do not set primary distance.,True,Yvresse,high_elves,wh2_main_sc_hef_high_elves,Exiles of Khorne,khorne,wh3_main_sc_kho_khorne,Conflict,False,Partial: guide evidence plus analytical prior; generic modifier matrix unmeasured,high_elves_0;khorne_0,Opposed surrounding diplomatic ecosystems prior,"Generic numeric aversion, opening treaties, all faction/lord/technology modifiers and multiplayer runtime behavior are not exhaustively exported; classes are analytical, not verified team legality.",,Eataine can unlock Champion actions through alliances with other legendary High Elf factions. No bespoke diplomacy override established; absence does not imply zero generic aversion.,False,Diplomatic Conflict: Opposed surrounding diplomatic ecosystems prior
wh2_main_hef_yvresse,wh3_main_ogr_disciples_of_the_maw,,wh3_main_combi_region_matorca,,wh3_main_combi_province_eastern_border_princes,97.508463,primary human army world coordinates,,382.7831160052225,314.33671878593975,421.529052734375,403.8166198730469,wh3_main_combi_region_gronti_mingol,wh3_main_combi_region_matorca,5,3.1964670744364443,0.0,True,,,False,False,,badlands <-> border_princes,Extended,False,"Extended requires shared atlas theater AND (at most six raster borders OR at most 75 world units); topology/theaters use descriptive coastal anchors, not a verified sea route",maritime_point_no_distinct_region,land_raster_point,,,Caravan/convoy links are context only; portal nodes lack general traversal eligibility; no shortcut inferred,Static human startup rules; later choices excluded. Maritime land anchors are descriptive; not movement routes. Secondary forces do not set primary distance.,True,Yvresse,high_elves,wh2_main_sc_hef_high_elves,Disciples of the Maw,ogre_kingdoms,wh3_main_sc_ogr_ogre_kingdoms,Workable,False,Partial: guide evidence plus analytical prior; generic modifier matrix unmeasured,high_elves_0;ogre_kingdoms_0,Ogre mercenary-neutral ecosystem prior; faction restrictions take precedence,"Generic numeric aversion, opening treaties, all faction/lord/technology modifiers and multiplayer runtime behavior are not exhaustively exported; classes are analytical, not verified team legality.",,Eataine can unlock Champion actions through alliances with other legendary High Elf factions. Ogre trespass diplomacy immunity is official-source-only in the guide; battle confederation requires an AI loser.,False,"Extended requires shared atlas theater AND (at most six raster borders OR at most 75 world units); topology/theaters use descriptive coastal anchors, not a verified sea route"
wh2_main_hef_yvresse,wh_main_vmp_vampire_counts,,wh3_main_combi_region_ka_sabar,,wh3_main_combi_province_shifting_sands,129.221439,primary human army world coordinates,,382.7831160052225,314.33671878593975,414.1806945800781,188.9877166748047,wh3_main_combi_region_gronti_mingol,wh3_main_combi_region_ka_sabar,5,3.1964670744364443,0.0,True,,,False,False,,badlands <-> southlands,Extended,False,"Extended requires shared atlas theater AND (at most six raster borders OR at most 75 world units); topology/theaters use descriptive coastal anchors, not a verified sea route",maritime_point_no_distinct_region,land_raster_point,,,Caravan/convoy links are context only; portal nodes lack general traversal eligibility; no shortcut inferred,Static human startup rules; later choices excluded. Maritime land anchors are descriptive; not movement routes. Secondary forces do not set primary distance.,True,Yvresse,high_elves,wh2_main_sc_hef_high_elves,The Drakenhof Conclave,vampire_counts,wh_main_sc_vmp_vampire_counts,Conflict,False,Partial: guide evidence plus analytical prior; generic modifier matrix unmeasured,high_elves_0;vampire_counts_0,Opposed surrounding diplomatic ecosystems prior,"Generic numeric aversion, opening treaties, all faction/lord/technology modifiers and multiplayer runtime behavior are not exhaustively exported; classes are analytical, not verified team legality.",,Eataine can unlock Champion actions through alliances with other legendary High Elf factions. Barrow Legion has +30 WoC/Beastmen/Norsca relations and faction Chaos-attrition immunity.,False,"Extended requires shared atlas theater AND (at most six raster borders OR at most 75 world units); topology/theaters use descriptive coastal anchors, not a verified sea route; Diplomatic Conflict: Opposed surrounding diplomatic ecosystems prior"
wh2_main_lzd_hexoatl,wh3_dlc26_kho_skulltaker,wh3_main_combi_region_hexoatl,wh3_main_combi_region_hualotal,wh3_main_combi_province_isthmus_of_lustria,wh3_main_combi_province_the_gwangee_valley,148.816064,primary human army world coordinates,135.110234,38.07789993286133,380.6752624511719,71.47956848144531,235.6561279296875,wh3_main_combi_region_hexoatl,wh3_main_combi_region_hualotal,,0.0,0.0,False,,,False,False,cai_region_hint_area_lustria,lustria,Extended,False,Extended requires shared atlas theater AND (at most six raster borders OR at most 75 world units),land_raster_point,land_raster_point,,,Caravan/convoy links are context only; portal nodes lack general traversal eligibility; no shortcut inferred,Static human startup rules; later choices excluded. Maritime land anchors are descriptive; not movement routes. Secondary forces do not set primary distance.,True,Hexoatl,lizardmen,wh2_main_sc_lzd_lizardmen,Blooded Wanderers,khorne,wh3_main_sc_kho_khorne,Conflict,False,Partial: guide evidence plus analytical prior; generic modifier matrix unmeasured,khorne_0;lizardmen_0,Opposed surrounding diplomatic ecosystems prior,"Generic numeric aversion, opening treaties, all faction/lord/technology modifiers and multiplayer runtime behavior are not exhaustively exported; classes are analytical, not verified team legality.",,No bespoke diplomacy override established; absence does not imply zero generic aversion. Allied province capitals support the Geomantic Web; Nakai and Oxyotl use documented variants.,False,Extended requires shared atlas theater AND (at most six raster borders OR at most 75 world units); Diplomatic Conflict: Opposed surrounding diplomatic ecosystems prior
wh2_main_lzd_hexoatl,wh3_dlc27_sla_masque_of_slaanesh,wh3_main_combi_region_hexoatl,wh3_main_combi_region_pillars_of_unseen_constellations,wh3_main_combi_province_isthmus_of_lustria,wh3_main_combi_province_jungles_of_green_mist,135.576198,primary human army world coordinates,117.030007,38.07789993286133,380.6752624511719,45.42626953125,245.29835510253906,wh3_main_combi_region_hexoatl,wh3_main_combi_region_pillars_of_unseen_constellations,,0.0,0.0,False,,,False,False,cai_region_hint_area_lustria,lustria,Extended,False,Extended requires shared atlas theater AND (at most six raster borders OR at most 75 world units),land_raster_point,land_raster_point,,,Caravan/convoy links are context only; portal nodes lack general traversal eligibility; no shortcut inferred,Static human startup rules; later choices excluded. Maritime land anchors are descriptive; not movement routes. Secondary forces do not set primary distance.,True,Hexoatl,lizardmen,wh2_main_sc_lzd_lizardmen,The Accursed Troupe,slaanesh,wh3_main_sc_sla_slaanesh,Conflict,False,Partial: guide evidence plus analytical prior; generic modifier matrix unmeasured,lizardmen_0;slaanesh_0,Opposed surrounding diplomatic ecosystems prior Partner appears in single-player faction objective(s); not treated as a multiplayer forced-war lock,"Generic numeric aversion, opening treaties, all faction/lord/technology modifiers and multiplayer runtime behavior are not exhaustively exported; classes are analytical, not verified team legality.",wh3_dlc27_sla_masque_of_slaanesh:long:002:DESTROY_FACTION,Allied province capitals support the Geomantic Web; Nakai and Oxyotl use documented variants. N'Kari forced seduction cannot target humans; this does not make third-party vassal diplomacy harmless.,False,Extended requires shared atlas theater AND (at most six raster borders OR at most 75 world units); Diplomatic Conflict: Opposed surrounding diplomatic ecosystems prior Partner appears in single-player faction objective(s); not treated as a multiplayer forced-war lock
wh2_main_lzd_hexoatl,wh_dlc08_nor_norsca,wh3_main_combi_region_hexoatl,,wh3_main_combi_province_isthmus_of_lustria,,66.145426,primary human army world coordinates,,38.07789993286133,380.6752624511719,102.2091064453125,364.476318359375,wh3_main_combi_region_hexoatl,wh3_main_combi_region_monument_of_the_moon,2,0.0,11.270968380829387,True,,,False,True,cai_region_hint_area_lustria,lustria,Regional,True,"Within 100 units with neighboring provinces or at most four raster borders; topology/theaters use descriptive coastal anchors, not a verified sea route",land_raster_point,maritime_point_no_distinct_region,,,Caravan/convoy links are context only; portal nodes lack general traversal eligibility; no shortcut inferred,Static human startup rules; later choices excluded. Maritime land anchors are descriptive; not movement routes. Secondary forces do not set primary distance.,True,Hexoatl,lizardmen,wh2_main_sc_lzd_lizardmen,World Walkers,norsca,wh_dlc08_sc_nor_norsca,Conflict,False,Partial: guide evidence plus analytical prior; generic modifier matrix unmeasured,lizardmen_0;norsca_0,Opposed surrounding diplomatic ecosystems prior,"Generic numeric aversion, opening treaties, all faction/lord/technology modifiers and multiplayer runtime behavior are not exhaustively exported; classes are analytical, not verified team legality.",,Allied province capitals support the Geomantic Web; Nakai and Oxyotl use documented variants. Leader-defeat tribal confederation is not an ordinary alliance restriction; human-target applicability is not proven here.,False,Diplomatic Conflict: Opposed surrounding diplomatic ecosystems prior
wh2_main_lzd_itza,wh2_main_skv_clan_pestilens,wh3_main_combi_region_itza,wh3_main_combi_region_oyxl,wh3_main_combi_province_river_qurveza,wh3_main_combi_province_the_lost_valley,61.941254,primary human army world coordinates,49.311131,100.87303924560547,186.28790283203125,124.9222412109375,129.20590209960938,wh3_main_combi_region_itza,wh3_main_combi_region_oyxl,2,0.0,0.0,False,,2,False,True,cai_region_hint_area_lustria,lustria,Regional,True,Within 100 units with neighboring provinces or at most four raster borders,land_raster_point,land_raster_point,,,Caravan/convoy links are context only; portal nodes lack general traversal eligibility; no shortcut inferred,Static human startup rules; later choices excluded. Maritime land anchors are descriptive; not movement routes. Secondary forces do not set primary distance.,False,Itza,lizardmen,wh2_main_sc_lzd_lizardmen,Clan Pestilens,skaven,wh2_main_sc_skv_skaven,Conflict,False,Partial: guide evidence plus analytical prior; generic modifier matrix unmeasured,lizardmen_0;skaven_0,Opposed surrounding diplomatic ecosystems prior Partner appears in single-player faction objective(s); not treated as a multiplayer forced-war lock,"Generic numeric aversion, opening treaties, all faction/lord/technology modifiers and multiplayer runtime behavior are not exhaustively exported; classes are analytical, not verified team legality.",wh2_main_lzd_itza:short:001:DESTROY_FACTION,Allied province capitals support the Geomantic Web; Nakai and Oxyotl use documented variants. Vermintide war declaration explicitly excludes teammates; this is not blanket protection against all Under-City damage.,False,Diplomatic Conflict: Opposed surrounding diplomatic ecosystems prior Partner appears in single-player faction objective(s); not treated as a multiplayer forced-war lock
wh2_main_lzd_itza,wh2_twa03_def_rakarth,wh3_main_combi_region_itza,wh3_main_combi_region_great_turtle_isle,wh3_main_combi_province_river_qurveza,wh3_main_combi_province_the_turtle_isles,78.023705,primary human army world coordinates,95.240276,100.87303924560547,186.28790283203125,24.717233657836914,203.2582244873047,wh3_main_combi_region_itza,wh3_main_combi_region_great_turtle_isle,,0.0,0.0,False,,,False,True,cai_region_hint_area_lustria,lustria,Regional,True,Within 100 units with neighboring provinces or at most four raster borders,land_raster_point,land_raster_point,,,Caravan/convoy links are context only; portal nodes lack general traversal eligibility; no shortcut inferred,Static human startup rules; later choices excluded. Maritime land anchors are descriptive; not movement routes. Secondary forces do not set primary distance.,True,Itza,lizardmen,wh2_main_sc_lzd_lizardmen,The Thousand Maws,dark_elves,wh2_main_sc_def_dark_elves,Conflict,False,Partial: guide evidence plus analytical prior; generic modifier matrix unmeasured,dark_elves_0;dark_elves_1;lizardmen_0,Opposed surrounding diplomatic ecosystems prior Partner appears in single-player faction objective(s); not treated as a multiplayer forced-war lock,"Generic numeric aversion, opening treaties, all faction/lord/technology modifiers and multiplayer runtime behavior are not exhaustively exported; classes are analytical, not verified team legality.",wh2_twa03_def_rakarth:long:004:DESTROY_FACTION,Har Ganeth Blood Voyage is a forced vassal targeting occupied Ulthuan settlements; not a general alliance ban. Hag Graef gains conditional +25/+50 daemon relations at high possession; not a permanent faction-wide alliance guarantee. Allied province capitals support the Geomantic Web; Nakai and Oxyotl use documented variants.,False,Diplomatic Conflict: Opposed surrounding diplomatic ecosystems prior Partner appears in single-player faction objective(s); not treated as a multiplayer forced-war lock
wh2_main_lzd_itza,wh3_dlc24_cth_the_celestial_court,wh3_main_combi_region_itza,wh3_main_combi_region_isle_of_the_crimson_skull,wh3_main_combi_province_river_qurveza,wh3_main_combi_province_aymara_swamps,142.295809,primary human army world coordinates,141.957802,100.87303924560547,186.28790283203125,30.729534149169922,310.0941467285156,wh3_main_combi_region_itza,wh3_main_combi_region_isle_of_the_crimson_skull,,0.0,0.0,False,,,False,False,cai_region_hint_area_lustria,lustria,Extended,False,Extended requires shared atlas theater AND (at most six raster borders OR at most 75 world units),land_raster_point,land_raster_point,,,Caravan/convoy links are context only; portal nodes lack general traversal eligibility; no shortcut inferred,Static human startup rules; later choices excluded. Maritime land anchors are descriptive; not movement routes. Secondary forces do not set primary distance.,True,Itza,lizardmen,wh2_main_sc_lzd_lizardmen,The Jade Court,grand_cathay,wh3_main_sc_cth_cathay,Workable,False,Partial: guide evidence plus analytical prior; generic modifier matrix unmeasured,grand_cathay_0;lizardmen_0,Order-adjacent but distinct territorial/diplomatic ecosystem prior,"Generic numeric aversion, opening treaties, all faction/lord/technology modifiers and multiplayer runtime behavior are not exhaustively exported; classes are analytical, not verified team legality.",,Guide found no distinct diplomatic replacement; generic faction modifiers remain outside coverage. Allied province capitals support the Geomantic Web; Nakai and Oxyotl use documented variants.,False,Extended requires shared atlas theater AND (at most six raster borders OR at most 75 world units)
wh2_main_lzd_itza,wh3_dlc26_kho_skulltaker,wh3_main_combi_region_itza,wh3_main_combi_region_hualotal,wh3_main_combi_province_river_qurveza,wh3_main_combi_province_the_gwangee_valley,57.456051,primary human army world coordinates,72.489081,100.87303924560547,186.28790283203125,71.47956848144531,235.6561279296875,wh3_main_combi_region_itza,wh3_main_combi_region_hualotal,3,0.0,0.0,False,,3,False,True,cai_region_hint_area_lustria,lustria,Regional,True,Within 100 units with neighboring provinces or at most four raster borders,land_raster_point,land_raster_point,,,Caravan/convoy links are context only; portal nodes lack general traversal eligibility; no shortcut inferred,Static human startup rules; later choices excluded. Maritime land anchors are descriptive; not movement routes. Secondary forces do not set primary distance.,False,Itza,lizardmen,wh2_main_sc_lzd_lizardmen,Blooded Wanderers,khorne,wh3_main_sc_kho_khorne,Conflict,False,Partial: guide evidence plus analytical prior; generic modifier matrix unmeasured,khorne_0;lizardmen_0,Opposed surrounding diplomatic ecosystems prior Partner appears in single-player faction objective(s); not treated as a multiplayer forced-war lock,"Generic numeric aversion, opening treaties, all faction/lord/technology modifiers and multiplayer runtime behavior are not exhaustively exported; classes are analytical, not verified team legality.",wh2_main_lzd_itza:short:001:DESTROY_FACTION,No bespoke diplomacy override established; absence does not imply zero generic aversion. Allied province capitals support the Geomantic Web; Nakai and Oxyotl use documented variants.,False,Diplomatic Conflict: Opposed surrounding diplomatic ecosystems prior Partner appears in single-player faction objective(s); not treated as a multiplayer forced-war lock
wh2_main_lzd_itza,wh3_dlc27_sla_masque_of_slaanesh,wh3_main_combi_region_itza,wh3_main_combi_region_pillars_of_unseen_constellations,wh3_main_combi_province_river_qurveza,wh3_main_combi_province_jungles_of_green_mist,80.972698,primary human army world coordinates,98.919869,100.87303924560547,186.28790283203125,45.42626953125,245.29835510253906,wh3_main_combi_region_itza,wh3_main_combi_region_pillars_of_unseen_constellations,4,0.0,0.0,False,,4,False,False,cai_region_hint_area_lustria,lustria,Regional,True,Within 100 units with neighboring provinces or at most four raster borders,land_raster_point,land_raster_point,,,Caravan/convoy links are context only; portal nodes lack general traversal eligibility; no shortcut inferred,Static human startup rules; later choices excluded. Maritime land anchors are descriptive; not movement routes. Secondary forces do not set primary distance.,False,Itza,lizardmen,wh2_main_sc_lzd_lizardmen,The Accursed Troupe,slaanesh,wh3_main_sc_sla_slaanesh,Conflict,False,Partial: guide evidence plus analytical prior; generic modifier matrix unmeasured,lizardmen_0;slaanesh_0,Opposed surrounding diplomatic ecosystems prior Partner appears in single-player faction objective(s); not treated as a multiplayer forced-war lock,"Generic numeric aversion, opening treaties, all faction/lord/technology modifiers and multiplayer runtime behavior are not exhaustively exported; classes are analytical, not verified team legality.",wh3_dlc27_sla_masque_of_slaanesh:long:002:DESTROY_FACTION,Allied province capitals support the Geomantic Web; Nakai and Oxyotl use documented variants. N'Kari forced seduction cannot target humans; this does not make third-party vassal diplomacy harmless.,False,Diplomatic Conflict: Opposed surrounding diplomatic ecosystems prior Partner appears in single-player faction objective(s); not treated as a multiplayer forced-war lock
wh2_main_lzd_last_defenders,wh3_main_kho_exiles_of_khorne,wh3_main_combi_region_teotiqua,wh3_main_combi_region_agrul_migdhal,wh3_main_combi_province_the_golden_pass,wh3_main_combi_province_barrier_idols,111.538234,primary human army world coordinates,129.55698,482.3200988769531,144.24777221679688,451.5905456542969,251.46937561035156,wh3_main_combi_region_teotiqua,wh3_main_combi_region_agrul_migdhal,4,0.0,0.0,False,,4,False,False,,badlands <-> southlands,Extended,False,Extended requires shared atlas theater AND (at most six raster borders OR at most 75 world units),land_raster_point,land_raster_point,,,Caravan/convoy links are context only; portal nodes lack general traversal eligibility; no shortcut inferred,Static human startup rules; later choices excluded. Maritime land anchors are descriptive; not movement routes. Secondary forces do not set primary distance.,False,Last Defenders,lizardmen,wh2_main_sc_lzd_lizardmen,Exiles of Khorne,khorne,wh3_main_sc_kho_khorne,Conflict,False,Partial: guide evidence plus analytical prior; generic modifier matrix unmeasured,khorne_0;lizardmen_0,Opposed surrounding diplomatic ecosystems prior Partner appears in single-player faction objective(s); not treated as a multiplayer forced-war lock,"Generic numeric aversion, opening treaties, all faction/lord/technology modifiers and multiplayer runtime behavior are not exhaustively exported; classes are analytical, not verified team legality.",wh2_main_lzd_last_defenders:long:003:DESTROY_FACTION,No bespoke diplomacy override established; absence does not imply zero generic aversion. Allied province capitals support the Geomantic Web; Nakai and Oxyotl use documented variants.,False,Extended requires shared atlas theater AND (at most six raster borders OR at most 75 world units); Diplomatic Conflict: Opposed surrounding diplomatic ecosystems prior Partner appears in single-player faction objective(s); not treated as a multiplayer forced-war lock
wh2_main_lzd_last_defenders,wh_main_grn_orcs_of_the_bloody_hand,wh3_main_combi_region_teotiqua,wh3_main_combi_region_sun_tree_glades,wh3_main_combi_province_the_golden_pass,wh3_main_combi_province_central_jungles,59.195468,primary human army world coordinates,82.427612,482.3200988769531,144.24777221679688,423.53314208984375,137.30535888671875,wh3_main_combi_region_teotiqua,wh3_main_combi_region_sun_tree_glades,2,0.0,0.0,False,,2,False,True,cai_region_hint_area_southlands,southlands,Regional,True,Within 100 units with neighboring provinces or at most four raster borders,land_raster_point,land_raster_point,,,Caravan/convoy links are context only; portal nodes lack general traversal eligibility; no shortcut inferred,Static human startup rules; later choices excluded. Maritime land anchors are descriptive; not movement routes. Secondary forces do not set primary distance.,False,Last Defenders,lizardmen,wh2_main_sc_lzd_lizardmen,The Bloody Handz,greenskins,wh_main_sc_grn_greenskins,Conflict,False,Partial: guide evidence plus analytical prior; generic modifier matrix unmeasured,greenskins_0;lizardmen_0,Opposed surrounding diplomatic ecosystems prior Partner appears in single-player faction objective(s); not treated as a multiplayer forced-war lock,"Generic numeric aversion, opening treaties, all faction/lord/technology modifiers and multiplayer runtime behavior are not exhaustively exported; classes are analytical, not verified team legality.",wh2_main_lzd_last_defenders:long:003:DESTROY_FACTION,Leader-defeat confederation requires an AI loser; it cannot consume the human teammate. Allied province capitals support the Geomantic Web; Nakai and Oxyotl use documented variants.,False,Diplomatic Conflict: Opposed surrounding diplomatic ecosystems prior Partner appears in single-player faction objective(s); not treated as a multiplayer forced-war lock
wh2_main_lzd_last_defenders,wh_main_vmp_vampire_counts,wh3_main_combi_region_teotiqua,wh3_main_combi_region_ka_sabar,wh3_main_combi_province_the_golden_pass,wh3_main_combi_province_shifting_sands,81.514668,primary human army world coordinates,73.770479,482.3200988769531,144.24777221679688,414.1806945800781,188.9877166748047,wh3_main_combi_region_teotiqua,wh3_main_combi_region_ka_sabar,2,0.0,0.0,False,,2,False,False,cai_region_hint_area_southlands,southlands,Regional,True,Within 100 units with neighboring provinces or at most four raster borders,land_raster_point,land_raster_point,,,Caravan/convoy links are context only; portal nodes lack general traversal eligibility; no shortcut inferred,Static human startup rules; later choices excluded. Maritime land anchors are descriptive; not movement routes. Secondary forces do not set primary distance.,False,Last Defenders,lizardmen,wh2_main_sc_lzd_lizardmen,The Drakenhof Conclave,vampire_counts,wh_main_sc_vmp_vampire_counts,Conflict,False,Partial: guide evidence plus analytical prior; generic modifier matrix unmeasured,lizardmen_0;vampire_counts_0,Opposed surrounding diplomatic ecosystems prior Partner appears in single-player faction objective(s); not treated as a multiplayer forced-war lock,"Generic numeric aversion, opening treaties, all faction/lord/technology modifiers and multiplayer runtime behavior are not exhaustively exported; classes are analytical, not verified team legality.",wh2_main_lzd_last_defenders:long:003:DESTROY_FACTION;wh2_main_lzd_last_defenders:short:001:DESTROY_FACTION,Allied province capitals support the Geomantic Web; Nakai and Oxyotl use documented variants. Barrow Legion has +30 WoC/Beastmen/Norsca relations and faction Chaos-attrition immunity.,False,Diplomatic Conflict: Opposed surrounding diplomatic ecosystems prior Partner appears in single-player faction objective(s); not treated as a multiplayer forced-war lock
wh2_main_lzd_tlaqua,wh3_main_kho_exiles_of_khorne,wh3_main_combi_region_deaths_head_monoliths,wh3_main_combi_region_agrul_migdhal,wh3_main_combi_province_western_jungles,wh3_main_combi_province_barrier_idols,139.63227,primary human army world coordinates,139.407208,345.3732604980469,160.83241271972656,451.5905456542969,251.46937561035156,wh3_main_combi_region_deaths_head_monoliths,wh3_main_combi_region_agrul_migdhal,6,0.0,0.0,False,,6,False,False,,badlands <-> southlands,Extended,False,Extended requires shared atlas theater AND (at most six raster borders OR at most 75 world units),land_raster_point,land_raster_point,,,Caravan/convoy links are context only; portal nodes lack general traversal eligibility; no shortcut inferred,Static human startup rules; later choices excluded. Maritime land anchors are descriptive; not movement routes. Secondary forces do not set primary distance.,False,Tlaqua,lizardmen,wh2_main_sc_lzd_lizardmen,Exiles of Khorne,khorne,wh3_main_sc_kho_khorne,Conflict,False,Partial: guide evidence plus analytical prior; generic modifier matrix unmeasured,khorne_0;lizardmen_0,Opposed surrounding diplomatic ecosystems prior,"Generic numeric aversion, opening treaties, all faction/lord/technology modifiers and multiplayer runtime behavior are not exhaustively exported; classes are analytical, not verified team legality.",,No bespoke diplomacy override established; absence does not imply zero generic aversion. Allied province capitals support the Geomantic Web; Nakai and Oxyotl use documented variants.,False,Extended requires shared atlas theater AND (at most six raster borders OR at most 75 world units); Diplomatic Conflict: Opposed surrounding diplomatic ecosystems prior
wh2_main_lzd_tlaqua,wh_main_grn_orcs_of_the_bloody_hand,wh3_main_combi_region_deaths_head_monoliths,wh3_main_combi_region_sun_tree_glades,wh3_main_combi_province_western_jungles,wh3_main_combi_province_central_jungles,81.624073,primary human army world coordinates,69.995644,345.3732604980469,160.83241271972656,423.53314208984375,137.30535888671875,wh3_main_combi_region_deaths_head_monoliths,wh3_main_combi_region_sun_tree_glades,2,0.0,0.0,False,,2,False,True,cai_region_hint_area_southlands,southlands,Regional,True,Within 100 units with neighboring provinces or at most four raster borders,land_raster_point,land_raster_point,,,Caravan/convoy links are context only; portal nodes lack general traversal eligibility; no shortcut inferred,Static human startup rules; later choices excluded. Maritime land anchors are descriptive; not movement routes. Secondary forces do not set primary distance.,False,Tlaqua,lizardmen,wh2_main_sc_lzd_lizardmen,The Bloody Handz,greenskins,wh_main_sc_grn_greenskins,Conflict,False,Partial: guide evidence plus analytical prior; generic modifier matrix unmeasured,greenskins_0;lizardmen_0,Opposed surrounding diplomatic ecosystems prior,"Generic numeric aversion, opening treaties, all faction/lord/technology modifiers and multiplayer runtime behavior are not exhaustively exported; classes are analytical, not verified team legality.",,Leader-defeat confederation requires an AI loser; it cannot consume the human teammate. Allied province capitals support the Geomantic Web; Nakai and Oxyotl use documented variants.,False,Diplomatic Conflict: Opposed surrounding diplomatic ecosystems prior
wh2_main_lzd_tlaqua,wh_main_vmp_vampire_counts,wh3_main_combi_region_deaths_head_monoliths,wh3_main_combi_region_ka_sabar,wh3_main_combi_province_western_jungles,wh3_main_combi_province_shifting_sands,74.345034,primary human army world coordinates,97.433099,345.3732604980469,160.83241271972656,414.1806945800781,188.9877166748047,wh3_main_combi_region_deaths_head_monoliths,wh3_main_combi_region_ka_sabar,3,0.0,0.0,False,,3,False,True,cai_region_hint_area_southlands,southlands,Regional,True,Within 100 units with neighboring provinces or at most four raster borders,land_raster_point,land_raster_point,,,Caravan/convoy links are context only; portal nodes lack general traversal eligibility; no shortcut inferred,Static human startup rules; later choices excluded. Maritime land anchors are descriptive; not movement routes. Secondary forces do not set primary distance.,False,Tlaqua,lizardmen,wh2_main_sc_lzd_lizardmen,The Drakenhof Conclave,vampire_counts,wh_main_sc_vmp_vampire_counts,Conflict,False,Partial: guide evidence plus analytical prior; generic modifier matrix unmeasured,lizardmen_0;vampire_counts_0,Opposed surrounding diplomatic ecosystems prior,"Generic numeric aversion, opening treaties, all faction/lord/technology modifiers and multiplayer runtime behavior are not exhaustively exported; classes are analytical, not verified team legality.",,Allied province capitals support the Geomantic Web; Nakai and Oxyotl use documented variants. Barrow Legion has +30 WoC/Beastmen/Norsca relations and faction Chaos-attrition immunity.,False,Diplomatic Conflict: Opposed surrounding diplomatic ecosystems prior
wh2_main_skv_clan_eshin,wh3_cp1_cth_tiger_warriors,wh3_main_combi_region_village_of_the_moon,wh3_main_combi_region_vale_of_titans,wh3_main_combi_province_forests_of_the_moon,wh3_main_combi_province_bone_road,111.495565,primary human army world coordinates,102.666232,822.3490600585938,421.5583190917969,711.4555053710938,433.1289978027344,wh3_main_combi_region_village_of_the_moon,wh3_main_combi_region_vale_of_titans,3,0.0,0.0,False,,3,False,False,,cathay <-> mountains_of_mourn,Extended,False,Extended requires shared atlas theater AND (at most six raster borders OR at most 75 world units),land_raster_point,land_raster_point,,,Caravan/convoy links are context only; portal nodes lack general traversal eligibility; no shortcut inferred,Static human startup rules; later choices excluded. Maritime land anchors are descriptive; not movement routes. Secondary forces do not set primary distance.,False,Clan Eshin,skaven,wh2_main_sc_skv_skaven,Claws of the White Tiger,grand_cathay,wh3_main_sc_cth_cathay,Conflict,False,Partial: guide evidence plus analytical prior; generic modifier matrix unmeasured,grand_cathay_0;skaven_0,Opposed surrounding diplomatic ecosystems prior,"Generic numeric aversion, opening treaties, all faction/lord/technology modifiers and multiplayer runtime behavior are not exhaustively exported; classes are analytical, not verified team legality.",,Guide found no distinct diplomatic replacement; generic faction modifiers remain outside coverage. Vermintide war declaration explicitly excludes teammates; this is not blanket protection against all Under-City damage.,False,Extended requires shared atlas theater AND (at most six raster borders OR at most 75 world units); Diplomatic Conflict: Opposed surrounding diplomatic ecosystems prior
wh2_main_skv_clan_eshin,wh3_main_cth_the_northern_provinces,wh3_main_combi_region_village_of_the_moon,wh3_main_combi_region_nan_gau,wh3_main_combi_province_forests_of_the_moon,wh3_main_combi_province_gunpowder_road,97.306863,primary human army world coordinates,102.444711,822.3490600585938,421.5583190917969,761.5580444335938,497.5390930175781,wh3_main_combi_region_village_of_the_moon,wh3_main_combi_region_nan_gau,4,0.0,0.0,False,,4,False,False,cai_region_hint_area_cathay,cathay,Regional,True,Within 100 units with neighboring provinces or at most four raster borders,land_raster_point,land_raster_point,,,Caravan/convoy links are context only; portal nodes lack general traversal eligibility; no shortcut inferred,Static human startup rules; later choices excluded. Maritime land anchors are descriptive; not movement routes. Secondary forces do not set primary distance.,False,Clan Eshin,skaven,wh2_main_sc_skv_skaven,The Northern Provinces,grand_cathay,wh3_main_sc_cth_cathay,Conflict,False,Partial: guide evidence plus analytical prior; generic modifier matrix unmeasured,grand_cathay_0;skaven_0,Opposed surrounding diplomatic ecosystems prior Partner appears in single-player faction objective(s); not treated as a multiplayer forced-war lock,"Generic numeric aversion, opening treaties, all faction/lord/technology modifiers and multiplayer runtime behavior are not exhaustively exported; classes are analytical, not verified team legality.",wh2_main_skv_clan_eshin:short:002:DESTROY_FACTION;wh3_main_cth_the_northern_provinces:long:003:DESTROY_FACTION,Guide found no distinct diplomatic replacement; generic faction modifiers remain outside coverage. Vermintide war declaration explicitly excludes teammates; this is not blanket protection against all Under-City damage.,False,Diplomatic Conflict: Opposed surrounding diplomatic ecosystems prior Partner appears in single-player faction objective(s); not treated as a multiplayer forced-war lock
wh2_main_skv_clan_eshin,wh3_main_cth_the_western_provinces,wh3_main_combi_region_village_of_the_moon,wh3_main_combi_region_qiang,wh3_main_combi_province_forests_of_the_moon,wh3_main_combi_province_wastelands_of_jinshen,90.734552,primary human army world coordinates,99.811574,822.3490600585938,421.5583190917969,739.512939453125,384.53216552734375,wh3_main_combi_region_village_of_the_moon,wh3_main_combi_region_qiang,4,0.0,0.0,False,,4,False,False,cai_region_hint_area_cathay,cathay,Regional,True,Within 100 units with neighboring provinces or at most four raster borders,land_raster_point,land_raster_point,,irory_road_bhashiva;ivory_road_combi,Caravan/convoy links are context only; portal nodes lack general traversal eligibility; no shortcut inferred,Static human startup rules; later choices excluded. Maritime land anchors are descriptive; not movement routes. Secondary forces do not set primary distance.,False,Clan Eshin,skaven,wh2_main_sc_skv_skaven,The Western Provinces,grand_cathay,wh3_main_sc_cth_cathay,Conflict,False,Partial: guide evidence plus analytical prior; generic modifier matrix unmeasured,grand_cathay_0;skaven_0,Opposed surrounding diplomatic ecosystems prior Partner appears in single-player faction objective(s); not treated as a multiplayer forced-war lock,"Generic numeric aversion, opening treaties, all faction/lord/technology modifiers and multiplayer runtime behavior are not exhaustively exported; classes are analytical, not verified team legality.",wh3_main_cth_the_western_provinces:long:003:DESTROY_FACTION,Guide found no distinct diplomatic replacement; generic faction modifiers remain outside coverage. Vermintide war declaration explicitly excludes teammates; this is not blanket protection against all Under-City damage.,False,Diplomatic Conflict: Opposed surrounding diplomatic ecosystems prior Partner appears in single-player faction objective(s); not treated as a multiplayer forced-war lock
wh2_main_skv_clan_eshin,wh3_main_ogr_goldtooth,wh3_main_combi_region_village_of_the_moon,wh3_main_combi_region_great_hall_of_greasus,wh3_main_combi_province_forests_of_the_moon,wh3_main_combi_province_ivory_road,135.812974,primary human army world coordinates,143.539923,822.3490600585938,421.5583190917969,690.7465209960938,388.00335693359375,wh3_main_combi_region_village_of_the_moon,wh3_main_combi_region_great_hall_of_greasus,5,0.0,0.0,False,,5,False,False,,cathay <-> mountains_of_mourn,Extended,False,Extended requires shared atlas theater AND (at most six raster borders OR at most 75 world units),land_raster_point,land_raster_point,,convoy_road_combi;irory_road_bhashiva;ivory_road_combi,Caravan/convoy links are context only; portal nodes lack general traversal eligibility; no shortcut inferred,Static human startup rules; later choices excluded. Maritime land anchors are descriptive; not movement routes. Secondary forces do not set primary distance.,False,Clan Eshin,skaven,wh2_main_sc_skv_skaven,Goldtooth,ogre_kingdoms,wh3_main_sc_ogr_ogre_kingdoms,Workable,False,Partial: guide evidence plus analytical prior; generic modifier matrix unmeasured,ogre_kingdoms_0;skaven_0,Ogre mercenary-neutral ecosystem prior; faction restrictions take precedence,"Generic numeric aversion, opening treaties, all faction/lord/technology modifiers and multiplayer runtime behavior are not exhaustively exported; classes are analytical, not verified team legality.",,Ogre trespass diplomacy immunity is official-source-only in the guide; battle confederation requires an AI loser. Vermintide war declaration explicitly excludes teammates; this is not blanket protection against all Under-City damage.,False,Extended requires shared atlas theater AND (at most six raster borders OR at most 75 world units)
wh2_main_skv_clan_eshin,wh3_main_vmp_caravan_of_blue_roses,wh3_main_combi_region_village_of_the_moon,wh3_main_combi_region_gnobbly_gorge,wh3_main_combi_province_forests_of_the_moon,wh3_main_combi_province_gnoblar_country,144.309613,primary human army world coordinates,141.559222,822.3490600585938,421.5583190917969,703.4391479492188,339.7922058105469,wh3_main_combi_region_village_of_the_moon,wh3_main_combi_region_gnobbly_gorge,5,0.0,0.0,False,,5,False,False,,cathay <-> mountains_of_mourn,Extended,False,Extended requires shared atlas theater AND (at most six raster borders OR at most 75 world units),land_raster_point,land_raster_point,,,Caravan/convoy links are context only; portal nodes lack general traversal eligibility; no shortcut inferred,Static human startup rules; later choices excluded. Maritime land anchors are descriptive; not movement routes. Secondary forces do not set primary distance.,False,Clan Eshin,skaven,wh2_main_sc_skv_skaven,Caravan of Blue Roses,vampire_counts,wh_main_sc_vmp_vampire_counts,Workable,False,Partial: guide evidence plus analytical prior; generic modifier matrix unmeasured,skaven_0;vampire_counts_0,Non-Order pragmatic-alliance prior; not a numeric diplomatic guarantee,"Generic numeric aversion, opening treaties, all faction/lord/technology modifiers and multiplayer runtime behavior are not exhaustively exported; classes are analytical, not verified team legality.",,Vermintide war declaration explicitly excludes teammates; this is not blanket protection against all Under-City damage. Barrow Legion has +30 WoC/Beastmen/Norsca relations and faction Chaos-attrition immunity.,False,Extended requires shared atlas theater AND (at most six raster borders OR at most 75 world units)
wh2_main_skv_clan_mors,wh3_main_ogr_disciples_of_the_maw,wh3_main_combi_region_kradtommen,wh3_main_combi_region_matorca,wh3_main_combi_province_blightwater,wh3_main_combi_province_eastern_border_princes,138.35228,primary human army world coordinates,123.144968,507.0373229980469,295.05224609375,421.529052734375,403.8166198730469,wh3_main_combi_region_kradtommen,wh3_main_combi_region_matorca,5,0.0,0.0,False,,5,False,False,,border_princes <-> dwarf_empire,Extended,False,Extended requires shared atlas theater AND (at most six raster borders OR at most 75 world units),land_raster_point,land_raster_point,,,Caravan/convoy links are context only; portal nodes lack general traversal eligibility; no shortcut inferred,Static human startup rules; later choices excluded. Maritime land anchors are descriptive; not movement routes. Secondary forces do not set primary distance.,False,Clan Mors,skaven,wh2_main_sc_skv_skaven,Disciples of the Maw,ogre_kingdoms,wh3_main_sc_ogr_ogre_kingdoms,Workable,False,Partial: guide evidence plus analytical prior; generic modifier matrix unmeasured,ogre_kingdoms_0;skaven_0,Ogre mercenary-neutral ecosystem prior; faction restrictions take precedence,"Generic numeric aversion, opening treaties, all faction/lord/technology modifiers and multiplayer runtime behavior are not exhaustively exported; classes are analytical, not verified team legality.",,Ogre trespass diplomacy immunity is official-source-only in the guide; battle confederation requires an AI loser. Vermintide war declaration explicitly excludes teammates; this is not blanket protection against all Under-City damage.,False,Extended requires shared atlas theater AND (at most six raster borders OR at most 75 world units)
wh2_main_skv_clan_mors,wh_main_dwf_dwarfs,wh3_main_combi_region_kradtommen,wh3_main_combi_region_karaz_a_karak,wh3_main_combi_province_blightwater,wh3_main_combi_province_the_silver_road,124.211097,primary human army world coordinates,124.439816,507.0373229980469,295.05224609375,497.0168151855469,418.8584899902344,wh3_main_combi_region_kradtommen,wh3_main_combi_region_karaz_a_karak,5,0.0,0.0,False,,5,False,False,cai_region_hint_area_dwarf_empire,dwarf_empire,Extended,True,Shared atlas theater and either at most six raster borders or at most 75 world units,land_raster_point,land_raster_point,,ivory_road_combi,Caravan/convoy links are context only; portal nodes lack general traversal eligibility; no shortcut inferred,Static human startup rules; later choices excluded. Maritime land anchors are descriptive; not movement routes. Secondary forces do not set primary distance.,False,Clan Mors,skaven,wh2_main_sc_skv_skaven,Karaz-a-Karak,dwarfs,wh_main_sc_dwf_dwarfs,Conflict,False,Partial: guide evidence plus analytical prior; generic modifier matrix unmeasured,dwarfs_0;dwarfs_1;skaven_0,Opposed surrounding diplomatic ecosystems prior,"Generic numeric aversion, opening treaties, all faction/lord/technology modifiers and multiplayer runtime behavior are not exhaustively exported; classes are analytical, not verified team legality.",,Grudge accumulation responds to hostile conduct; positive diplomacy reduces it. Different allied Dwarf owners can enable conditional Deeps trade/diplomacy benefits. Vermintide war declaration explicitly excludes teammates; this is not blanket protection against all Under-City damage.,False,Diplomatic Conflict: Opposed surrounding diplomatic ecosystems prior
wh2_main_skv_clan_mors,wh_main_vmp_vampire_counts,wh3_main_combi_region_kradtommen,wh3_main_combi_region_ka_sabar,wh3_main_combi_province_blightwater,wh3_main_combi_province_shifting_sands,140.968216,primary human army world coordinates,137.80383,507.0373229980469,295.05224609375,414.1806945800781,188.9877166748047,wh3_main_combi_region_kradtommen,wh3_main_combi_region_ka_sabar,5,0.0,0.0,False,,5,False,False,,dwarf_empire <-> southlands,Extended,False,Extended requires shared atlas theater AND (at most six raster borders OR at most 75 world units),land_raster_point,land_raster_point,,,Caravan/convoy links are context only; portal nodes lack general traversal eligibility; no shortcut inferred,Static human startup rules; later choices excluded. Maritime land anchors are descriptive; not movement routes. Secondary forces do not set primary distance.,False,Clan Mors,skaven,wh2_main_sc_skv_skaven,The Drakenhof Conclave,vampire_counts,wh_main_sc_vmp_vampire_counts,Workable,False,Partial: guide evidence plus analytical prior; generic modifier matrix unmeasured,skaven_0;vampire_counts_0,Non-Order pragmatic-alliance prior; not a numeric diplomatic guarantee,"Generic numeric aversion, opening treaties, all faction/lord/technology modifiers and multiplayer runtime behavior are not exhaustively exported; classes are analytical, not verified team legality.",,Vermintide war declaration explicitly excludes teammates; this is not blanket protection against all Under-City damage. Barrow Legion has +30 WoC/Beastmen/Norsca relations and faction Chaos-attrition immunity.,False,Extended requires shared atlas theater AND (at most six raster borders OR at most 75 world units)
wh2_main_skv_clan_moulder,wh3_dlc23_chd_astragoth,wh3_main_combi_region_hell_pit,wh3_main_combi_region_uzkulak,wh3_main_combi_province_black_blood_pass,wh3_main_combi_province_zorn_uzkul,135.457645,primary human army world coordinates,120.052117,458.9389343261719,620.573974609375,573.8406372070312,548.8357543945312,wh3_main_combi_region_hell_pit,wh3_main_combi_region_uzkulak,4,0.0,0.0,False,,4,False,False,,darklands <-> kislev,Extended,False,Extended requires shared atlas theater AND (at most six raster borders OR at most 75 world units),land_raster_point,land_raster_point,,convoy_road_combi;irory_road_bhashiva;ivory_road_combi,Caravan/convoy links are context only; portal nodes lack general traversal eligibility; no shortcut inferred,Static human startup rules; later choices excluded. Maritime land anchors are descriptive; not movement routes. Secondary forces do not set primary distance.,False,Clan Moulder,skaven,wh2_main_sc_skv_skaven,Disciples of Hashut,chaos_dwarfs,wh3_dlc23_sc_chd_chaos_dwarfs,Workable,False,Partial: guide evidence plus analytical prior; generic modifier matrix unmeasured,chaos_dwarfs_0;skaven_0,Non-Order pragmatic-alliance prior; not a numeric diplomatic guarantee,"Generic numeric aversion, opening treaties, all faction/lord/technology modifiers and multiplayer runtime behavior are not exhaustively exported; classes are analytical, not verified team legality.",,Tower-seat usurpation causes a five-turn diplomatic penalty; coordinate seat claims. Vermintide war declaration explicitly excludes teammates; this is not blanket protection against all Under-City damage.,False,Extended requires shared atlas theater AND (at most six raster borders OR at most 75 world units)
wh2_main_skv_clan_moulder,wh3_dlc24_tze_the_deceivers,wh3_main_combi_region_hell_pit,wh3_main_combi_region_niedling,wh3_main_combi_province_black_blood_pass,wh3_main_combi_province_stirland,135.114603,primary human army world coordinates,127.545482,458.9389343261719,620.573974609375,424.8692321777344,489.8253173828125,wh3_main_combi_region_hell_pit,wh3_main_combi_region_niedling,5,0.0,0.0,False,,5,False,False,,empire <-> kislev,Extended,False,Extended requires shared atlas theater AND (at most six raster borders OR at most 75 world units),land_raster_point,land_raster_point,,,Caravan/convoy links are context only; portal nodes lack general traversal eligibility; no shortcut inferred,Static human startup rules; later choices excluded. Maritime land anchors are descriptive; not movement routes. Secondary forces do not set primary distance.,False,Clan Moulder,skaven,wh2_main_sc_skv_skaven,The Deceivers,tzeentch,wh3_main_sc_tze_tzeentch,Workable,False,Partial: guide evidence plus analytical prior; generic modifier matrix unmeasured,changeling_schemes;skaven_0;tzeentch_0,Non-Order pragmatic-alliance prior; not a numeric diplomatic guarantee Compatible partners require scheme coordination; no unconditional global travel shortcut.,"Generic numeric aversion, opening treaties, all faction/lord/technology modifiers and multiplayer runtime behavior are not exhaustively exported; classes are analytical, not verified team legality.",,"Schemes make theater-specific world changes and rifts have scripted progression. Vermintide war declaration explicitly excludes teammates; this is not blanket protection against all Under-City damage. Changeling Schemes change the world by theater; effects on a partner require coordination, not a universal immunity assumption.",False,Extended requires shared atlas theater AND (at most six raster borders OR at most 75 world units)
wh2_main_skv_clan_moulder,wh3_dlc25_dwf_malakai,wh3_main_combi_region_hell_pit,wh3_main_combi_region_kraka_drak,wh3_main_combi_province_black_blood_pass,wh3_main_combi_province_gianthome_mountains,38.929775,primary human army world coordinates,32.626643,458.9389343261719,620.573974609375,484.9922180175781,649.5006713867188,wh3_main_combi_region_hell_pit,wh3_main_combi_region_kraka_drak,2,0.0,0.0,False,,2,False,True,,kislev <-> norsca,Regional,True,Within 100 units with neighboring provinces or at most four raster borders,land_raster_point,land_raster_point,,,Caravan/convoy links are context only; portal nodes lack general traversal eligibility; no shortcut inferred,Static human startup rules; later choices excluded. Maritime land anchors are descriptive; not movement routes. Secondary forces do not set primary distance.,False,Clan Moulder,skaven,wh2_main_sc_skv_skaven,Masters of Innovation,dwarfs,wh_main_sc_dwf_dwarfs,Conflict,False,Partial: guide evidence plus analytical prior; generic modifier matrix unmeasured,dwarfs_0;dwarfs_1;skaven_0,Opposed surrounding diplomatic ecosystems prior,"Generic numeric aversion, opening treaties, all faction/lord/technology modifiers and multiplayer runtime behavior are not exhaustively exported; classes are analytical, not verified team legality.",,Grudge accumulation responds to hostile conduct; positive diplomacy reduces it. Different allied Dwarf owners can enable conditional Deeps trade/diplomacy benefits. Vermintide war declaration explicitly excludes teammates; this is not blanket protection against all Under-City damage.,False,Diplomatic Conflict: Opposed surrounding diplomatic ecosystems prior
wh2_main_skv_clan_moulder,wh3_dlc26_kho_arbaal,wh3_main_combi_region_hell_pit,wh3_main_combi_region_pillar_of_skulls,wh3_main_combi_province_black_blood_pass,wh3_main_combi_province_the_skull_road,112.232235,primary human army world coordinates,117.962262,458.9389343261719,620.573974609375,571.1685180664062,621.3453369140625,wh3_main_combi_region_hell_pit,wh3_main_combi_region_pillar_of_skulls,6,0.0,0.0,False,,6,False,False,,chaos_wastes <-> kislev,Extended,False,Extended requires shared atlas theater AND (at most six raster borders OR at most 75 world units),land_raster_point,land_raster_point,,,Caravan/convoy links are context only; portal nodes lack general traversal eligibility; no shortcut inferred,Static human startup rules; later choices excluded. Maritime land anchors are descriptive; not movement routes. Secondary forces do not set primary distance.,False,Clan Moulder,skaven,wh2_main_sc_skv_skaven,Challengers of Khorne,khorne,wh3_main_sc_kho_khorne,Workable,False,Partial: guide evidence plus analytical prior; generic modifier matrix unmeasured,khorne_0;skaven_0,Non-Order pragmatic-alliance prior; not a numeric diplomatic guarantee,"Generic numeric aversion, opening treaties, all faction/lord/technology modifiers and multiplayer runtime behavior are not exhaustively exported; classes are analytical, not verified team legality.",,No bespoke diplomacy override established; absence does not imply zero generic aversion. Vermintide war declaration explicitly excludes teammates; this is not blanket protection against all Under-City damage.,False,Extended requires shared atlas theater AND (at most six raster borders OR at most 75 world units)
wh2_main_skv_clan_moulder,wh3_dlc26_ogr_golgfag,wh3_main_combi_region_hell_pit,wh3_main_combi_region_norden,wh3_main_combi_province_black_blood_pass,wh3_main_combi_province_ostland,54.013055,primary human army world coordinates,72.640376,458.9389343261719,620.573974609375,412.8446044921875,592.4186401367188,wh3_main_combi_region_hell_pit,wh3_main_combi_region_norden,4,0.0,0.0,False,,4,False,False,,empire <-> kislev,Regional,True,Within 100 units with neighboring provinces or at most four raster borders,land_raster_point,land_raster_point,,,Caravan/convoy links are context only; portal nodes lack general traversal eligibility; no shortcut inferred,Static human startup rules; later choices excluded. Maritime land anchors are descriptive; not movement routes. Secondary forces do not set primary distance.,False,Clan Moulder,skaven,wh2_main_sc_skv_skaven,The Maneaters,ogre_kingdoms,wh3_main_sc_ogr_ogre_kingdoms,Special,True,Partial: guide evidence plus analytical prior; generic modifier matrix unmeasured,golgfag_contracts;ogre_kingdoms_0;skaven_0,Ogre mercenary-neutral ecosystem prior; faction restrictions take precedence Guide recognizes team context but does not prove a lobby override of the alliance ban; withhold qualification.,"Generic numeric aversion, opening treaties, all faction/lord/technology modifiers and multiplayer runtime behavior are not exhaustively exported; classes are analytical, not verified team legality.",,Maneaters cannot make military/defensive alliances or vassal agreements; client offers exclude enemies of his team. Ogre trespass diplomacy immunity is official-source-only in the guide; battle confederation requires an AI loser. Vermintide war declaration explicitly excludes teammates; this is not blanket protection against all Under-City damage.,False,Treaty eligibility unresolved
wh2_main_skv_clan_moulder,wh3_main_ksl_the_great_orthodoxy,wh3_main_combi_region_hell_pit,wh3_main_combi_region_erengrad,wh3_main_combi_province_black_blood_pass,wh3_main_combi_province_river_lynsk,40.399929,primary human army world coordinates,44.180056,458.9389343261719,620.573974609375,420.86102294921875,607.0748291015625,wh3_main_combi_region_hell_pit,wh3_main_combi_region_erengrad,2,0.0,0.0,False,,2,False,False,cai_region_hint_area_kislev,kislev,Regional,True,Within 100 units with neighboring provinces or at most four raster borders,land_raster_point,land_raster_point,,ivory_road_combi,Caravan/convoy links are context only; portal nodes lack general traversal eligibility; no shortcut inferred,Static human startup rules; later choices excluded. Maritime land anchors are descriptive; not movement routes. Secondary forces do not set primary distance.,False,Clan Moulder,skaven,wh2_main_sc_skv_skaven,The Great Orthodoxy,kislev,wh3_main_sc_ksl_kislev,Conflict,False,Partial: guide evidence plus analytical prior; generic modifier matrix unmeasured,kislev_0;skaven_0,Opposed surrounding diplomatic ecosystems prior Partner appears in single-player faction objective(s); not treated as a multiplayer forced-war lock,"Generic numeric aversion, opening treaties, all faction/lord/technology modifiers and multiplayer runtime behavior are not exhaustively exported; classes are analytical, not verified team legality.",wh2_main_skv_clan_moulder:short:001:DESTROY_FACTION;wh3_main_ksl_the_great_orthodoxy:short:002:DESTROY_FACTION,Old supporter-race forced confederation and intra-Kislev war ban are obsolete; ordinary diplomacy applies. Vermintide war declaration explicitly excludes teammates; this is not blanket protection against all Under-City damage.,False,Diplomatic Conflict: Opposed surrounding diplomatic ecosystems prior Partner appears in single-player faction objective(s); not treated as a multiplayer forced-war lock
wh2_main_skv_clan_moulder,wh3_main_ksl_the_ice_court,wh3_main_combi_region_hell_pit,wh3_main_combi_region_zavastra,wh3_main_combi_province_black_blood_pass,wh3_main_combi_province_southern_oblast,60.645275,primary human army world coordinates,49.2236,458.9389343261719,620.573974609375,462.2790832519531,560.020751953125,wh3_main_combi_region_hell_pit,wh3_main_combi_region_zavastra,2,0.0,0.0,False,,2,False,False,cai_region_hint_area_kislev,kislev,Regional,True,Within 100 units with neighboring provinces or at most four raster borders,land_raster_point,land_raster_point,,,Caravan/convoy links are context only; portal nodes lack general traversal eligibility; no shortcut inferred,Static human startup rules; later choices excluded. Maritime land anchors are descriptive; not movement routes. Secondary forces do not set primary distance.,False,Clan Moulder,skaven,wh2_main_sc_skv_skaven,The Ice Court,kislev,wh3_main_sc_ksl_kislev,Conflict,False,Partial: guide evidence plus analytical prior; generic modifier matrix unmeasured,kislev_0;skaven_0,Opposed surrounding diplomatic ecosystems prior Partner appears in single-player faction objective(s); not treated as a multiplayer forced-war lock,"Generic numeric aversion, opening treaties, all faction/lord/technology modifiers and multiplayer runtime behavior are not exhaustively exported; classes are analytical, not verified team legality.",wh2_main_skv_clan_moulder:short:001:DESTROY_FACTION,Old supporter-race forced confederation and intra-Kislev war ban are obsolete; ordinary diplomacy applies. Vermintide war declaration explicitly excludes teammates; this is not blanket protection against all Under-City damage.,False,Diplomatic Conflict: Opposed surrounding diplomatic ecosystems prior Partner appears in single-player faction objective(s); not treated as a multiplayer forced-war lock
wh2_main_skv_clan_moulder,wh_dlc03_bst_beastmen,wh3_main_combi_region_hell_pit,wh3_main_combi_region_the_black_pit,wh3_main_combi_province_black_blood_pass,wh3_main_combi_province_the_misty_hills,129.653573,primary human army world coordinates,150.72519,458.9389343261719,620.573974609375,344.70521441307994,559.2493769811199,wh3_main_combi_region_hell_pit,wh3_main_combi_region_the_black_pit,6,0.0,0.0,False,,6,False,False,,empire <-> kislev,Extended,False,Extended requires shared atlas theater AND (at most six raster borders OR at most 75 world units),land_raster_point,land_raster_point,,,Caravan/convoy links are context only; portal nodes lack general traversal eligibility; no shortcut inferred,Static human startup rules; later choices excluded. Maritime land anchors are descriptive; not movement routes. Secondary forces do not set primary distance.,False,Clan Moulder,skaven,wh2_main_sc_skv_skaven,Warherd of the One-Eye,beastmen,wh_dlc03_sc_bst_beastmen,Special,True,Partial: guide evidence plus analytical prior; generic modifier matrix unmeasured,beastmen_0;skaven_0,Non-Order pragmatic-alliance prior; not a numeric diplomatic guarantee Beastmen permitted-faction membership and multiplayer exception unresolved; no qualification asserted,"Generic numeric aversion, opening treaties, all faction/lord/technology modifiers and multiplayer runtime behavior are not exhaustively exported; classes are analytical, not verified team legality.",,Restricted treaty set; permitted-faction membership and teammate bypass are not enumerated by the guide; positive deals reduce Bestial Rage for five turns. Vermintide war declaration explicitly excludes teammates; this is not blanket protection against all Under-City damage.,False,Extended requires shared atlas theater AND (at most six raster borders OR at most 75 world units); Treaty eligibility unresolved
wh2_main_skv_clan_moulder,wh_main_dwf_karak_kadrin,wh3_main_combi_region_hell_pit,wh3_main_combi_region_karak_kadrin,wh3_main_combi_province_black_blood_pass,wh3_main_combi_province_peak_pass,141.132747,primary human army world coordinates,124.59965,458.9389343261719,620.573974609375,515.7217407226562,491.3680725097656,wh3_main_combi_region_hell_pit,wh3_main_combi_region_karak_kadrin,5,0.0,0.0,False,,5,False,False,,dwarf_empire <-> kislev,Extended,False,Extended requires shared atlas theater AND (at most six raster borders OR at most 75 world units),land_raster_point,land_raster_point,,,Caravan/convoy links are context only; portal nodes lack general traversal eligibility; no shortcut inferred,Static human startup rules; later choices excluded. Maritime land anchors are descriptive; not movement routes. Secondary forces do not set primary distance.,False,Clan Moulder,skaven,wh2_main_sc_skv_skaven,Karak Kadrin,dwarfs,wh_main_sc_dwf_dwarfs,Conflict,False,Partial: guide evidence plus analytical prior; generic modifier matrix unmeasured,dwarfs_0;dwarfs_1;skaven_0,Opposed surrounding diplomatic ecosystems prior,"Generic numeric aversion, opening treaties, all faction/lord/technology modifiers and multiplayer runtime behavior are not exhaustively exported; classes are analytical, not verified team legality.",,Grudge accumulation responds to hostile conduct; positive diplomacy reduces it. Different allied Dwarf owners can enable conditional Deeps trade/diplomacy benefits. Vermintide war declaration explicitly excludes teammates; this is not blanket protection against all Under-City damage.,False,Extended requires shared atlas theater AND (at most six raster borders OR at most 75 world units); Diplomatic Conflict: Opposed surrounding diplomatic ecosystems prior
wh2_main_skv_clan_moulder,wh_main_vmp_schwartzhafen,wh3_main_combi_region_hell_pit,wh3_main_combi_region_castle_drakenhof,wh3_main_combi_province_black_blood_pass,wh3_main_combi_province_southern_sylvania,142.291634,primary human army world coordinates,147.148256,458.9389343261719,620.573974609375,479.64794921875,479.7973937988281,wh3_main_combi_region_hell_pit,wh3_main_combi_region_castle_drakenhof,6,0.0,0.0,False,,6,False,False,,empire <-> kislev,Extended,False,Extended requires shared atlas theater AND (at most six raster borders OR at most 75 world units),land_raster_point,land_raster_point,,ivory_road_combi,Caravan/convoy links are context only; portal nodes lack general traversal eligibility; no shortcut inferred,Static human startup rules; later choices excluded. Maritime land anchors are descriptive; not movement routes. Secondary forces do not set primary distance.,False,Clan Moulder,skaven,wh2_main_sc_skv_skaven,Sylvania,vampire_counts,wh_main_sc_vmp_vampire_counts,Workable,False,Partial: guide evidence plus analytical prior; generic modifier matrix unmeasured,skaven_0;vampire_counts_0,Non-Order pragmatic-alliance prior; not a numeric diplomatic guarantee,"Generic numeric aversion, opening treaties, all faction/lord/technology modifiers and multiplayer runtime behavior are not exhaustively exported; classes are analytical, not verified team legality.",,Vermintide war declaration explicitly excludes teammates; this is not blanket protection against all Under-City damage. Barrow Legion has +30 WoC/Beastmen/Norsca relations and faction Chaos-attrition immunity.,False,Extended requires shared atlas theater AND (at most six raster borders OR at most 75 world units)
wh2_main_skv_clan_pestilens,wh2_twa03_def_rakarth,wh3_main_combi_region_oyxl,wh3_main_combi_region_great_turtle_isle,wh3_main_combi_province_the_lost_valley,wh3_main_combi_province_the_turtle_isles,124.598515,primary human army world coordinates,111.946555,124.9222412109375,129.20590209960938,24.717233657836914,203.2582244873047,wh3_main_combi_region_oyxl,wh3_main_combi_region_great_turtle_isle,,0.0,0.0,False,,,False,False,cai_region_hint_area_lustria,lustria,Extended,False,Extended requires shared atlas theater AND (at most six raster borders OR at most 75 world units),land_raster_point,land_raster_point,,,Caravan/convoy links are context only; portal nodes lack general traversal eligibility; no shortcut inferred,Static human startup rules; later choices excluded. Maritime land anchors are descriptive; not movement routes. Secondary forces do not set primary distance.,True,Clan Pestilens,skaven,wh2_main_sc_skv_skaven,The Thousand Maws,dark_elves,wh2_main_sc_def_dark_elves,Workable,False,Partial: guide evidence plus analytical prior; generic modifier matrix unmeasured,dark_elves_0;dark_elves_1;skaven_0,Non-Order pragmatic-alliance prior; not a numeric diplomatic guarantee,"Generic numeric aversion, opening treaties, all faction/lord/technology modifiers and multiplayer runtime behavior are not exhaustively exported; classes are analytical, not verified team legality.",,Har Ganeth Blood Voyage is a forced vassal targeting occupied Ulthuan settlements; not a general alliance ban. Hag Graef gains conditional +25/+50 daemon relations at high possession; not a permanent faction-wide alliance guarantee. Vermintide war declaration explicitly excludes teammates; this is not blanket protection against all Under-City damage.,False,Extended requires shared atlas theater AND (at most six raster borders OR at most 75 world units)
wh2_main_skv_clan_pestilens,wh_main_brt_bordeleaux,wh3_main_combi_region_oyxl,wh3_main_combi_region_temple_of_tlencan,wh3_main_combi_province_the_lost_valley,wh3_main_combi_province_scorpion_coast,123.69264,primary human army world coordinates,116.018387,124.9222412109375,129.20590209960938,140.9550323486328,251.85507202148438,wh3_main_combi_region_oyxl,wh3_main_combi_region_temple_of_tlencan,5,0.0,0.0,False,,5,False,False,cai_region_hint_area_lustria,lustria,Extended,True,Shared atlas theater and either at most six raster borders or at most 75 world units,land_raster_point,land_raster_point,,,Caravan/convoy links are context only; portal nodes lack general traversal eligibility; no shortcut inferred,Static human startup rules; later choices excluded. Maritime land anchors are descriptive; not movement routes. Secondary forces do not set primary distance.,False,Clan Pestilens,skaven,wh2_main_sc_skv_skaven,Bordeleaux Errant,bretonnia,wh_main_sc_brt_bretonnia,Conflict,False,Partial: guide evidence plus analytical prior; generic modifier matrix unmeasured,bretonnia_0;skaven_0,Opposed surrounding diplomatic ecosystems prior,"Generic numeric aversion, opening treaties, all faction/lord/technology modifiers and multiplayer runtime behavior are not exhaustively exported; classes are analytical, not verified team legality.",,Human confederation cooldown exemption is not permission to absorb a human teammate. Vermintide war declaration explicitly excludes teammates; this is not blanket protection against all Under-City damage.,False,Diplomatic Conflict: Opposed surrounding diplomatic ecosystems prior
wh2_main_skv_clan_skryre,wh_dlc05_bst_morghur_herd,wh3_main_combi_region_tobaro,wh3_main_combi_region_montenas,wh3_main_combi_province_estalia,wh3_main_combi_province_irrana_mountains,38.235801,primary human army world coordinates,32.020874,308.63140869140625,346.34893798828125,270.5534973144531,349.82012939453125,wh3_main_combi_region_tobaro,wh3_main_combi_region_montenas,2,0.0,0.0,False,,2,False,True,cai_region_hint_area_border_princes,border_princes,Regional,True,Within 100 units with neighboring provinces or at most four raster borders,land_raster_point,land_raster_point,,,Caravan/convoy links are context only; portal nodes lack general traversal eligibility; no shortcut inferred,Static human startup rules; later choices excluded. Maritime land anchors are descriptive; not movement routes. Secondary forces do not set primary distance.,False,Clan Skryre,skaven,wh2_main_sc_skv_skaven,Warherd of the Shadowgave,beastmen,wh_dlc03_sc_bst_beastmen,Special,True,Partial: guide evidence plus analytical prior; generic modifier matrix unmeasured,beastmen_0;skaven_0,Non-Order pragmatic-alliance prior; not a numeric diplomatic guarantee Beastmen permitted-faction membership and multiplayer exception unresolved; no qualification asserted,"Generic numeric aversion, opening treaties, all faction/lord/technology modifiers and multiplayer runtime behavior are not exhaustively exported; classes are analytical, not verified team legality.",,Restricted treaty set; permitted-faction membership and teammate bypass are not enumerated by the guide; positive deals reduce Bestial Rage for five turns. Vermintide war declaration explicitly excludes teammates; this is not blanket protection against all Under-City damage.,False,Treaty eligibility unresolved
wh2_main_skv_clan_skryre,wh_dlc05_wef_argwylon,wh3_main_combi_region_tobaro,wh3_main_combi_region_karak_norn,wh3_main_combi_province_estalia,wh3_main_combi_province_southern_grey_mountains,112.676704,primary human army world coordinates,117.424747,308.63140869140625,346.34893798828125,350.717529296875,450.8706970214844,wh3_main_combi_region_tobaro,wh3_main_combi_region_karak_norn,4,0.0,0.0,False,,4,False,False,,border_princes <-> dwarf_empire,Extended,False,Extended requires shared atlas theater AND (at most six raster borders OR at most 75 world units),land_raster_point,land_raster_point,,,Caravan/convoy links are context only; portal nodes lack general traversal eligibility; no shortcut inferred,Static human startup rules; later choices excluded. Maritime land anchors are descriptive; not movement routes. Secondary forces do not set primary distance.,False,Clan Skryre,skaven,wh2_main_sc_skv_skaven,Argwylon,wood_elves,wh_dlc05_sc_wef_wood_elves,Conflict,False,Partial: guide evidence plus analytical prior; generic modifier matrix unmeasured,skaven_0;wood_elves_0;wood_elves_1,Opposed surrounding diplomatic ecosystems prior,"Generic numeric aversion, opening treaties, all faction/lord/technology modifiers and multiplayer runtime behavior are not exhaustively exported; classes are analytical, not verified team legality.",,Vermintide war declaration explicitly excludes teammates; this is not blanket protection against all Under-City damage. Rebirth completion is global and one-time in co-op; Ariel is globally unique. Drycha can confederate only Argwylon; not a general ban on Wood Elf alliances.,False,Extended requires shared atlas theater AND (at most six raster borders OR at most 75 world units); Diplomatic Conflict: Opposed surrounding diplomatic ecosystems prior
wh2_main_skv_clan_skryre,wh_dlc05_wef_wood_elves,wh3_main_combi_region_tobaro,wh3_main_combi_region_castle_carcassonne,wh3_main_combi_province_estalia,wh3_main_combi_province_carcassonne,53.180364,primary human army world coordinates,57.211957,308.63140869140625,346.34893798828125,314.64371315612533,399.1883483968683,wh3_main_combi_region_tobaro,wh3_main_combi_region_castle_carcassonne,2,0.0,0.0,False,,2,False,False,,border_princes <-> bretonnia,Regional,True,Within 100 units with neighboring provinces or at most four raster borders,land_raster_point,land_raster_point,,,Caravan/convoy links are context only; portal nodes lack general traversal eligibility; no shortcut inferred,Static human startup rules; later choices excluded. Maritime land anchors are descriptive; not movement routes. Secondary forces do not set primary distance.,False,Clan Skryre,skaven,wh2_main_sc_skv_skaven,Talsyn,wood_elves,wh_dlc05_sc_wef_wood_elves,Conflict,False,Partial: guide evidence plus analytical prior; generic modifier matrix unmeasured,skaven_0;wood_elves_0;wood_elves_1,Opposed surrounding diplomatic ecosystems prior,"Generic numeric aversion, opening treaties, all faction/lord/technology modifiers and multiplayer runtime behavior are not exhaustively exported; classes are analytical, not verified team legality.",,Vermintide war declaration explicitly excludes teammates; this is not blanket protection against all Under-City damage. Rebirth completion is global and one-time in co-op; Ariel is globally unique. Drycha can confederate only Argwylon; not a general ban on Wood Elf alliances.,False,Diplomatic Conflict: Opposed surrounding diplomatic ecosystems prior
wh2_main_skv_clan_skryre,wh_main_brt_carcassonne,wh3_main_combi_region_tobaro,wh3_main_combi_region_castle_carcassonne,wh3_main_combi_province_estalia,wh3_main_combi_province_carcassonne,54.800431,primary human army world coordinates,57.211957,308.63140869140625,346.34893798828125,297.27484130859375,399.959716796875,wh3_main_combi_region_tobaro,wh3_main_combi_region_castle_carcassonne,2,0.0,0.0,False,,2,False,False,,border_princes <-> bretonnia,Regional,True,Within 100 units with neighboring provinces or at most four raster borders,land_raster_point,land_raster_point,,,Caravan/convoy links are context only; portal nodes lack general traversal eligibility; no shortcut inferred,Static human startup rules; later choices excluded. Maritime land anchors are descriptive; not movement routes. Secondary forces do not set primary distance.,False,Clan Skryre,skaven,wh2_main_sc_skv_skaven,Carcassonne,bretonnia,wh_main_sc_brt_bretonnia,Conflict,False,Partial: guide evidence plus analytical prior; generic modifier matrix unmeasured,bretonnia_0;skaven_0,Opposed surrounding diplomatic ecosystems prior Partner appears in single-player faction objective(s); not treated as a multiplayer forced-war lock,"Generic numeric aversion, opening treaties, all faction/lord/technology modifiers and multiplayer runtime behavior are not exhaustively exported; classes are analytical, not verified team legality.",wh2_main_skv_clan_skryre:short:002:DESTROY_FACTION,Human confederation cooldown exemption is not permission to absorb a human teammate. Vermintide war declaration explicitly excludes teammates; this is not blanket protection against all Under-City damage.,False,Diplomatic Conflict: Opposed surrounding diplomatic ecosystems prior Partner appears in single-player faction objective(s); not treated as a multiplayer forced-war lock
wh2_main_skv_clan_skryre,wh_main_dwf_karak_izor,wh3_main_combi_region_tobaro,wh3_main_combi_region_karak_bhufdar,wh3_main_combi_province_estalia,wh3_main_combi_province_the_vaults,45.530936,primary human army world coordinates,61.430561,308.63140869140625,346.34893798828125,347.3773498535156,370.26165771484375,wh3_main_combi_region_tobaro,wh3_main_combi_region_karak_bhufdar,2,0.0,0.0,False,,2,False,False,,border_princes <-> dwarf_empire,Regional,True,Within 100 units with neighboring provinces or at most four raster borders,land_raster_point,land_raster_point,,,Caravan/convoy links are context only; portal nodes lack general traversal eligibility; no shortcut inferred,Static human startup rules; later choices excluded. Maritime land anchors are descriptive; not movement routes. Secondary forces do not set primary distance.,False,Clan Skryre,skaven,wh2_main_sc_skv_skaven,Clan Angrund,dwarfs,wh_main_sc_dwf_dwarfs,Conflict,False,Partial: guide evidence plus analytical prior; generic modifier matrix unmeasured,dwarfs_0;dwarfs_1;skaven_0,Opposed surrounding diplomatic ecosystems prior,"Generic numeric aversion, opening treaties, all faction/lord/technology modifiers and multiplayer runtime behavior are not exhaustively exported; classes are analytical, not verified team legality.",,Grudge accumulation responds to hostile conduct; positive diplomacy reduces it. Different allied Dwarf owners can enable conditional Deeps trade/diplomacy benefits. Vermintide war declaration explicitly excludes teammates; this is not blanket protection against all Under-City damage.,False,Diplomatic Conflict: Opposed surrounding diplomatic ecosystems prior
wh2_main_skv_clan_skryre,wh_main_emp_wissenland,wh3_main_combi_region_tobaro,wh3_main_combi_region_nuln,wh3_main_combi_province_estalia,wh3_main_combi_province_wissenland,131.901197,primary human army world coordinates,147.154288,308.63140869140625,346.34893798828125,366.75030517578125,464.7555236816406,wh3_main_combi_region_tobaro,wh3_main_combi_region_nuln,6,0.0,0.0,False,,6,False,False,,border_princes <-> empire,Extended,False,Extended requires shared atlas theater AND (at most six raster borders OR at most 75 world units),land_raster_point,land_raster_point,,ivory_road_combi,Caravan/convoy links are context only; portal nodes lack general traversal eligibility; no shortcut inferred,Static human startup rules; later choices excluded. Maritime land anchors are descriptive; not movement routes. Secondary forces do not set primary distance.,False,Clan Skryre,skaven,wh2_main_sc_skv_skaven,Wissenland & Nuln,empire,wh_main_sc_emp_empire,Conflict,False,Partial: guide evidence plus analytical prior; generic modifier matrix unmeasured,empire_0;skaven_0,Opposed surrounding diplomatic ecosystems prior,"Generic numeric aversion, opening treaties, all faction/lord/technology modifiers and multiplayer runtime behavior are not exhaustively exported; classes are analytical, not verified team legality.",,Reikland Elector politics replaces ordinary confederation/NAP paths; does not establish a general military-alliance ban. Vermintide war declaration explicitly excludes teammates; this is not blanket protection against all Under-City damage.,False,Extended requires shared atlas theater AND (at most six raster borders OR at most 75 world units); Diplomatic Conflict: Opposed surrounding diplomatic ecosystems prior
wh2_twa03_def_rakarth,wh3_dlc24_cth_the_celestial_court,wh3_main_combi_region_great_turtle_isle,wh3_main_combi_region_isle_of_the_crimson_skull,wh3_main_combi_province_the_turtle_isles,wh3_main_combi_province_aymara_swamps,107.004963,primary human army world coordinates,112.062496,24.717233657836914,203.2582244873047,30.729534149169922,310.0941467285156,wh3_main_combi_region_great_turtle_isle,wh3_main_combi_region_isle_of_the_crimson_skull,,0.0,0.0,False,,,False,False,cai_region_hint_area_lustria,lustria,Extended,False,Extended requires shared atlas theater AND (at most six raster borders OR at most 75 world units),land_raster_point,land_raster_point,,,Caravan/convoy links are context only; portal nodes lack general traversal eligibility; no shortcut inferred,Static human startup rules; later choices excluded. Maritime land anchors are descriptive; not movement routes. Secondary forces do not set primary distance.,True,The Thousand Maws,dark_elves,wh2_main_sc_def_dark_elves,The Jade Court,grand_cathay,wh3_main_sc_cth_cathay,Conflict,False,Partial: guide evidence plus analytical prior; generic modifier matrix unmeasured,dark_elves_0;dark_elves_1;grand_cathay_0,Opposed surrounding diplomatic ecosystems prior,"Generic numeric aversion, opening treaties, all faction/lord/technology modifiers and multiplayer runtime behavior are not exhaustively exported; classes are analytical, not verified team legality.",,Har Ganeth Blood Voyage is a forced vassal targeting occupied Ulthuan settlements; not a general alliance ban. Hag Graef gains conditional +25/+50 daemon relations at high possession; not a permanent faction-wide alliance guarantee. Guide found no distinct diplomatic replacement; generic faction modifiers remain outside coverage.,False,Extended requires shared atlas theater AND (at most six raster borders OR at most 75 world units); Diplomatic Conflict: Opposed surrounding diplomatic ecosystems prior
wh2_twa03_def_rakarth,wh_main_brt_bordeleaux,wh3_main_combi_region_great_turtle_isle,wh3_main_combi_region_temple_of_tlencan,wh3_main_combi_province_the_turtle_isles,wh3_main_combi_province_scorpion_coast,125.987616,primary human army world coordinates,131.848559,24.717233657836914,203.2582244873047,140.9550323486328,251.85507202148438,wh3_main_combi_region_great_turtle_isle,wh3_main_combi_region_temple_of_tlencan,,0.0,0.0,False,,,False,False,cai_region_hint_area_lustria,lustria,Extended,False,Extended requires shared atlas theater AND (at most six raster borders OR at most 75 world units),land_raster_point,land_raster_point,,,Caravan/convoy links are context only; portal nodes lack general traversal eligibility; no shortcut inferred,Static human startup rules; later choices excluded. Maritime land anchors are descriptive; not movement routes. Secondary forces do not set primary distance.,True,The Thousand Maws,dark_elves,wh2_main_sc_def_dark_elves,Bordeleaux Errant,bretonnia,wh_main_sc_brt_bretonnia,Conflict,False,Partial: guide evidence plus analytical prior; generic modifier matrix unmeasured,bretonnia_0;dark_elves_0;dark_elves_1,Opposed surrounding diplomatic ecosystems prior,"Generic numeric aversion, opening treaties, all faction/lord/technology modifiers and multiplayer runtime behavior are not exhaustively exported; classes are analytical, not verified team legality.",,Human confederation cooldown exemption is not permission to absorb a human teammate. Har Ganeth Blood Voyage is a forced vassal targeting occupied Ulthuan settlements; not a general alliance ban. Hag Graef gains conditional +25/+50 daemon relations at high possession; not a permanent faction-wide alliance guarantee.,False,Extended requires shared atlas theater AND (at most six raster borders OR at most 75 world units); Diplomatic Conflict: Opposed surrounding diplomatic ecosystems prior
wh3_cp1_cth_tiger_warriors,wh3_dlc20_chs_kholek,wh3_main_combi_region_vale_of_titans,wh3_main_combi_region_the_challenge_stone,wh3_main_combi_province_bone_road,wh3_main_combi_province_chimera_plateau,143.925654,primary human army world coordinates,148.909681,711.4555053710938,433.1289978027344,685.4022216796875,574.6769409179688,wh3_main_combi_region_vale_of_titans,wh3_main_combi_region_the_challenge_stone,3,0.0,0.0,False,,3,False,False,,chaos_wastes <-> mountains_of_mourn,Extended,False,Extended requires shared atlas theater AND (at most six raster borders OR at most 75 world units),land_raster_point,land_raster_point,,convoy_road_combi,Caravan/convoy links are context only; portal nodes lack general traversal eligibility; no shortcut inferred,Static human startup rules; later choices excluded. Maritime land anchors are descriptive; not movement routes. Secondary forces do not set primary distance.,False,Claws of the White Tiger,grand_cathay,wh3_main_sc_cth_cathay,Heralds of the Tempest,warriors_of_chaos,wh_main_sc_chs_chaos,Conflict,False,Partial: guide evidence plus analytical prior; generic modifier matrix unmeasured,grand_cathay_0;warriors_of_chaos_0;warriors_of_chaos_1,Opposed surrounding diplomatic ecosystems prior,"Generic numeric aversion, opening treaties, all faction/lord/technology modifiers and multiplayer runtime behavior are not exhaustively exported; classes are analytical, not verified team legality.",,Guide found no distinct diplomatic replacement; generic faction modifiers remain outside coverage. Homeland vassalization is faction/settlement-specific and does not guarantee revival. Only Archaon/Be'lakor have the final-settlement forced WoC confederation route; other WoC do not.,False,Extended requires shared atlas theater AND (at most six raster borders OR at most 75 world units); Diplomatic Conflict: Opposed surrounding diplomatic ecosystems prior
wh3_cp1_cth_tiger_warriors,wh3_dlc23_chd_legion_of_azgorh,wh3_main_combi_region_vale_of_titans,wh3_main_combi_region_black_fortress,wh3_main_combi_province_bone_road,wh3_main_combi_province_the_howling_wastes,96.428482,primary human army world coordinates,113.607564,711.4555053710938,433.1289978027344,632.6275634765625,377.5897521972656,wh3_main_combi_region_vale_of_titans,wh3_main_combi_region_black_fortress,4,0.0,0.0,False,,4,False,False,,darklands <-> mountains_of_mourn,Regional,True,Within 100 units with neighboring provinces or at most four raster borders,land_raster_point,land_raster_point,,irory_road_bhashiva;ivory_road_combi,Caravan/convoy links are context only; portal nodes lack general traversal eligibility; no shortcut inferred,Static human startup rules; later choices excluded. Maritime land anchors are descriptive; not movement routes. Secondary forces do not set primary distance.,False,Claws of the White Tiger,grand_cathay,wh3_main_sc_cth_cathay,The Legion of Azgorh,chaos_dwarfs,wh3_dlc23_sc_chd_chaos_dwarfs,Conflict,False,Partial: guide evidence plus analytical prior; generic modifier matrix unmeasured,chaos_dwarfs_0;grand_cathay_0,Opposed surrounding diplomatic ecosystems prior Partner appears in single-player faction objective(s); not treated as a multiplayer forced-war lock,"Generic numeric aversion, opening treaties, all faction/lord/technology modifiers and multiplayer runtime behavior are not exhaustively exported; classes are analytical, not verified team legality.",wh3_cp1_cth_tiger_warriors:long:005:DESTROY_FACTION,Tower-seat usurpation causes a five-turn diplomatic penalty; coordinate seat claims. Guide found no distinct diplomatic replacement; generic faction modifiers remain outside coverage.,False,Diplomatic Conflict: Opposed surrounding diplomatic ecosystems prior Partner appears in single-player faction objective(s); not treated as a multiplayer forced-war lock
wh3_cp1_cth_tiger_warriors,wh3_dlc23_chd_zhatan,wh3_main_combi_region_vale_of_titans,wh3_main_combi_region_fortress_of_eyes,wh3_main_combi_province_bone_road,wh3_main_combi_province_stonesky_foothills,124.163179,primary human army world coordinates,119.920931,711.4555053710938,433.1289978027344,762.8941040039062,546.1359252929688,wh3_main_combi_region_vale_of_titans,wh3_main_combi_region_fortress_of_eyes,3,0.0,0.0,False,,3,False,False,,cathay <-> mountains_of_mourn,Extended,False,Extended requires shared atlas theater AND (at most six raster borders OR at most 75 world units),land_raster_point,land_raster_point,,,Caravan/convoy links are context only; portal nodes lack general traversal eligibility; no shortcut inferred,Static human startup rules; later choices excluded. Maritime land anchors are descriptive; not movement routes. Secondary forces do not set primary distance.,False,Claws of the White Tiger,grand_cathay,wh3_main_sc_cth_cathay,The Warhost of Zharr,chaos_dwarfs,wh3_dlc23_sc_chd_chaos_dwarfs,Conflict,False,Partial: guide evidence plus analytical prior; generic modifier matrix unmeasured,chaos_dwarfs_0;grand_cathay_0,Opposed surrounding diplomatic ecosystems prior,"Generic numeric aversion, opening treaties, all faction/lord/technology modifiers and multiplayer runtime behavior are not exhaustively exported; classes are analytical, not verified team legality.",,Tower-seat usurpation causes a five-turn diplomatic penalty; coordinate seat claims. Guide found no distinct diplomatic replacement; generic faction modifiers remain outside coverage.,False,Extended requires shared atlas theater AND (at most six raster borders OR at most 75 world units); Diplomatic Conflict: Opposed surrounding diplomatic ecosystems prior
wh3_cp1_cth_tiger_warriors,wh3_main_vmp_caravan_of_blue_roses,wh3_main_combi_region_vale_of_titans,wh3_main_combi_region_gnobbly_gorge,wh3_main_combi_province_bone_road,wh3_main_combi_province_gnoblar_country,93.680407,primary human army world coordinates,85.412661,711.4555053710938,433.1289978027344,703.4391479492188,339.7922058105469,wh3_main_combi_region_vale_of_titans,wh3_main_combi_region_gnobbly_gorge,2,0.0,0.0,False,,2,False,False,cai_region_hint_area_mountains_of_mourn,mountains_of_mourn,Regional,True,Within 100 units with neighboring provinces or at most four raster borders,land_raster_point,land_raster_point,,,Caravan/convoy links are context only; portal nodes lack general traversal eligibility; no shortcut inferred,Static human startup rules; later choices excluded. Maritime land anchors are descriptive; not movement routes. Secondary forces do not set primary distance.,False,Claws of the White Tiger,grand_cathay,wh3_main_sc_cth_cathay,Caravan of Blue Roses,vampire_counts,wh_main_sc_vmp_vampire_counts,Conflict,False,Partial: guide evidence plus analytical prior; generic modifier matrix unmeasured,grand_cathay_0;vampire_counts_0,Opposed surrounding diplomatic ecosystems prior,"Generic numeric aversion, opening treaties, all faction/lord/technology modifiers and multiplayer runtime behavior are not exhaustively exported; classes are analytical, not verified team legality.",,Guide found no distinct diplomatic replacement; generic faction modifiers remain outside coverage. Barrow Legion has +30 WoC/Beastmen/Norsca relations and faction Chaos-attrition immunity.,False,Diplomatic Conflict: Opposed surrounding diplomatic ecosystems prior
wh3_cp1_cth_tiger_warriors,wh_main_grn_greenskins,wh3_main_combi_region_vale_of_titans,wh3_main_combi_region_eagle_eyries,wh3_main_combi_province_bone_road,wh3_main_combi_province_gash_kadrak,109.135751,primary human army world coordinates,136.493847,711.4555053710938,433.1289978027344,650.6644897460938,523.7659912109375,wh3_main_combi_region_vale_of_titans,wh3_main_combi_region_eagle_eyries,4,0.0,0.0,False,,4,False,True,cai_region_hint_area_mountains_of_mourn,mountains_of_mourn,Extended,True,Shared atlas theater and either at most six raster borders or at most 75 world units,land_raster_point,land_raster_point,,,Caravan/convoy links are context only; portal nodes lack general traversal eligibility; no shortcut inferred,Static human startup rules; later choices excluded. Maritime land anchors are descriptive; not movement routes. Secondary forces do not set primary distance.,False,Claws of the White Tiger,grand_cathay,wh3_main_sc_cth_cathay,Grimgor's 'Ardboyz,greenskins,wh_main_sc_grn_greenskins,Conflict,False,Partial: guide evidence plus analytical prior; generic modifier matrix unmeasured,grand_cathay_0;greenskins_0,Opposed surrounding diplomatic ecosystems prior Partner appears in single-player faction objective(s); not treated as a multiplayer forced-war lock,"Generic numeric aversion, opening treaties, all faction/lord/technology modifiers and multiplayer runtime behavior are not exhaustively exported; classes are analytical, not verified team legality.",wh3_cp1_cth_tiger_warriors:short:004:DESTROY_FACTION,Guide found no distinct diplomatic replacement; generic faction modifiers remain outside coverage. Leader-defeat confederation requires an AI loser; it cannot consume the human teammate.,False,Diplomatic Conflict: Opposed surrounding diplomatic ecosystems prior Partner appears in single-player faction objective(s); not treated as a multiplayer forced-war lock
wh3_dlc20_chs_azazel,wh3_dlc20_chs_festus,wh3_main_combi_region_bay_of_blades,wh3_main_combi_region_hergig,wh3_main_combi_province_trollheim_mountains,wh3_main_combi_province_hochland,84.345198,primary human army world coordinates,83.249525,411.508544921875,636.38720703125,394.1396789550781,553.8497314453125,wh3_main_combi_region_bay_of_blades,wh3_main_combi_region_hergig,5,0.0,0.0,False,,5,False,False,,empire <-> norsca,Extended,False,Extended requires shared atlas theater AND (at most six raster borders OR at most 75 world units),land_raster_point,land_raster_point,convoy_road_combi,irory_road_bhashiva;ivory_road_combi,Caravan/convoy links are context only; portal nodes lack general traversal eligibility; no shortcut inferred,Static human startup rules; later choices excluded. Maritime land anchors are descriptive; not movement routes. Secondary forces do not set primary distance.,False,The Ecstatic Legions,warriors_of_chaos,wh_main_sc_chs_chaos,The Fecundites,warriors_of_chaos,wh_main_sc_chs_chaos,Clean,False,Partial: guide evidence plus analytical prior; generic modifier matrix unmeasured,warriors_of_chaos_0;warriors_of_chaos_1,Same-race ecosystem prior,"Generic numeric aversion, opening treaties, all faction/lord/technology modifiers and multiplayer runtime behavior are not exhaustively exported; classes are analytical, not verified team legality.",,Homeland vassalization is faction/settlement-specific and does not guarantee revival. Only Archaon/Be'lakor have the final-settlement forced WoC confederation route; other WoC do not.,False,Extended requires shared atlas theater AND (at most six raster borders OR at most 75 world units)
wh3_dlc20_chs_azazel,wh3_dlc24_tze_the_deceivers,wh3_main_combi_region_bay_of_blades,wh3_main_combi_region_niedling,wh3_main_combi_province_trollheim_mountains,wh3_main_combi_province_stirland,147.169615,primary human army world coordinates,140.098875,411.508544921875,636.38720703125,424.8692321777344,489.8253173828125,wh3_main_combi_region_bay_of_blades,wh3_main_combi_region_niedling,6,0.0,0.0,False,,6,False,False,,empire <-> norsca,Extended,False,Extended requires shared atlas theater AND (at most six raster borders OR at most 75 world units),land_raster_point,land_raster_point,convoy_road_combi,,Caravan/convoy links are context only; portal nodes lack general traversal eligibility; no shortcut inferred,Static human startup rules; later choices excluded. Maritime land anchors are descriptive; not movement routes. Secondary forces do not set primary distance.,False,The Ecstatic Legions,warriors_of_chaos,wh_main_sc_chs_chaos,The Deceivers,tzeentch,wh3_main_sc_tze_tzeentch,Workable,False,Partial: guide evidence plus analytical prior; generic modifier matrix unmeasured,changeling_schemes;tzeentch_0;warriors_of_chaos_0;warriors_of_chaos_1,Chaos ecosystem prior with patron/vassal competition Compatible partners require scheme coordination; no unconditional global travel shortcut.,"Generic numeric aversion, opening treaties, all faction/lord/technology modifiers and multiplayer runtime behavior are not exhaustively exported; classes are analytical, not verified team legality.",,"Schemes make theater-specific world changes and rifts have scripted progression. Changeling Schemes change the world by theater; effects on a partner require coordination, not a universal immunity assumption. Homeland vassalization is faction/settlement-specific and does not guarantee revival. Only Archaon/Be'lakor have the final-settlement forced WoC confederation route; other WoC do not.",False,Extended requires shared atlas theater AND (at most six raster borders OR at most 75 world units)
wh3_dlc20_chs_azazel,wh3_dlc25_dwf_malakai,wh3_main_combi_region_bay_of_blades,wh3_main_combi_region_kraka_drak,wh3_main_combi_province_trollheim_mountains,wh3_main_combi_province_gianthome_mountains,74.644579,primary human army world coordinates,78.886893,411.508544921875,636.38720703125,484.9922180175781,649.5006713867188,wh3_main_combi_region_bay_of_blades,wh3_main_combi_region_kraka_drak,3,0.0,0.0,False,,3,False,True,cai_region_hint_area_norsca,norsca,Regional,True,Within 100 units with neighboring provinces or at most four raster borders,land_raster_point,land_raster_point,convoy_road_combi,,Caravan/convoy links are context only; portal nodes lack general traversal eligibility; no shortcut inferred,Static human startup rules; later choices excluded. Maritime land anchors are descriptive; not movement routes. Secondary forces do not set primary distance.,False,The Ecstatic Legions,warriors_of_chaos,wh_main_sc_chs_chaos,Masters of Innovation,dwarfs,wh_main_sc_dwf_dwarfs,Conflict,False,Partial: guide evidence plus analytical prior; generic modifier matrix unmeasured,dwarfs_0;dwarfs_1;warriors_of_chaos_0;warriors_of_chaos_1,Opposed surrounding diplomatic ecosystems prior,"Generic numeric aversion, opening treaties, all faction/lord/technology modifiers and multiplayer runtime behavior are not exhaustively exported; classes are analytical, not verified team legality.",,Grudge accumulation responds to hostile conduct; positive diplomacy reduces it. Different allied Dwarf owners can enable conditional Deeps trade/diplomacy benefits. Homeland vassalization is faction/settlement-specific and does not guarantee revival. Only Archaon/Be'lakor have the final-settlement forced WoC confederation route; other WoC do not.,False,Diplomatic Conflict: Opposed surrounding diplomatic ecosystems prior
wh3_dlc20_chs_azazel,wh3_dlc26_ogr_golgfag,wh3_main_combi_region_bay_of_blades,wh3_main_combi_region_norden,wh3_main_combi_province_trollheim_mountains,wh3_main_combi_province_ostland,43.988861,primary human army world coordinates,45.042845,411.508544921875,636.38720703125,412.8446044921875,592.4186401367188,wh3_main_combi_region_bay_of_blades,wh3_main_combi_region_norden,4,0.0,0.0,False,,4,False,False,,empire <-> norsca,Regional,True,Within 100 units with neighboring provinces or at most four raster borders,land_raster_point,land_raster_point,convoy_road_combi,,Caravan/convoy links are context only; portal nodes lack general traversal eligibility; no shortcut inferred,Static human startup rules; later choices excluded. Maritime land anchors are descriptive; not movement routes. Secondary forces do not set primary distance.,False,The Ecstatic Legions,warriors_of_chaos,wh_main_sc_chs_chaos,The Maneaters,ogre_kingdoms,wh3_main_sc_ogr_ogre_kingdoms,Special,True,Partial: guide evidence plus analytical prior; generic modifier matrix unmeasured,golgfag_contracts;ogre_kingdoms_0;warriors_of_chaos_0;warriors_of_chaos_1,Ogre mercenary-neutral ecosystem prior; faction restrictions take precedence Guide recognizes team context but does not prove a lobby override of the alliance ban; withhold qualification.,"Generic numeric aversion, opening treaties, all faction/lord/technology modifiers and multiplayer runtime behavior are not exhaustively exported; classes are analytical, not verified team legality.",,Maneaters cannot make military/defensive alliances or vassal agreements; client offers exclude enemies of his team. Ogre trespass diplomacy immunity is official-source-only in the guide; battle confederation requires an AI loser. Homeland vassalization is faction/settlement-specific and does not guarantee revival. Only Archaon/Be'lakor have the final-settlement forced WoC confederation route; other WoC do not.,False,Treaty eligibility unresolved
wh3_dlc20_chs_azazel,wh_dlc03_bst_beastmen,wh3_main_combi_region_bay_of_blades,wh3_main_combi_region_the_black_pit,wh3_main_combi_province_trollheim_mountains,wh3_main_combi_province_the_misty_hills,102.043764,primary human army world coordinates,104.471644,411.508544921875,636.38720703125,344.70521441307994,559.2493769811199,wh3_main_combi_region_bay_of_blades,wh3_main_combi_region_the_black_pit,6,0.0,0.0,False,,6,False,False,,empire <-> norsca,Extended,False,Extended requires shared atlas theater AND (at most six raster borders OR at most 75 world units),land_raster_point,land_raster_point,convoy_road_combi,,Caravan/convoy links are context only; portal nodes lack general traversal eligibility; no shortcut inferred,Static human startup rules; later choices excluded. Maritime land anchors are descriptive; not movement routes. Secondary forces do not set primary distance.,False,The Ecstatic Legions,warriors_of_chaos,wh_main_sc_chs_chaos,Warherd of the One-Eye,beastmen,wh_dlc03_sc_bst_beastmen,Special,True,Partial: guide evidence plus analytical prior; generic modifier matrix unmeasured,beastmen_0;warriors_of_chaos_0;warriors_of_chaos_1,Chaos ecosystem prior with patron/vassal competition Beastmen permitted-faction membership and multiplayer exception unresolved; no qualification asserted,"Generic numeric aversion, opening treaties, all faction/lord/technology modifiers and multiplayer runtime behavior are not exhaustively exported; classes are analytical, not verified team legality.",,Restricted treaty set; permitted-faction membership and teammate bypass are not enumerated by the guide; positive deals reduce Bestial Rage for five turns. Homeland vassalization is faction/settlement-specific and does not guarantee revival. Only Archaon/Be'lakor have the final-settlement forced WoC confederation route; other WoC do not.,False,Extended requires shared atlas theater AND (at most six raster borders OR at most 75 world units); Treaty eligibility unresolved
wh3_dlc20_chs_festus,wh3_dlc24_tze_the_deceivers,wh3_main_combi_region_hergig,wh3_main_combi_region_niedling,wh3_main_combi_province_hochland,wh3_main_combi_province_stirland,71.017118,primary human army world coordinates,61.598158,394.1396789550781,553.8497314453125,424.8692321777344,489.8253173828125,wh3_main_combi_region_hergig,wh3_main_combi_region_niedling,3,0.0,0.0,False,,3,False,False,cai_region_hint_area_empire,empire,Regional,True,Within 100 units with neighboring provinces or at most four raster borders,land_raster_point,land_raster_point,irory_road_bhashiva;ivory_road_combi,,Caravan/convoy links are context only; portal nodes lack general traversal eligibility; no shortcut inferred,Static human startup rules; later choices excluded. Maritime land anchors are descriptive; not movement routes. Secondary forces do not set primary distance.,False,The Fecundites,warriors_of_chaos,wh_main_sc_chs_chaos,The Deceivers,tzeentch,wh3_main_sc_tze_tzeentch,Conflict,False,Partial: guide evidence plus analytical prior; generic modifier matrix unmeasured,changeling_schemes;tzeentch_0;warriors_of_chaos_0;warriors_of_chaos_1,Chaos ecosystem prior with patron/vassal competition Marked WoC patron overrides same-race/broad Chaos prior; rival-god conflict is analytical inference Compatible partners require scheme coordination; no unconditional global travel shortcut.,"Generic numeric aversion, opening treaties, all faction/lord/technology modifiers and multiplayer runtime behavior are not exhaustively exported; classes are analytical, not verified team legality.",,"Schemes make theater-specific world changes and rifts have scripted progression. Changeling Schemes change the world by theater; effects on a partner require coordination, not a universal immunity assumption. Homeland vassalization is faction/settlement-specific and does not guarantee revival. Only Archaon/Be'lakor have the final-settlement forced WoC confederation route; other WoC do not.",False,Diplomatic Conflict: Chaos ecosystem prior with patron/vassal competition Marked WoC patron overrides same-race/broad Chaos prior; rival-god conflict is analytical inference Compatible partners require scheme coordination; no unconditional global travel shortcut.
wh3_dlc20_chs_festus,wh3_dlc25_dwf_malakai,wh3_main_combi_region_hergig,wh3_main_combi_region_kraka_drak,wh3_main_combi_province_hochland,wh3_main_combi_province_gianthome_mountains,131.921515,primary human army world coordinates,126.120758,394.1396789550781,553.8497314453125,484.9922180175781,649.5006713867188,wh3_main_combi_region_hergig,wh3_main_combi_region_kraka_drak,6,0.0,0.0,False,,6,False,False,,empire <-> norsca,Extended,False,Extended requires shared atlas theater AND (at most six raster borders OR at most 75 world units),land_raster_point,land_raster_point,irory_road_bhashiva;ivory_road_combi,,Caravan/convoy links are context only; portal nodes lack general traversal eligibility; no shortcut inferred,Static human startup rules; later choices excluded. Maritime land anchors are descriptive; not movement routes. Secondary forces do not set primary distance.,False,The Fecundites,warriors_of_chaos,wh_main_sc_chs_chaos,Masters of Innovation,dwarfs,wh_main_sc_dwf_dwarfs,Conflict,False,Partial: guide evidence plus analytical prior; generic modifier matrix unmeasured,dwarfs_0;dwarfs_1;warriors_of_chaos_0;warriors_of_chaos_1,Opposed surrounding diplomatic ecosystems prior,"Generic numeric aversion, opening treaties, all faction/lord/technology modifiers and multiplayer runtime behavior are not exhaustively exported; classes are analytical, not verified team legality.",,Grudge accumulation responds to hostile conduct; positive diplomacy reduces it. Different allied Dwarf owners can enable conditional Deeps trade/diplomacy benefits. Homeland vassalization is faction/settlement-specific and does not guarantee revival. Only Archaon/Be'lakor have the final-settlement forced WoC confederation route; other WoC do not.,False,Extended requires shared atlas theater AND (at most six raster borders OR at most 75 world units); Diplomatic Conflict: Opposed surrounding diplomatic ecosystems prior
wh3_dlc20_chs_festus,wh3_dlc26_ogr_golgfag,wh3_main_combi_region_hergig,wh3_main_combi_region_norden,wh3_main_combi_province_hochland,wh3_main_combi_province_ostland,42.865312,primary human army world coordinates,38.24888,394.1396789550781,553.8497314453125,412.8446044921875,592.4186401367188,wh3_main_combi_region_hergig,wh3_main_combi_region_norden,2,0.0,0.0,False,,2,False,True,cai_region_hint_area_empire,empire,Regional,True,Within 100 units with neighboring provinces or at most four raster borders,land_raster_point,land_raster_point,irory_road_bhashiva;ivory_road_combi,,Caravan/convoy links are context only; portal nodes lack general traversal eligibility; no shortcut inferred,Static human startup rules; later choices excluded. Maritime land anchors are descriptive; not movement routes. Secondary forces do not set primary distance.,False,The Fecundites,warriors_of_chaos,wh_main_sc_chs_chaos,The Maneaters,ogre_kingdoms,wh3_main_sc_ogr_ogre_kingdoms,Special,True,Partial: guide evidence plus analytical prior; generic modifier matrix unmeasured,golgfag_contracts;ogre_kingdoms_0;warriors_of_chaos_0;warriors_of_chaos_1,Ogre mercenary-neutral ecosystem prior; faction restrictions take precedence Guide recognizes team context but does not prove a lobby override of the alliance ban; withhold qualification.,"Generic numeric aversion, opening treaties, all faction/lord/technology modifiers and multiplayer runtime behavior are not exhaustively exported; classes are analytical, not verified team legality.",,Maneaters cannot make military/defensive alliances or vassal agreements; client offers exclude enemies of his team. Ogre trespass diplomacy immunity is official-source-only in the guide; battle confederation requires an AI loser. Homeland vassalization is faction/settlement-specific and does not guarantee revival. Only Archaon/Be'lakor have the final-settlement forced WoC confederation route; other WoC do not.,False,Treaty eligibility unresolved
wh3_dlc20_chs_festus,wh3_main_ksl_the_great_orthodoxy,wh3_main_combi_region_hergig,wh3_main_combi_region_erengrad,wh3_main_combi_province_hochland,wh3_main_combi_province_river_lynsk,59.556202,primary human army world coordinates,56.392908,394.1396789550781,553.8497314453125,420.86102294921875,607.0748291015625,wh3_main_combi_region_hergig,wh3_main_combi_region_erengrad,3,0.0,0.0,False,,3,False,False,,empire <-> kislev,Regional,True,Within 100 units with neighboring provinces or at most four raster borders,land_raster_point,land_raster_point,irory_road_bhashiva;ivory_road_combi,ivory_road_combi,Caravan/convoy links are context only; portal nodes lack general traversal eligibility; no shortcut inferred,Static human startup rules; later choices excluded. Maritime land anchors are descriptive; not movement routes. Secondary forces do not set primary distance.,False,The Fecundites,warriors_of_chaos,wh_main_sc_chs_chaos,The Great Orthodoxy,kislev,wh3_main_sc_ksl_kislev,Conflict,False,Partial: guide evidence plus analytical prior; generic modifier matrix unmeasured,kislev_0;warriors_of_chaos_0;warriors_of_chaos_1,Opposed surrounding diplomatic ecosystems prior Partner appears in single-player faction objective(s); not treated as a multiplayer forced-war lock,"Generic numeric aversion, opening treaties, all faction/lord/technology modifiers and multiplayer runtime behavior are not exhaustively exported; classes are analytical, not verified team legality.",wh3_main_ksl_the_great_orthodoxy:long:003:DESTROY_FACTION,Old supporter-race forced confederation and intra-Kislev war ban are obsolete; ordinary diplomacy applies. Homeland vassalization is faction/settlement-specific and does not guarantee revival. Only Archaon/Be'lakor have the final-settlement forced WoC confederation route; other WoC do not.,False,Diplomatic Conflict: Opposed surrounding diplomatic ecosystems prior Partner appears in single-player faction objective(s); not treated as a multiplayer forced-war lock
wh3_dlc20_chs_festus,wh3_main_ksl_the_ice_court,wh3_main_combi_region_hergig,wh3_main_combi_region_zavastra,wh3_main_combi_province_hochland,wh3_main_combi_province_southern_oblast,68.418272,primary human army world coordinates,56.025117,394.1396789550781,553.8497314453125,462.2790832519531,560.020751953125,wh3_main_combi_region_hergig,wh3_main_combi_region_zavastra,2,0.0,0.0,False,,2,False,False,,empire <-> kislev,Regional,True,Within 100 units with neighboring provinces or at most four raster borders,land_raster_point,land_raster_point,irory_road_bhashiva;ivory_road_combi,,Caravan/convoy links are context only; portal nodes lack general traversal eligibility; no shortcut inferred,Static human startup rules; later choices excluded. Maritime land anchors are descriptive; not movement routes. Secondary forces do not set primary distance.,False,The Fecundites,warriors_of_chaos,wh_main_sc_chs_chaos,The Ice Court,kislev,wh3_main_sc_ksl_kislev,Conflict,False,Partial: guide evidence plus analytical prior; generic modifier matrix unmeasured,kislev_0;warriors_of_chaos_0;warriors_of_chaos_1,Opposed surrounding diplomatic ecosystems prior Partner appears in single-player faction objective(s); not treated as a multiplayer forced-war lock,"Generic numeric aversion, opening treaties, all faction/lord/technology modifiers and multiplayer runtime behavior are not exhaustively exported; classes are analytical, not verified team legality.",wh3_main_ksl_the_ice_court:long:003:DESTROY_FACTION,Old supporter-race forced confederation and intra-Kislev war ban are obsolete; ordinary diplomacy applies. Homeland vassalization is faction/settlement-specific and does not guarantee revival. Only Archaon/Be'lakor have the final-settlement forced WoC confederation route; other WoC do not.,False,Diplomatic Conflict: Opposed surrounding diplomatic ecosystems prior Partner appears in single-player faction objective(s); not treated as a multiplayer forced-war lock
wh3_dlc20_chs_festus,wh_dlc03_bst_beastmen,wh3_main_combi_region_hergig,wh3_main_combi_region_the_black_pit,wh3_main_combi_province_hochland,wh3_main_combi_province_the_misty_hills,49.728487,primary human army world coordinates,69.623167,394.1396789550781,553.8497314453125,344.70521441307994,559.2493769811199,wh3_main_combi_region_hergig,wh3_main_combi_region_the_black_pit,3,0.0,0.0,False,,3,False,False,cai_region_hint_area_empire,empire,Regional,True,Within 100 units with neighboring provinces or at most four raster borders,land_raster_point,land_raster_point,irory_road_bhashiva;ivory_road_combi,,Caravan/convoy links are context only; portal nodes lack general traversal eligibility; no shortcut inferred,Static human startup rules; later choices excluded. Maritime land anchors are descriptive; not movement routes. Secondary forces do not set primary distance.,False,The Fecundites,warriors_of_chaos,wh_main_sc_chs_chaos,Warherd of the One-Eye,beastmen,wh_dlc03_sc_bst_beastmen,Special,True,Partial: guide evidence plus analytical prior; generic modifier matrix unmeasured,beastmen_0;warriors_of_chaos_0;warriors_of_chaos_1,Chaos ecosystem prior with patron/vassal competition Beastmen permitted-faction membership and multiplayer exception unresolved; no qualification asserted,"Generic numeric aversion, opening treaties, all faction/lord/technology modifiers and multiplayer runtime behavior are not exhaustively exported; classes are analytical, not verified team legality.",,Restricted treaty set; permitted-faction membership and teammate bypass are not enumerated by the guide; positive deals reduce Bestial Rage for five turns. Homeland vassalization is faction/settlement-specific and does not guarantee revival. Only Archaon/Be'lakor have the final-settlement forced WoC confederation route; other WoC do not.,False,Treaty eligibility unresolved
wh3_dlc20_chs_festus,wh_dlc05_wef_argwylon,wh3_main_combi_region_hergig,wh3_main_combi_region_karak_norn,wh3_main_combi_province_hochland,wh3_main_combi_province_southern_grey_mountains,111.759405,primary human army world coordinates,119.022217,394.1396789550781,553.8497314453125,350.717529296875,450.8706970214844,wh3_main_combi_region_hergig,wh3_main_combi_region_karak_norn,6,0.0,0.0,False,,6,False,False,,dwarf_empire <-> empire,Extended,False,Extended requires shared atlas theater AND (at most six raster borders OR at most 75 world units),land_raster_point,land_raster_point,irory_road_bhashiva;ivory_road_combi,,Caravan/convoy links are context only; portal nodes lack general traversal eligibility; no shortcut inferred,Static human startup rules; later choices excluded. Maritime land anchors are descriptive; not movement routes. Secondary forces do not set primary distance.,False,The Fecundites,warriors_of_chaos,wh_main_sc_chs_chaos,Argwylon,wood_elves,wh_dlc05_sc_wef_wood_elves,Conflict,False,Partial: guide evidence plus analytical prior; generic modifier matrix unmeasured,warriors_of_chaos_0;warriors_of_chaos_1;wood_elves_0;wood_elves_1,Opposed surrounding diplomatic ecosystems prior,"Generic numeric aversion, opening treaties, all faction/lord/technology modifiers and multiplayer runtime behavior are not exhaustively exported; classes are analytical, not verified team legality.",,Homeland vassalization is faction/settlement-specific and does not guarantee revival. Only Archaon/Be'lakor have the final-settlement forced WoC confederation route; other WoC do not. Rebirth completion is global and one-time in co-op; Ariel is globally unique. Drycha can confederate only Argwylon; not a general ban on Wood Elf alliances.,False,Extended requires shared atlas theater AND (at most six raster borders OR at most 75 world units); Diplomatic Conflict: Opposed surrounding diplomatic ecosystems prior
wh3_dlc20_chs_festus,wh_main_brt_bretonnia,wh3_main_combi_region_hergig,wh3_main_combi_region_languille,wh3_main_combi_province_hochland,wh3_main_combi_province_marches_of_couronne,130.718491,primary human army world coordinates,144.643277,394.1396789550781,553.8497314453125,268.5494079589844,517.594970703125,wh3_main_combi_region_hergig,wh3_main_combi_region_languille,6,0.0,0.0,False,,6,False,False,,bretonnia <-> empire,Extended,False,Extended requires shared atlas theater AND (at most six raster borders OR at most 75 world units),land_raster_point,land_raster_point,irory_road_bhashiva;ivory_road_combi,,Caravan/convoy links are context only; portal nodes lack general traversal eligibility; no shortcut inferred,Static human startup rules; later choices excluded. Maritime land anchors are descriptive; not movement routes. Secondary forces do not set primary distance.,False,The Fecundites,warriors_of_chaos,wh_main_sc_chs_chaos,Couronne,bretonnia,wh_main_sc_brt_bretonnia,Conflict,False,Partial: guide evidence plus analytical prior; generic modifier matrix unmeasured,bretonnia_0;warriors_of_chaos_0;warriors_of_chaos_1,Opposed surrounding diplomatic ecosystems prior,"Generic numeric aversion, opening treaties, all faction/lord/technology modifiers and multiplayer runtime behavior are not exhaustively exported; classes are analytical, not verified team legality.",,Human confederation cooldown exemption is not permission to absorb a human teammate. Homeland vassalization is faction/settlement-specific and does not guarantee revival. Only Archaon/Be'lakor have the final-settlement forced WoC confederation route; other WoC do not.,False,Extended requires shared atlas theater AND (at most six raster borders OR at most 75 world units); Diplomatic Conflict: Opposed surrounding diplomatic ecosystems prior
wh3_dlc20_chs_festus,wh_main_dwf_karak_kadrin,wh3_main_combi_region_hergig,wh3_main_combi_region_karak_kadrin,wh3_main_combi_province_hochland,wh3_main_combi_province_peak_pass,136.697313,primary human army world coordinates,110.109061,394.1396789550781,553.8497314453125,515.7217407226562,491.3680725097656,wh3_main_combi_region_hergig,wh3_main_combi_region_karak_kadrin,4,0.0,0.0,False,,4,False,False,,dwarf_empire <-> empire,Extended,False,Extended requires shared atlas theater AND (at most six raster borders OR at most 75 world units),land_raster_point,land_raster_point,irory_road_bhashiva;ivory_road_combi,,Caravan/convoy links are context only; portal nodes lack general traversal eligibility; no shortcut inferred,Static human startup rules; later choices excluded. Maritime land anchors are descriptive; not movement routes. Secondary forces do not set primary distance.,False,The Fecundites,warriors_of_chaos,wh_main_sc_chs_chaos,Karak Kadrin,dwarfs,wh_main_sc_dwf_dwarfs,Conflict,False,Partial: guide evidence plus analytical prior; generic modifier matrix unmeasured,dwarfs_0;dwarfs_1;warriors_of_chaos_0;warriors_of_chaos_1,Opposed surrounding diplomatic ecosystems prior,"Generic numeric aversion, opening treaties, all faction/lord/technology modifiers and multiplayer runtime behavior are not exhaustively exported; classes are analytical, not verified team legality.",,Grudge accumulation responds to hostile conduct; positive diplomacy reduces it. Different allied Dwarf owners can enable conditional Deeps trade/diplomacy benefits. Homeland vassalization is faction/settlement-specific and does not guarantee revival. Only Archaon/Be'lakor have the final-settlement forced WoC confederation route; other WoC do not.,False,Extended requires shared atlas theater AND (at most six raster borders OR at most 75 world units); Diplomatic Conflict: Opposed surrounding diplomatic ecosystems prior
wh3_dlc20_chs_festus,wh_main_emp_empire,wh3_main_combi_region_hergig,wh3_main_combi_region_altdorf,wh3_main_combi_province_hochland,wh3_main_combi_province_reikland,76.405402,primary human army world coordinates,79.715677,394.1396789550781,553.8497314453125,350.717529296875,490.9823913574219,wh3_main_combi_region_hergig,wh3_main_combi_region_altdorf,4,0.0,0.0,False,,4,False,False,cai_region_hint_area_empire,empire,Regional,True,Within 100 units with neighboring provinces or at most four raster borders,land_raster_point,land_raster_point,irory_road_bhashiva;ivory_road_combi,ivory_road_combi,Caravan/convoy links are context only; portal nodes lack general traversal eligibility; no shortcut inferred,Static human startup rules; later choices excluded. Maritime land anchors are descriptive; not movement routes. Secondary forces do not set primary distance.,False,The Fecundites,warriors_of_chaos,wh_main_sc_chs_chaos,Reikland,empire,wh_main_sc_emp_empire,Conflict,False,Partial: guide evidence plus analytical prior; generic modifier matrix unmeasured,empire_0;warriors_of_chaos_0;warriors_of_chaos_1,Opposed surrounding diplomatic ecosystems prior,"Generic numeric aversion, opening treaties, all faction/lord/technology modifiers and multiplayer runtime behavior are not exhaustively exported; classes are analytical, not verified team legality.",,Reikland Elector politics replaces ordinary confederation/NAP paths; does not establish a general military-alliance ban. Homeland vassalization is faction/settlement-specific and does not guarantee revival. Only Archaon/Be'lakor have the final-settlement forced WoC confederation route; other WoC do not.,False,Diplomatic Conflict: Opposed surrounding diplomatic ecosystems prior
wh3_dlc20_chs_festus,wh_main_emp_wissenland,wh3_main_combi_region_hergig,wh3_main_combi_region_nuln,wh3_main_combi_province_hochland,wh3_main_combi_province_wissenland,93.209204,primary human army world coordinates,88.49634,394.1396789550781,553.8497314453125,366.75030517578125,464.7555236816406,wh3_main_combi_region_hergig,wh3_main_combi_region_nuln,5,0.0,0.0,False,,5,False,False,cai_region_hint_area_empire,empire,Extended,True,Shared atlas theater and either at most six raster borders or at most 75 world units,land_raster_point,land_raster_point,irory_road_bhashiva;ivory_road_combi,ivory_road_combi,Caravan/convoy links are context only; portal nodes lack general traversal eligibility; no shortcut inferred,Static human startup rules; later choices excluded. Maritime land anchors are descriptive; not movement routes. Secondary forces do not set primary distance.,False,The Fecundites,warriors_of_chaos,wh_main_sc_chs_chaos,Wissenland & Nuln,empire,wh_main_sc_emp_empire,Conflict,False,Partial: guide evidence plus analytical prior; generic modifier matrix unmeasured,empire_0;warriors_of_chaos_0;warriors_of_chaos_1,Opposed surrounding diplomatic ecosystems prior Partner appears in single-player faction objective(s); not treated as a multiplayer forced-war lock,"Generic numeric aversion, opening treaties, all faction/lord/technology modifiers and multiplayer runtime behavior are not exhaustively exported; classes are analytical, not verified team legality.",wh_main_emp_wissenland:short:002:DESTROY_FACTION,Reikland Elector politics replaces ordinary confederation/NAP paths; does not establish a general military-alliance ban. Homeland vassalization is faction/settlement-specific and does not guarantee revival. Only Archaon/Be'lakor have the final-settlement forced WoC confederation route; other WoC do not.,False,Diplomatic Conflict: Opposed surrounding diplomatic ecosystems prior Partner appears in single-player faction objective(s); not treated as a multiplayer forced-war lock
wh3_dlc20_chs_kholek,wh3_dlc23_chd_astragoth,wh3_main_combi_region_the_challenge_stone,wh3_main_combi_region_uzkulak,wh3_main_combi_province_chimera_plateau,wh3_main_combi_province_zorn_uzkul,114.515301,primary human army world coordinates,132.43602,685.4022216796875,574.6769409179688,573.8406372070312,548.8357543945312,wh3_main_combi_region_the_challenge_stone,wh3_main_combi_region_uzkulak,3,0.0,0.0,False,,3,False,False,,chaos_wastes <-> darklands,Extended,False,Extended requires shared atlas theater AND (at most six raster borders OR at most 75 world units),land_raster_point,land_raster_point,convoy_road_combi,convoy_road_combi;irory_road_bhashiva;ivory_road_combi,Caravan/convoy links are context only; portal nodes lack general traversal eligibility; no shortcut inferred,Static human startup rules; later choices excluded. Maritime land anchors are descriptive; not movement routes. Secondary forces do not set primary distance.,False,Heralds of the Tempest,warriors_of_chaos,wh_main_sc_chs_chaos,Disciples of Hashut,chaos_dwarfs,wh3_dlc23_sc_chd_chaos_dwarfs,Workable,False,Partial: guide evidence plus analytical prior; generic modifier matrix unmeasured,chaos_dwarfs_0;warriors_of_chaos_0;warriors_of_chaos_1,Chaos ecosystem prior with patron/vassal competition,"Generic numeric aversion, opening treaties, all faction/lord/technology modifiers and multiplayer runtime behavior are not exhaustively exported; classes are analytical, not verified team legality.",,Tower-seat usurpation causes a five-turn diplomatic penalty; coordinate seat claims. Homeland vassalization is faction/settlement-specific and does not guarantee revival. Only Archaon/Be'lakor have the final-settlement forced WoC confederation route; other WoC do not.,False,Extended requires shared atlas theater AND (at most six raster borders OR at most 75 world units)
wh3_dlc20_chs_kholek,wh3_main_cth_the_northern_provinces,wh3_main_combi_region_the_challenge_stone,wh3_main_combi_region_nan_gau,wh3_main_combi_province_chimera_plateau,wh3_main_combi_province_gunpowder_road,108.397218,primary human army world coordinates,90.931728,685.4022216796875,574.6769409179688,761.5580444335938,497.5390930175781,wh3_main_combi_region_the_challenge_stone,wh3_main_combi_region_nan_gau,2,0.0,0.0,False,,2,False,False,,cathay <-> chaos_wastes,Extended,False,Extended requires shared atlas theater AND (at most six raster borders OR at most 75 world units),land_raster_point,land_raster_point,convoy_road_combi,,Caravan/convoy links are context only; portal nodes lack general traversal eligibility; no shortcut inferred,Static human startup rules; later choices excluded. Maritime land anchors are descriptive; not movement routes. Secondary forces do not set primary distance.,False,Heralds of the Tempest,warriors_of_chaos,wh_main_sc_chs_chaos,The Northern Provinces,grand_cathay,wh3_main_sc_cth_cathay,Conflict,False,Partial: guide evidence plus analytical prior; generic modifier matrix unmeasured,grand_cathay_0;warriors_of_chaos_0;warriors_of_chaos_1,Opposed surrounding diplomatic ecosystems prior Partner appears in single-player faction objective(s); not treated as a multiplayer forced-war lock,"Generic numeric aversion, opening treaties, all faction/lord/technology modifiers and multiplayer runtime behavior are not exhaustively exported; classes are analytical, not verified team legality.",wh3_dlc20_chs_kholek:short:001:DESTROY_FACTION;wh3_main_cth_the_northern_provinces:long:003:DESTROY_FACTION,Guide found no distinct diplomatic replacement; generic faction modifiers remain outside coverage. Homeland vassalization is faction/settlement-specific and does not guarantee revival. Only Archaon/Be'lakor have the final-settlement forced WoC confederation route; other WoC do not.,False,Extended requires shared atlas theater AND (at most six raster borders OR at most 75 world units); Diplomatic Conflict: Opposed surrounding diplomatic ecosystems prior Partner appears in single-player faction objective(s); not treated as a multiplayer forced-war lock
wh3_dlc20_chs_valkia,wh3_main_dwf_the_ancestral_throng,wh3_main_combi_region_dagraks_end,wh3_main_combi_region_eldar_spire,wh3_main_combi_province_ironfrost_glacier,wh3_main_combi_province_iron_coast,100.909125,primary human army world coordinates,110.10814,75.4877700805664,692.3121337890625,11.3565673828125,614.4029541015625,wh3_main_combi_region_dagraks_end,wh3_main_combi_region_eldar_spire,4,0.0,0.0,False,,4,False,True,cai_region_hint_area_naggarond,naggarond,Extended,True,Shared atlas theater and either at most six raster borders or at most 75 world units,land_raster_point,land_raster_point,,,Caravan/convoy links are context only; portal nodes lack general traversal eligibility; no shortcut inferred,Static human startup rules; later choices excluded. Maritime land anchors are descriptive; not movement routes. Secondary forces do not set primary distance.,False,Legion of the Gorequeen,warriors_of_chaos,wh_main_sc_chs_chaos,The Ancestral Throng,dwarfs,wh_main_sc_dwf_dwarfs,Conflict,False,Partial: guide evidence plus analytical prior; generic modifier matrix unmeasured,dwarfs_0;dwarfs_1;warriors_of_chaos_0;warriors_of_chaos_1,Opposed surrounding diplomatic ecosystems prior,"Generic numeric aversion, opening treaties, all faction/lord/technology modifiers and multiplayer runtime behavior are not exhaustively exported; classes are analytical, not verified team legality.",,Grudge accumulation responds to hostile conduct; positive diplomacy reduces it. Different allied Dwarf owners can enable conditional Deeps trade/diplomacy benefits. Homeland vassalization is faction/settlement-specific and does not guarantee revival. Only Archaon/Be'lakor have the final-settlement forced WoC confederation route; other WoC do not.,False,Diplomatic Conflict: Opposed surrounding diplomatic ecosystems prior
wh3_dlc20_chs_vilitch,wh3_main_cth_the_northern_provinces,wh3_main_combi_region_red_fortress,wh3_main_combi_region_nan_gau,wh3_main_combi_province_the_red_wastes,wh3_main_combi_province_gunpowder_road,131.045805,primary human army world coordinates,116.409239,891.8245239257812,511.8096008300781,761.5580444335938,497.5390930175781,wh3_main_combi_region_red_fortress,wh3_main_combi_region_nan_gau,2,0.0,0.0,False,,2,False,False,cai_region_hint_area_cathay,cathay,Extended,True,Shared atlas theater and either at most six raster borders or at most 75 world units,land_raster_point,land_raster_point,,,Caravan/convoy links are context only; portal nodes lack general traversal eligibility; no shortcut inferred,Static human startup rules; later choices excluded. Maritime land anchors are descriptive; not movement routes. Secondary forces do not set primary distance.,False,Puppets of Misrule,warriors_of_chaos,wh_main_sc_chs_chaos,The Northern Provinces,grand_cathay,wh3_main_sc_cth_cathay,Conflict,False,Partial: guide evidence plus analytical prior; generic modifier matrix unmeasured,grand_cathay_0;warriors_of_chaos_0;warriors_of_chaos_1,Opposed surrounding diplomatic ecosystems prior Partner appears in single-player faction objective(s); not treated as a multiplayer forced-war lock,"Generic numeric aversion, opening treaties, all faction/lord/technology modifiers and multiplayer runtime behavior are not exhaustively exported; classes are analytical, not verified team legality.",wh3_main_cth_the_northern_provinces:long:003:DESTROY_FACTION,Guide found no distinct diplomatic replacement; generic faction modifiers remain outside coverage. Homeland vassalization is faction/settlement-specific and does not guarantee revival. Only Archaon/Be'lakor have the final-settlement forced WoC confederation route; other WoC do not.,False,Diplomatic Conflict: Opposed surrounding diplomatic ecosystems prior Partner appears in single-player faction objective(s); not treated as a multiplayer forced-war lock
wh3_dlc23_chd_astragoth,wh3_dlc25_dwf_malakai,wh3_main_combi_region_uzkulak,wh3_main_combi_region_kraka_drak,wh3_main_combi_province_zorn_uzkul,wh3_main_combi_province_gianthome_mountains,134.266403,primary human army world coordinates,132.944338,573.8406372070312,548.8357543945312,484.9922180175781,649.5006713867188,wh3_main_combi_region_uzkulak,wh3_main_combi_region_kraka_drak,5,0.0,0.0,False,,5,False,False,,darklands <-> norsca,Extended,False,Extended requires shared atlas theater AND (at most six raster borders OR at most 75 world units),land_raster_point,land_raster_point,convoy_road_combi;irory_road_bhashiva;ivory_road_combi,,Caravan/convoy links are context only; portal nodes lack general traversal eligibility; no shortcut inferred,Static human startup rules; later choices excluded. Maritime land anchors are descriptive; not movement routes. Secondary forces do not set primary distance.,False,Disciples of Hashut,chaos_dwarfs,wh3_dlc23_sc_chd_chaos_dwarfs,Masters of Innovation,dwarfs,wh_main_sc_dwf_dwarfs,Conflict,False,Partial: guide evidence plus analytical prior; generic modifier matrix unmeasured,chaos_dwarfs_0;dwarfs_0;dwarfs_1,Opposed surrounding diplomatic ecosystems prior Partner appears in single-player faction objective(s); not treated as a multiplayer forced-war lock,"Generic numeric aversion, opening treaties, all faction/lord/technology modifiers and multiplayer runtime behavior are not exhaustively exported; classes are analytical, not verified team legality.",wh3_dlc23_chd_astragoth:short:001:DESTROY_FACTION;wh3_dlc25_dwf_malakai:short:002:DESTROY_FACTION,Tower-seat usurpation causes a five-turn diplomatic penalty; coordinate seat claims. Grudge accumulation responds to hostile conduct; positive diplomacy reduces it. Different allied Dwarf owners can enable conditional Deeps trade/diplomacy benefits.,False,Extended requires shared atlas theater AND (at most six raster borders OR at most 75 world units); Diplomatic Conflict: Opposed surrounding diplomatic ecosystems prior Partner appears in single-player faction objective(s); not treated as a multiplayer forced-war lock
wh3_dlc23_chd_astragoth,wh3_dlc25_nur_tamurkhan,wh3_main_combi_region_uzkulak,wh3_main_combi_region_zanbaijin,wh3_main_combi_province_zorn_uzkul,wh3_main_combi_province_kdatha,125.805662,primary human army world coordinates,136.883554,573.8406372070312,548.8357543945312,660.6849975585938,639.8583984375,wh3_main_combi_region_uzkulak,wh3_main_combi_region_zanbaijin,3,0.0,0.0,False,,3,False,False,,chaos_wastes <-> darklands,Extended,False,Extended requires shared atlas theater AND (at most six raster borders OR at most 75 world units),land_raster_point,land_raster_point,convoy_road_combi;irory_road_bhashiva;ivory_road_combi,,Caravan/convoy links are context only; portal nodes lack general traversal eligibility; no shortcut inferred,Static human startup rules; later choices excluded. Maritime land anchors are descriptive; not movement routes. Secondary forces do not set primary distance.,False,Disciples of Hashut,chaos_dwarfs,wh3_dlc23_sc_chd_chaos_dwarfs,The Maggot Host,nurgle,wh3_main_sc_nur_nurgle,Workable,False,Partial: guide evidence plus analytical prior; generic modifier matrix unmeasured,chaos_dwarfs_0;nurgle_0,Chaos ecosystem prior with patron/vassal competition,"Generic numeric aversion, opening treaties, all faction/lord/technology modifiers and multiplayer runtime behavior are not exhaustively exported; classes are analytical, not verified team legality.",,Tower-seat usurpation causes a five-turn diplomatic penalty; coordinate seat claims. Epidemius can count negatively plagued non-Nurgle allies; alliance status provides no documented protection.,False,Extended requires shared atlas theater AND (at most six raster borders OR at most 75 world units)
wh3_dlc23_chd_astragoth,wh3_main_ksl_the_ice_court,wh3_main_combi_region_uzkulak,wh3_main_combi_region_zavastra,wh3_main_combi_province_zorn_uzkul,wh3_main_combi_province_southern_oblast,112.120848,primary human army world coordinates,117.193189,573.8406372070312,548.8357543945312,462.2790832519531,560.020751953125,wh3_main_combi_region_uzkulak,wh3_main_combi_region_zavastra,3,0.0,0.0,False,,3,False,False,,darklands <-> kislev,Extended,False,Extended requires shared atlas theater AND (at most six raster borders OR at most 75 world units),land_raster_point,land_raster_point,convoy_road_combi;irory_road_bhashiva;ivory_road_combi,,Caravan/convoy links are context only; portal nodes lack general traversal eligibility; no shortcut inferred,Static human startup rules; later choices excluded. Maritime land anchors are descriptive; not movement routes. Secondary forces do not set primary distance.,False,Disciples of Hashut,chaos_dwarfs,wh3_dlc23_sc_chd_chaos_dwarfs,The Ice Court,kislev,wh3_main_sc_ksl_kislev,Conflict,False,Partial: guide evidence plus analytical prior; generic modifier matrix unmeasured,chaos_dwarfs_0;kislev_0,Opposed surrounding diplomatic ecosystems prior,"Generic numeric aversion, opening treaties, all faction/lord/technology modifiers and multiplayer runtime behavior are not exhaustively exported; classes are analytical, not verified team legality.",,Tower-seat usurpation causes a five-turn diplomatic penalty; coordinate seat claims. Old supporter-race forced confederation and intra-Kislev war ban are obsolete; ordinary diplomacy applies.,False,Extended requires shared atlas theater AND (at most six raster borders OR at most 75 world units); Diplomatic Conflict: Opposed surrounding diplomatic ecosystems prior
wh3_dlc23_chd_astragoth,wh3_main_ksl_ursun_revivalists,wh3_main_combi_region_uzkulak,wh3_main_combi_region_the_tower_of_torment,wh3_main_combi_province_zorn_uzkul,wh3_main_combi_province_bloodfire_falls,133.140465,primary human army world coordinates,119.364472,573.8406372070312,548.8357543945312,513.7176513671875,667.6280517578125,wh3_main_combi_region_uzkulak,wh3_main_combi_region_the_tower_of_torment,4,0.0,0.0,False,,4,False,False,,chaos_wastes <-> darklands,Extended,False,Extended requires shared atlas theater AND (at most six raster borders OR at most 75 world units),land_raster_point,land_raster_point,convoy_road_combi;irory_road_bhashiva;ivory_road_combi,,Caravan/convoy links are context only; portal nodes lack general traversal eligibility; no shortcut inferred,Static human startup rules; later choices excluded. Maritime land anchors are descriptive; not movement routes. Secondary forces do not set primary distance.,False,Disciples of Hashut,chaos_dwarfs,wh3_dlc23_sc_chd_chaos_dwarfs,Ursun Revivalists,kislev,wh3_main_sc_ksl_kislev,Conflict,False,Partial: guide evidence plus analytical prior; generic modifier matrix unmeasured,chaos_dwarfs_0;kislev_0,Opposed surrounding diplomatic ecosystems prior,"Generic numeric aversion, opening treaties, all faction/lord/technology modifiers and multiplayer runtime behavior are not exhaustively exported; classes are analytical, not verified team legality.",,Tower-seat usurpation causes a five-turn diplomatic penalty; coordinate seat claims. Old supporter-race forced confederation and intra-Kislev war ban are obsolete; ordinary diplomacy applies.,False,Extended requires shared atlas theater AND (at most six raster borders OR at most 75 world units); Diplomatic Conflict: Opposed surrounding diplomatic ecosystems prior
wh3_dlc23_chd_astragoth,wh_main_chs_chaos,wh3_main_combi_region_uzkulak,wh3_main_combi_region_the_writhing_fortress,wh3_main_combi_province_zorn_uzkul,wh3_main_combi_province_the_blood_marshes,126.872457,primary human army world coordinates,130.751364,573.8406372070312,548.8357543945312,603.234130859375,672.25634765625,wh3_main_combi_region_uzkulak,wh3_main_combi_region_the_writhing_fortress,4,0.0,0.0,False,,4,False,False,,chaos_wastes <-> darklands,Extended,False,Extended requires shared atlas theater AND (at most six raster borders OR at most 75 world units),land_raster_point,land_raster_point,convoy_road_combi;irory_road_bhashiva;ivory_road_combi,,Caravan/convoy links are context only; portal nodes lack general traversal eligibility; no shortcut inferred,Static human startup rules; later choices excluded. Maritime land anchors are descriptive; not movement routes. Secondary forces do not set primary distance.,False,Disciples of Hashut,chaos_dwarfs,wh3_dlc23_sc_chd_chaos_dwarfs,Warhost of the Apocalypse,warriors_of_chaos,wh_main_sc_chs_chaos,Workable,False,Partial: guide evidence plus analytical prior; generic modifier matrix unmeasured,chaos_dwarfs_0;warriors_of_chaos_0;warriors_of_chaos_1,Chaos ecosystem prior with patron/vassal competition,"Generic numeric aversion, opening treaties, all faction/lord/technology modifiers and multiplayer runtime behavior are not exhaustively exported; classes are analytical, not verified team legality.",,Tower-seat usurpation causes a five-turn diplomatic penalty; coordinate seat claims. Homeland vassalization is faction/settlement-specific and does not guarantee revival. Only Archaon/Be'lakor have the final-settlement forced WoC confederation route; other WoC do not.,False,Extended requires shared atlas theater AND (at most six raster borders OR at most 75 world units)
wh3_dlc23_chd_astragoth,wh_main_dwf_karak_kadrin,wh3_main_combi_region_uzkulak,wh3_main_combi_region_karak_kadrin,wh3_main_combi_province_zorn_uzkul,wh3_main_combi_province_peak_pass,81.733351,primary human army world coordinates,88.501829,573.8406372070312,548.8357543945312,515.7217407226562,491.3680725097656,wh3_main_combi_region_uzkulak,wh3_main_combi_region_karak_kadrin,2,0.0,0.0,False,,2,False,False,,darklands <-> dwarf_empire,Regional,True,Within 100 units with neighboring provinces or at most four raster borders,land_raster_point,land_raster_point,convoy_road_combi;irory_road_bhashiva;ivory_road_combi,,Caravan/convoy links are context only; portal nodes lack general traversal eligibility; no shortcut inferred,Static human startup rules; later choices excluded. Maritime land anchors are descriptive; not movement routes. Secondary forces do not set primary distance.,False,Disciples of Hashut,chaos_dwarfs,wh3_dlc23_sc_chd_chaos_dwarfs,Karak Kadrin,dwarfs,wh_main_sc_dwf_dwarfs,Conflict,False,Partial: guide evidence plus analytical prior; generic modifier matrix unmeasured,chaos_dwarfs_0;dwarfs_0;dwarfs_1,Opposed surrounding diplomatic ecosystems prior Partner appears in single-player faction objective(s); not treated as a multiplayer forced-war lock,"Generic numeric aversion, opening treaties, all faction/lord/technology modifiers and multiplayer runtime behavior are not exhaustively exported; classes are analytical, not verified team legality.",wh3_dlc23_chd_astragoth:long:004:DESTROY_FACTION,Tower-seat usurpation causes a five-turn diplomatic penalty; coordinate seat claims. Grudge accumulation responds to hostile conduct; positive diplomacy reduces it. Different allied Dwarf owners can enable conditional Deeps trade/diplomacy benefits.,False,Diplomatic Conflict: Opposed surrounding diplomatic ecosystems prior Partner appears in single-player faction objective(s); not treated as a multiplayer forced-war lock
wh3_dlc23_chd_astragoth,wh_main_grn_crooked_moon,wh3_main_combi_region_uzkulak,wh3_main_combi_region_mount_gunbad,wh3_main_combi_province_zorn_uzkul,wh3_main_combi_province_deadrock_gap,118.370754,primary human army world coordinates,104.846379,573.8406372070312,548.8357543945312,535.0947265625,436.98590087890625,wh3_main_combi_region_uzkulak,wh3_main_combi_region_mount_gunbad,4,0.0,0.0,False,,4,False,False,,darklands <-> dwarf_empire,Extended,False,Extended requires shared atlas theater AND (at most six raster borders OR at most 75 world units),land_raster_point,land_raster_point,convoy_road_combi;irory_road_bhashiva;ivory_road_combi,,Caravan/convoy links are context only; portal nodes lack general traversal eligibility; no shortcut inferred,Static human startup rules; later choices excluded. Maritime land anchors are descriptive; not movement routes. Secondary forces do not set primary distance.,False,Disciples of Hashut,chaos_dwarfs,wh3_dlc23_sc_chd_chaos_dwarfs,Crooked Moon,greenskins,wh_main_sc_grn_greenskins,Workable,False,Partial: guide evidence plus analytical prior; generic modifier matrix unmeasured,chaos_dwarfs_0;greenskins_0,Non-Order pragmatic-alliance prior; not a numeric diplomatic guarantee,"Generic numeric aversion, opening treaties, all faction/lord/technology modifiers and multiplayer runtime behavior are not exhaustively exported; classes are analytical, not verified team legality.",,Tower-seat usurpation causes a five-turn diplomatic penalty; coordinate seat claims. Leader-defeat confederation requires an AI loser; it cannot consume the human teammate.,False,Extended requires shared atlas theater AND (at most six raster borders OR at most 75 world units)
wh3_dlc23_chd_astragoth,wh_main_vmp_schwartzhafen,wh3_main_combi_region_uzkulak,wh3_main_combi_region_castle_drakenhof,wh3_main_combi_province_zorn_uzkul,wh3_main_combi_province_southern_sylvania,116.784236,primary human army world coordinates,127.614803,573.8406372070312,548.8357543945312,479.64794921875,479.7973937988281,wh3_main_combi_region_uzkulak,wh3_main_combi_region_castle_drakenhof,4,0.0,0.0,False,,4,False,False,,darklands <-> empire,Extended,False,Extended requires shared atlas theater AND (at most six raster borders OR at most 75 world units),land_raster_point,land_raster_point,convoy_road_combi;irory_road_bhashiva;ivory_road_combi,ivory_road_combi,Caravan/convoy links are context only; portal nodes lack general traversal eligibility; no shortcut inferred,Static human startup rules; later choices excluded. Maritime land anchors are descriptive; not movement routes. Secondary forces do not set primary distance.,False,Disciples of Hashut,chaos_dwarfs,wh3_dlc23_sc_chd_chaos_dwarfs,Sylvania,vampire_counts,wh_main_sc_vmp_vampire_counts,Workable,False,Partial: guide evidence plus analytical prior; generic modifier matrix unmeasured,chaos_dwarfs_0;vampire_counts_0,Non-Order pragmatic-alliance prior; not a numeric diplomatic guarantee,"Generic numeric aversion, opening treaties, all faction/lord/technology modifiers and multiplayer runtime behavior are not exhaustively exported; classes are analytical, not verified team legality.",,Tower-seat usurpation causes a five-turn diplomatic penalty; coordinate seat claims. Barrow Legion has +30 WoC/Beastmen/Norsca relations and faction Chaos-attrition immunity.,False,Extended requires shared atlas theater AND (at most six raster borders OR at most 75 world units)
wh3_dlc23_chd_legion_of_azgorh,wh3_dlc26_grn_gorbad_ironclaw,wh3_main_combi_region_black_fortress,wh3_main_combi_region_iron_rock,wh3_main_combi_province_the_howling_wastes,wh3_main_combi_province_death_pass,147.070524,primary human army world coordinates,149.685112,632.6275634765625,377.5897521972656,486.3282775878906,362.5478820800781,wh3_main_combi_region_black_fortress,wh3_main_combi_region_iron_rock,4,0.0,0.0,False,,4,False,False,,darklands <-> dwarf_empire,Extended,False,Extended requires shared atlas theater AND (at most six raster borders OR at most 75 world units),land_raster_point,land_raster_point,irory_road_bhashiva;ivory_road_combi,,Caravan/convoy links are context only; portal nodes lack general traversal eligibility; no shortcut inferred,Static human startup rules; later choices excluded. Maritime land anchors are descriptive; not movement routes. Secondary forces do not set primary distance.,False,The Legion of Azgorh,chaos_dwarfs,wh3_dlc23_sc_chd_chaos_dwarfs,Ironclaw Orcs,greenskins,wh_main_sc_grn_greenskins,Workable,False,Partial: guide evidence plus analytical prior; generic modifier matrix unmeasured,chaos_dwarfs_0;greenskins_0,Non-Order pragmatic-alliance prior; not a numeric diplomatic guarantee,"Generic numeric aversion, opening treaties, all faction/lord/technology modifiers and multiplayer runtime behavior are not exhaustively exported; classes are analytical, not verified team legality.",,Tower-seat usurpation causes a five-turn diplomatic penalty; coordinate seat claims. Leader-defeat confederation requires an AI loser; it cannot consume the human teammate.,False,Extended requires shared atlas theater AND (at most six raster borders OR at most 75 world units)
wh3_dlc23_chd_legion_of_azgorh,wh3_main_cth_the_western_provinces,wh3_main_combi_region_black_fortress,wh3_main_combi_region_qiang,wh3_main_combi_province_the_howling_wastes,wh3_main_combi_province_wastelands_of_jinshen,107.1106,primary human army world coordinates,117.781437,632.6275634765625,377.5897521972656,739.512939453125,384.53216552734375,wh3_main_combi_region_black_fortress,wh3_main_combi_region_qiang,5,0.0,0.0,False,,5,False,False,,cathay <-> darklands,Extended,False,Extended requires shared atlas theater AND (at most six raster borders OR at most 75 world units),land_raster_point,land_raster_point,irory_road_bhashiva;ivory_road_combi,irory_road_bhashiva;ivory_road_combi,Caravan/convoy links are context only; portal nodes lack general traversal eligibility; no shortcut inferred,Static human startup rules; later choices excluded. Maritime land anchors are descriptive; not movement routes. Secondary forces do not set primary distance.,False,The Legion of Azgorh,chaos_dwarfs,wh3_dlc23_sc_chd_chaos_dwarfs,The Western Provinces,grand_cathay,wh3_main_sc_cth_cathay,Conflict,False,Partial: guide evidence plus analytical prior; generic modifier matrix unmeasured,chaos_dwarfs_0;grand_cathay_0,Opposed surrounding diplomatic ecosystems prior,"Generic numeric aversion, opening treaties, all faction/lord/technology modifiers and multiplayer runtime behavior are not exhaustively exported; classes are analytical, not verified team legality.",,Tower-seat usurpation causes a five-turn diplomatic penalty; coordinate seat claims. Guide found no distinct diplomatic replacement; generic faction modifiers remain outside coverage.,False,Extended requires shared atlas theater AND (at most six raster borders OR at most 75 world units); Diplomatic Conflict: Opposed surrounding diplomatic ecosystems prior
wh3_dlc23_chd_legion_of_azgorh,wh3_main_nur_poxmakers_of_nurgle,wh3_main_combi_region_black_fortress,wh3_main_combi_region_shattered_stone_isle,wh3_main_combi_province_the_howling_wastes,wh3_main_combi_province_the_dragon_isles,96.233911,primary human army world coordinates,80.412654,632.6275634765625,377.5897521972656,666.0292358398438,287.3384704589844,wh3_main_combi_region_black_fortress,wh3_main_combi_region_shattered_stone_isle,,0.0,0.0,False,,,False,False,cai_region_hint_area_darklands,darklands,Extended,False,Extended requires shared atlas theater AND (at most six raster borders OR at most 75 world units),land_raster_point,land_raster_point,irory_road_bhashiva;ivory_road_combi,,Caravan/convoy links are context only; portal nodes lack general traversal eligibility; no shortcut inferred,Static human startup rules; later choices excluded. Maritime land anchors are descriptive; not movement routes. Secondary forces do not set primary distance.,True,The Legion of Azgorh,chaos_dwarfs,wh3_dlc23_sc_chd_chaos_dwarfs,Poxmakers of Nurgle,nurgle,wh3_main_sc_nur_nurgle,Workable,False,Partial: guide evidence plus analytical prior; generic modifier matrix unmeasured,chaos_dwarfs_0;nurgle_0,Chaos ecosystem prior with patron/vassal competition,"Generic numeric aversion, opening treaties, all faction/lord/technology modifiers and multiplayer runtime behavior are not exhaustively exported; classes are analytical, not verified team legality.",,Tower-seat usurpation causes a five-turn diplomatic penalty; coordinate seat claims. Epidemius can count negatively plagued non-Nurgle allies; alliance status provides no documented protection.,False,Extended requires shared atlas theater AND (at most six raster borders OR at most 75 world units)
wh3_dlc23_chd_legion_of_azgorh,wh3_main_ogr_goldtooth,wh3_main_combi_region_black_fortress,wh3_main_combi_region_great_hall_of_greasus,wh3_main_combi_province_the_howling_wastes,wh3_main_combi_province_ivory_road,59.044529,primary human army world coordinates,68.872637,632.6275634765625,377.5897521972656,690.7465209960938,388.00335693359375,wh3_main_combi_region_black_fortress,wh3_main_combi_region_great_hall_of_greasus,5,0.0,0.0,False,,5,False,False,,darklands <-> mountains_of_mourn,Extended,False,Extended requires shared atlas theater AND (at most six raster borders OR at most 75 world units),land_raster_point,land_raster_point,irory_road_bhashiva;ivory_road_combi,convoy_road_combi;irory_road_bhashiva;ivory_road_combi,Caravan/convoy links are context only; portal nodes lack general traversal eligibility; no shortcut inferred,Static human startup rules; later choices excluded. Maritime land anchors are descriptive; not movement routes. Secondary forces do not set primary distance.,False,The Legion of Azgorh,chaos_dwarfs,wh3_dlc23_sc_chd_chaos_dwarfs,Goldtooth,ogre_kingdoms,wh3_main_sc_ogr_ogre_kingdoms,Workable,False,Partial: guide evidence plus analytical prior; generic modifier matrix unmeasured,chaos_dwarfs_0;ogre_kingdoms_0,Ogre mercenary-neutral ecosystem prior; faction restrictions take precedence,"Generic numeric aversion, opening treaties, all faction/lord/technology modifiers and multiplayer runtime behavior are not exhaustively exported; classes are analytical, not verified team legality.",,Tower-seat usurpation causes a five-turn diplomatic penalty; coordinate seat claims. Ogre trespass diplomacy immunity is official-source-only in the guide; battle confederation requires an AI loser.,False,Extended requires shared atlas theater AND (at most six raster borders OR at most 75 world units)
wh3_dlc23_chd_legion_of_azgorh,wh3_main_vmp_caravan_of_blue_roses,wh3_main_combi_region_black_fortress,wh3_main_combi_region_gnobbly_gorge,wh3_main_combi_province_the_howling_wastes,wh3_main_combi_province_gnoblar_country,80.267895,primary human army world coordinates,91.063191,632.6275634765625,377.5897521972656,703.4391479492188,339.7922058105469,wh3_main_combi_region_black_fortress,wh3_main_combi_region_gnobbly_gorge,6,0.0,0.0,False,,6,False,False,,darklands <-> mountains_of_mourn,Extended,False,Extended requires shared atlas theater AND (at most six raster borders OR at most 75 world units),land_raster_point,land_raster_point,irory_road_bhashiva;ivory_road_combi,,Caravan/convoy links are context only; portal nodes lack general traversal eligibility; no shortcut inferred,Static human startup rules; later choices excluded. Maritime land anchors are descriptive; not movement routes. Secondary forces do not set primary distance.,False,The Legion of Azgorh,chaos_dwarfs,wh3_dlc23_sc_chd_chaos_dwarfs,Caravan of Blue Roses,vampire_counts,wh_main_sc_vmp_vampire_counts,Workable,False,Partial: guide evidence plus analytical prior; generic modifier matrix unmeasured,chaos_dwarfs_0;vampire_counts_0,Non-Order pragmatic-alliance prior; not a numeric diplomatic guarantee,"Generic numeric aversion, opening treaties, all faction/lord/technology modifiers and multiplayer runtime behavior are not exhaustively exported; classes are analytical, not verified team legality.",,Tower-seat usurpation causes a five-turn diplomatic penalty; coordinate seat claims. Barrow Legion has +30 WoC/Beastmen/Norsca relations and faction Chaos-attrition immunity.,False,Extended requires shared atlas theater AND (at most six raster borders OR at most 75 world units)
wh3_dlc23_chd_legion_of_azgorh,wh_main_dwf_dwarfs,wh3_main_combi_region_black_fortress,wh3_main_combi_region_karaz_a_karak,wh3_main_combi_province_the_howling_wastes,wh3_main_combi_province_the_silver_road,141.751133,primary human army world coordinates,151.891364,632.6275634765625,377.5897521972656,497.0168151855469,418.8584899902344,wh3_main_combi_region_black_fortress,wh3_main_combi_region_karaz_a_karak,5,0.0,0.0,False,,5,False,False,,darklands <-> dwarf_empire,Extended,False,Extended requires shared atlas theater AND (at most six raster borders OR at most 75 world units),land_raster_point,land_raster_point,irory_road_bhashiva;ivory_road_combi,ivory_road_combi,Caravan/convoy links are context only; portal nodes lack general traversal eligibility; no shortcut inferred,Static human startup rules; later choices excluded. Maritime land anchors are descriptive; not movement routes. Secondary forces do not set primary distance.,False,The Legion of Azgorh,chaos_dwarfs,wh3_dlc23_sc_chd_chaos_dwarfs,Karaz-a-Karak,dwarfs,wh_main_sc_dwf_dwarfs,Conflict,False,Partial: guide evidence plus analytical prior; generic modifier matrix unmeasured,chaos_dwarfs_0;dwarfs_0;dwarfs_1,Opposed surrounding diplomatic ecosystems prior Partner appears in single-player faction objective(s); not treated as a multiplayer forced-war lock,"Generic numeric aversion, opening treaties, all faction/lord/technology modifiers and multiplayer runtime behavior are not exhaustively exported; classes are analytical, not verified team legality.",wh3_dlc23_chd_legion_of_azgorh:long:004:DESTROY_FACTION,Tower-seat usurpation causes a five-turn diplomatic penalty; coordinate seat claims. Grudge accumulation responds to hostile conduct; positive diplomacy reduces it. Different allied Dwarf owners can enable conditional Deeps trade/diplomacy benefits.,False,Extended requires shared atlas theater AND (at most six raster borders OR at most 75 world units); Diplomatic Conflict: Opposed surrounding diplomatic ecosystems prior Partner appears in single-player faction objective(s); not treated as a multiplayer forced-war lock
wh3_dlc23_chd_legion_of_azgorh,wh_main_grn_crooked_moon,wh3_main_combi_region_black_fortress,wh3_main_combi_region_mount_gunbad,wh3_main_combi_province_the_howling_wastes,wh3_main_combi_province_deadrock_gap,114.195257,primary human army world coordinates,126.717151,632.6275634765625,377.5897521972656,535.0947265625,436.98590087890625,wh3_main_combi_region_black_fortress,wh3_main_combi_region_mount_gunbad,4,0.0,0.0,False,,4,False,False,,darklands <-> dwarf_empire,Extended,False,Extended requires shared atlas theater AND (at most six raster borders OR at most 75 world units),land_raster_point,land_raster_point,irory_road_bhashiva;ivory_road_combi,,Caravan/convoy links are context only; portal nodes lack general traversal eligibility; no shortcut inferred,Static human startup rules; later choices excluded. Maritime land anchors are descriptive; not movement routes. Secondary forces do not set primary distance.,False,The Legion of Azgorh,chaos_dwarfs,wh3_dlc23_sc_chd_chaos_dwarfs,Crooked Moon,greenskins,wh_main_sc_grn_greenskins,Workable,False,Partial: guide evidence plus analytical prior; generic modifier matrix unmeasured,chaos_dwarfs_0;greenskins_0,Non-Order pragmatic-alliance prior; not a numeric diplomatic guarantee,"Generic numeric aversion, opening treaties, all faction/lord/technology modifiers and multiplayer runtime behavior are not exhaustively exported; classes are analytical, not verified team legality.",,Tower-seat usurpation causes a five-turn diplomatic penalty; coordinate seat claims. Leader-defeat confederation requires an AI loser; it cannot consume the human teammate.,False,Extended requires shared atlas theater AND (at most six raster borders OR at most 75 world units)
wh3_dlc23_chd_legion_of_azgorh,wh_main_grn_greenskins,wh3_main_combi_region_black_fortress,wh3_main_combi_region_eagle_eyries,wh3_main_combi_province_the_howling_wastes,wh3_main_combi_province_gash_kadrak,147.284838,primary human army world coordinates,161.279262,632.6275634765625,377.5897521972656,650.6644897460938,523.7659912109375,wh3_main_combi_region_black_fortress,wh3_main_combi_region_eagle_eyries,5,0.0,0.0,False,,5,False,False,,darklands <-> mountains_of_mourn,Extended,False,Extended requires shared atlas theater AND (at most six raster borders OR at most 75 world units),land_raster_point,land_raster_point,irory_road_bhashiva;ivory_road_combi,,Caravan/convoy links are context only; portal nodes lack general traversal eligibility; no shortcut inferred,Static human startup rules; later choices excluded. Maritime land anchors are descriptive; not movement routes. Secondary forces do not set primary distance.,False,The Legion of Azgorh,chaos_dwarfs,wh3_dlc23_sc_chd_chaos_dwarfs,Grimgor's 'Ardboyz,greenskins,wh_main_sc_grn_greenskins,Workable,False,Partial: guide evidence plus analytical prior; generic modifier matrix unmeasured,chaos_dwarfs_0;greenskins_0,Non-Order pragmatic-alliance prior; not a numeric diplomatic guarantee Partner appears in single-player faction objective(s); not treated as a multiplayer forced-war lock,"Generic numeric aversion, opening treaties, all faction/lord/technology modifiers and multiplayer runtime behavior are not exhaustively exported; classes are analytical, not verified team legality.",wh3_dlc23_chd_legion_of_azgorh:long:004:DESTROY_FACTION,Tower-seat usurpation causes a five-turn diplomatic penalty; coordinate seat claims. Leader-defeat confederation requires an AI loser; it cannot consume the human teammate.,False,Extended requires shared atlas theater AND (at most six raster borders OR at most 75 world units)
wh3_dlc23_chd_zhatan,wh3_dlc25_nur_tamurkhan,wh3_main_combi_region_fortress_of_eyes,wh3_main_combi_region_zanbaijin,wh3_main_combi_province_stonesky_foothills,wh3_main_combi_province_kdatha,138.674451,primary human army world coordinates,154.183013,762.8941040039062,546.1359252929688,660.6849975585938,639.8583984375,wh3_main_combi_region_fortress_of_eyes,wh3_main_combi_region_zanbaijin,4,0.0,0.0,False,,4,False,False,,cathay <-> chaos_wastes,Extended,False,Extended requires shared atlas theater AND (at most six raster borders OR at most 75 world units),land_raster_point,land_raster_point,,,Caravan/convoy links are context only; portal nodes lack general traversal eligibility; no shortcut inferred,Static human startup rules; later choices excluded. Maritime land anchors are descriptive; not movement routes. Secondary forces do not set primary distance.,False,The Warhost of Zharr,chaos_dwarfs,wh3_dlc23_sc_chd_chaos_dwarfs,The Maggot Host,nurgle,wh3_main_sc_nur_nurgle,Workable,False,Partial: guide evidence plus analytical prior; generic modifier matrix unmeasured,chaos_dwarfs_0;nurgle_0,Chaos ecosystem prior with patron/vassal competition,"Generic numeric aversion, opening treaties, all faction/lord/technology modifiers and multiplayer runtime behavior are not exhaustively exported; classes are analytical, not verified team legality.",,Tower-seat usurpation causes a five-turn diplomatic penalty; coordinate seat claims. Epidemius can count negatively plagued non-Nurgle allies; alliance status provides no documented protection.,False,Extended requires shared atlas theater AND (at most six raster borders OR at most 75 world units)
wh3_dlc23_chd_zhatan,wh3_main_cth_the_northern_provinces,wh3_main_combi_region_fortress_of_eyes,wh3_main_combi_region_nan_gau,wh3_main_combi_province_stonesky_foothills,wh3_main_combi_province_gunpowder_road,48.615195,primary human army world coordinates,34.765641,762.8941040039062,546.1359252929688,761.5580444335938,497.5390930175781,wh3_main_combi_region_fortress_of_eyes,wh3_main_combi_region_nan_gau,1,0.0,0.0,False,,1,False,True,cai_region_hint_area_cathay,cathay,Immediate,True,Same province or adjacent starts within 100 world units,land_raster_point,land_raster_point,,,Caravan/convoy links are context only; portal nodes lack general traversal eligibility; no shortcut inferred,Static human startup rules; later choices excluded. Maritime land anchors are descriptive; not movement routes. Secondary forces do not set primary distance.,False,The Warhost of Zharr,chaos_dwarfs,wh3_dlc23_sc_chd_chaos_dwarfs,The Northern Provinces,grand_cathay,wh3_main_sc_cth_cathay,Conflict,False,Partial: guide evidence plus analytical prior; generic modifier matrix unmeasured,chaos_dwarfs_0;grand_cathay_0,Opposed surrounding diplomatic ecosystems prior Partner appears in single-player faction objective(s); not treated as a multiplayer forced-war lock,"Generic numeric aversion, opening treaties, all faction/lord/technology modifiers and multiplayer runtime behavior are not exhaustively exported; classes are analytical, not verified team legality.",wh3_dlc23_chd_zhatan:short:002:DESTROY_FACTION,Tower-seat usurpation causes a five-turn diplomatic penalty; coordinate seat claims. Guide found no distinct diplomatic replacement; generic faction modifiers remain outside coverage.,False,Diplomatic Conflict: Opposed surrounding diplomatic ecosystems prior Partner appears in single-player faction objective(s); not treated as a multiplayer forced-war lock
wh3_dlc23_chd_zhatan,wh_main_grn_greenskins,wh3_main_combi_region_fortress_of_eyes,wh3_main_combi_region_eagle_eyries,wh3_main_combi_province_stonesky_foothills,wh3_main_combi_province_gash_kadrak,114.43732,primary human army world coordinates,130.598309,762.8941040039062,546.1359252929688,650.6644897460938,523.7659912109375,wh3_main_combi_region_fortress_of_eyes,wh3_main_combi_region_eagle_eyries,4,0.0,0.0,False,,4,False,False,,cathay <-> mountains_of_mourn,Extended,False,Extended requires shared atlas theater AND (at most six raster borders OR at most 75 world units),land_raster_point,land_raster_point,,,Caravan/convoy links are context only; portal nodes lack general traversal eligibility; no shortcut inferred,Static human startup rules; later choices excluded. Maritime land anchors are descriptive; not movement routes. Secondary forces do not set primary distance.,False,The Warhost of Zharr,chaos_dwarfs,wh3_dlc23_sc_chd_chaos_dwarfs,Grimgor's 'Ardboyz,greenskins,wh_main_sc_grn_greenskins,Workable,False,Partial: guide evidence plus analytical prior; generic modifier matrix unmeasured,chaos_dwarfs_0;greenskins_0,Non-Order pragmatic-alliance prior; not a numeric diplomatic guarantee Partner appears in single-player faction objective(s); not treated as a multiplayer forced-war lock,"Generic numeric aversion, opening treaties, all faction/lord/technology modifiers and multiplayer runtime behavior are not exhaustively exported; classes are analytical, not verified team legality.",wh3_dlc23_chd_zhatan:long:004:DESTROY_FACTION,Tower-seat usurpation causes a five-turn diplomatic penalty; coordinate seat claims. Leader-defeat confederation requires an AI loser; it cannot consume the human teammate.,False,Extended requires shared atlas theater AND (at most six raster borders OR at most 75 world units)
wh3_dlc24_cth_the_celestial_court,wh3_dlc26_kho_skulltaker,wh3_main_combi_region_isle_of_the_crimson_skull,wh3_main_combi_region_hualotal,wh3_main_combi_province_aymara_swamps,wh3_main_combi_province_the_gwangee_valley,84.862147,primary human army world coordinates,72.451407,30.729534149169922,310.0941467285156,71.47956848144531,235.6561279296875,wh3_main_combi_region_isle_of_the_crimson_skull,wh3_main_combi_region_hualotal,,0.0,0.0,False,,,False,False,cai_region_hint_area_lustria,lustria,Extended,False,Extended requires shared atlas theater AND (at most six raster borders OR at most 75 world units),land_raster_point,land_raster_point,,,Caravan/convoy links are context only; portal nodes lack general traversal eligibility; no shortcut inferred,Static human startup rules; later choices excluded. Maritime land anchors are descriptive; not movement routes. Secondary forces do not set primary distance.,True,The Jade Court,grand_cathay,wh3_main_sc_cth_cathay,Blooded Wanderers,khorne,wh3_main_sc_kho_khorne,Conflict,False,Partial: guide evidence plus analytical prior; generic modifier matrix unmeasured,grand_cathay_0;khorne_0,Opposed surrounding diplomatic ecosystems prior,"Generic numeric aversion, opening treaties, all faction/lord/technology modifiers and multiplayer runtime behavior are not exhaustively exported; classes are analytical, not verified team legality.",,Guide found no distinct diplomatic replacement; generic faction modifiers remain outside coverage. No bespoke diplomacy override established; absence does not imply zero generic aversion.,False,Extended requires shared atlas theater AND (at most six raster borders OR at most 75 world units); Diplomatic Conflict: Opposed surrounding diplomatic ecosystems prior
wh3_dlc24_cth_the_celestial_court,wh3_dlc27_sla_masque_of_slaanesh,wh3_main_combi_region_isle_of_the_crimson_skull,wh3_main_combi_region_pillars_of_unseen_constellations,wh3_main_combi_province_aymara_swamps,wh3_main_combi_province_jungles_of_green_mist,66.441618,primary human army world coordinates,50.439145,30.729534149169922,310.0941467285156,45.42626953125,245.29835510253906,wh3_main_combi_region_isle_of_the_crimson_skull,wh3_main_combi_region_pillars_of_unseen_constellations,,0.0,0.0,False,,,False,False,cai_region_hint_area_lustria,lustria,Extended,True,Shared atlas theater and either at most six raster borders or at most 75 world units,land_raster_point,land_raster_point,,,Caravan/convoy links are context only; portal nodes lack general traversal eligibility; no shortcut inferred,Static human startup rules; later choices excluded. Maritime land anchors are descriptive; not movement routes. Secondary forces do not set primary distance.,True,The Jade Court,grand_cathay,wh3_main_sc_cth_cathay,The Accursed Troupe,slaanesh,wh3_main_sc_sla_slaanesh,Conflict,False,Partial: guide evidence plus analytical prior; generic modifier matrix unmeasured,grand_cathay_0;slaanesh_0,Opposed surrounding diplomatic ecosystems prior Partner appears in single-player faction objective(s); not treated as a multiplayer forced-war lock,"Generic numeric aversion, opening treaties, all faction/lord/technology modifiers and multiplayer runtime behavior are not exhaustively exported; classes are analytical, not verified team legality.",wh3_dlc27_sla_masque_of_slaanesh:long:002:DESTROY_FACTION,Guide found no distinct diplomatic replacement; generic faction modifiers remain outside coverage. N'Kari forced seduction cannot target humans; this does not make third-party vassal diplomacy harmless.,False,Diplomatic Conflict: Opposed surrounding diplomatic ecosystems prior Partner appears in single-player faction objective(s); not treated as a multiplayer forced-war lock
wh3_dlc24_cth_the_celestial_court,wh_dlc08_nor_norsca,wh3_main_combi_region_isle_of_the_crimson_skull,,wh3_main_combi_province_aymara_swamps,,89.815087,primary human army world coordinates,,30.729534149169922,310.0941467285156,102.2091064453125,364.476318359375,wh3_main_combi_region_isle_of_the_crimson_skull,wh3_main_combi_region_monument_of_the_moon,,0.0,11.270968380829387,True,,,False,False,cai_region_hint_area_lustria,lustria,Extended,False,"Extended requires shared atlas theater AND (at most six raster borders OR at most 75 world units); topology/theaters use descriptive coastal anchors, not a verified sea route",land_raster_point,maritime_point_no_distinct_region,,,Caravan/convoy links are context only; portal nodes lack general traversal eligibility; no shortcut inferred,Static human startup rules; later choices excluded. Maritime land anchors are descriptive; not movement routes. Secondary forces do not set primary distance.,True,The Jade Court,grand_cathay,wh3_main_sc_cth_cathay,World Walkers,norsca,wh_dlc08_sc_nor_norsca,Conflict,False,Partial: guide evidence plus analytical prior; generic modifier matrix unmeasured,grand_cathay_0;norsca_0,Opposed surrounding diplomatic ecosystems prior,"Generic numeric aversion, opening treaties, all faction/lord/technology modifiers and multiplayer runtime behavior are not exhaustively exported; classes are analytical, not verified team legality.",,Guide found no distinct diplomatic replacement; generic faction modifiers remain outside coverage. Leader-defeat tribal confederation is not an ordinary alliance restriction; human-target applicability is not proven here.,False,"Extended requires shared atlas theater AND (at most six raster borders OR at most 75 world units); topology/theaters use descriptive coastal anchors, not a verified sea route; Diplomatic Conflict: Opposed surrounding diplomatic ecosystems prior"
wh3_dlc24_cth_the_celestial_court,wh_main_brt_bordeleaux,wh3_main_combi_region_isle_of_the_crimson_skull,wh3_main_combi_region_temple_of_tlencan,wh3_main_combi_province_aymara_swamps,wh3_main_combi_province_scorpion_coast,124.665353,primary human army world coordinates,115.609436,30.729534149169922,310.0941467285156,140.9550323486328,251.85507202148438,wh3_main_combi_region_isle_of_the_crimson_skull,wh3_main_combi_region_temple_of_tlencan,,0.0,0.0,False,,,False,False,cai_region_hint_area_lustria,lustria,Extended,False,Extended requires shared atlas theater AND (at most six raster borders OR at most 75 world units),land_raster_point,land_raster_point,,,Caravan/convoy links are context only; portal nodes lack general traversal eligibility; no shortcut inferred,Static human startup rules; later choices excluded. Maritime land anchors are descriptive; not movement routes. Secondary forces do not set primary distance.,True,The Jade Court,grand_cathay,wh3_main_sc_cth_cathay,Bordeleaux Errant,bretonnia,wh_main_sc_brt_bretonnia,Clean,False,Partial: guide evidence plus analytical prior; generic modifier matrix unmeasured,bretonnia_0;grand_cathay_0,Compatible Order ecosystem prior,"Generic numeric aversion, opening treaties, all faction/lord/technology modifiers and multiplayer runtime behavior are not exhaustively exported; classes are analytical, not verified team legality.",,Human confederation cooldown exemption is not permission to absorb a human teammate. Guide found no distinct diplomatic replacement; generic faction modifiers remain outside coverage.,False,Extended requires shared atlas theater AND (at most six raster borders OR at most 75 world units)
wh3_dlc24_ksl_daughters_of_the_forest,wh_dlc08_nor_norsca,wh3_main_combi_region_bleak_hold_fortress,,wh3_main_combi_province_the_bleak_coast,,116.478158,primary human army world coordinates,,64.79923248291016,474.783447265625,102.2091064453125,364.476318359375,wh3_main_combi_region_bleak_hold_fortress,wh3_main_combi_region_monument_of_the_moon,6,0.0,11.270968380829387,True,,,False,False,,lustria <-> naggarond,Extended,False,"Extended requires shared atlas theater AND (at most six raster borders OR at most 75 world units); topology/theaters use descriptive coastal anchors, not a verified sea route",land_raster_point,maritime_point_no_distinct_region,,,Caravan/convoy links are context only; portal nodes lack general traversal eligibility; no shortcut inferred,Static human startup rules; later choices excluded. Maritime land anchors are descriptive; not movement routes. Secondary forces do not set primary distance.,True,Daughters of the Forest,kislev,wh3_main_sc_ksl_kislev,World Walkers,norsca,wh_dlc08_sc_nor_norsca,Conflict,False,Partial: guide evidence plus analytical prior; generic modifier matrix unmeasured,kislev_0;norsca_0,Opposed surrounding diplomatic ecosystems prior,"Generic numeric aversion, opening treaties, all faction/lord/technology modifiers and multiplayer runtime behavior are not exhaustively exported; classes are analytical, not verified team legality.",,Old supporter-race forced confederation and intra-Kislev war ban are obsolete; ordinary diplomacy applies. Leader-defeat tribal confederation is not an ordinary alliance restriction; human-target applicability is not proven here.,False,"Extended requires shared atlas theater AND (at most six raster borders OR at most 75 world units); topology/theaters use descriptive coastal anchors, not a verified sea route; Diplomatic Conflict: Opposed surrounding diplomatic ecosystems prior"
wh3_dlc24_tze_the_deceivers,wh3_dlc26_grn_gorbad_ironclaw,wh3_main_combi_region_niedling,wh3_main_combi_region_iron_rock,wh3_main_combi_province_stirland,wh3_main_combi_province_death_pass,141.339166,primary human army world coordinates,132.001156,424.8692321777344,489.8253173828125,486.3282775878906,362.5478820800781,wh3_main_combi_region_niedling,wh3_main_combi_region_iron_rock,6,0.0,0.0,False,,6,False,False,,dwarf_empire <-> empire,Extended,False,Extended requires shared atlas theater AND (at most six raster borders OR at most 75 world units),land_raster_point,land_raster_point,,,Caravan/convoy links are context only; portal nodes lack general traversal eligibility; no shortcut inferred,Static human startup rules; later choices excluded. Maritime land anchors are descriptive; not movement routes. Secondary forces do not set primary distance.,False,The Deceivers,tzeentch,wh3_main_sc_tze_tzeentch,Ironclaw Orcs,greenskins,wh_main_sc_grn_greenskins,Workable,False,Partial: guide evidence plus analytical prior; generic modifier matrix unmeasured,changeling_schemes;greenskins_0;tzeentch_0,Non-Order pragmatic-alliance prior; not a numeric diplomatic guarantee Compatible partners require scheme coordination; no unconditional global travel shortcut.,"Generic numeric aversion, opening treaties, all faction/lord/technology modifiers and multiplayer runtime behavior are not exhaustively exported; classes are analytical, not verified team legality.",,"Schemes make theater-specific world changes and rifts have scripted progression. Leader-defeat confederation requires an AI loser; it cannot consume the human teammate. Changeling Schemes change the world by theater; effects on a partner require coordination, not a universal immunity assumption.",False,Extended requires shared atlas theater AND (at most six raster borders OR at most 75 world units)
wh3_dlc24_tze_the_deceivers,wh3_dlc26_ogr_golgfag,wh3_main_combi_region_niedling,wh3_main_combi_region_norden,wh3_main_combi_province_stirland,wh3_main_combi_province_ostland,103.295603,primary human army world coordinates,96.252193,424.8692321777344,489.8253173828125,412.8446044921875,592.4186401367188,wh3_main_combi_region_niedling,wh3_main_combi_region_norden,4,0.0,0.0,False,,4,False,False,cai_region_hint_area_empire,empire,Extended,True,Shared atlas theater and either at most six raster borders or at most 75 world units,land_raster_point,land_raster_point,,,Caravan/convoy links are context only; portal nodes lack general traversal eligibility; no shortcut inferred,Static human startup rules; later choices excluded. Maritime land anchors are descriptive; not movement routes. Secondary forces do not set primary distance.,False,The Deceivers,tzeentch,wh3_main_sc_tze_tzeentch,The Maneaters,ogre_kingdoms,wh3_main_sc_ogr_ogre_kingdoms,Special,True,Partial: guide evidence plus analytical prior; generic modifier matrix unmeasured,changeling_schemes;golgfag_contracts;ogre_kingdoms_0;tzeentch_0,Ogre mercenary-neutral ecosystem prior; faction restrictions take precedence Guide recognizes team context but does not prove a lobby override of the alliance ban; withhold qualification. Compatible partners require scheme coordination; no unconditional global travel shortcut.,"Generic numeric aversion, opening treaties, all faction/lord/technology modifiers and multiplayer runtime behavior are not exhaustively exported; classes are analytical, not verified team legality.",,"Schemes make theater-specific world changes and rifts have scripted progression. Maneaters cannot make military/defensive alliances or vassal agreements; client offers exclude enemies of his team. Ogre trespass diplomacy immunity is official-source-only in the guide; battle confederation requires an AI loser. Changeling Schemes change the world by theater; effects on a partner require coordination, not a universal immunity assumption.",False,Treaty eligibility unresolved
wh3_dlc24_tze_the_deceivers,wh3_main_ksl_the_great_orthodoxy,wh3_main_combi_region_niedling,wh3_main_combi_region_erengrad,wh3_main_combi_province_stirland,wh3_main_combi_province_river_lynsk,117.318003,primary human army world coordinates,102.669385,424.8692321777344,489.8253173828125,420.86102294921875,607.0748291015625,wh3_main_combi_region_niedling,wh3_main_combi_region_erengrad,4,0.0,0.0,False,,4,False,False,,empire <-> kislev,Extended,False,Extended requires shared atlas theater AND (at most six raster borders OR at most 75 world units),land_raster_point,land_raster_point,,ivory_road_combi,Caravan/convoy links are context only; portal nodes lack general traversal eligibility; no shortcut inferred,Static human startup rules; later choices excluded. Maritime land anchors are descriptive; not movement routes. Secondary forces do not set primary distance.,False,The Deceivers,tzeentch,wh3_main_sc_tze_tzeentch,The Great Orthodoxy,kislev,wh3_main_sc_ksl_kislev,Conflict,False,Partial: guide evidence plus analytical prior; generic modifier matrix unmeasured,changeling_schemes;kislev_0;tzeentch_0,Opposed surrounding diplomatic ecosystems prior Compatible partners require scheme coordination; no unconditional global travel shortcut.,"Generic numeric aversion, opening treaties, all faction/lord/technology modifiers and multiplayer runtime behavior are not exhaustively exported; classes are analytical, not verified team legality.",,"Schemes make theater-specific world changes and rifts have scripted progression. Old supporter-race forced confederation and intra-Kislev war ban are obsolete; ordinary diplomacy applies. Changeling Schemes change the world by theater; effects on a partner require coordination, not a universal immunity assumption.",False,Extended requires shared atlas theater AND (at most six raster borders OR at most 75 world units); Diplomatic Conflict: Opposed surrounding diplomatic ecosystems prior Compatible partners require scheme coordination; no unconditional global travel shortcut.
wh3_dlc24_tze_the_deceivers,wh3_main_ksl_the_ice_court,wh3_main_combi_region_niedling,wh3_main_combi_region_zavastra,wh3_main_combi_province_stirland,wh3_main_combi_province_southern_oblast,79.541788,primary human army world coordinates,78.368937,424.8692321777344,489.8253173828125,462.2790832519531,560.020751953125,wh3_main_combi_region_niedling,wh3_main_combi_region_zavastra,3,0.0,0.0,False,,3,False,False,,empire <-> kislev,Regional,True,Within 100 units with neighboring provinces or at most four raster borders,land_raster_point,land_raster_point,,,Caravan/convoy links are context only; portal nodes lack general traversal eligibility; no shortcut inferred,Static human startup rules; later choices excluded. Maritime land anchors are descriptive; not movement routes. Secondary forces do not set primary distance.,False,The Deceivers,tzeentch,wh3_main_sc_tze_tzeentch,The Ice Court,kislev,wh3_main_sc_ksl_kislev,Conflict,False,Partial: guide evidence plus analytical prior; generic modifier matrix unmeasured,changeling_schemes;kislev_0;tzeentch_0,Opposed surrounding diplomatic ecosystems prior Compatible partners require scheme coordination; no unconditional global travel shortcut.,"Generic numeric aversion, opening treaties, all faction/lord/technology modifiers and multiplayer runtime behavior are not exhaustively exported; classes are analytical, not verified team legality.",,"Schemes make theater-specific world changes and rifts have scripted progression. Old supporter-race forced confederation and intra-Kislev war ban are obsolete; ordinary diplomacy applies. Changeling Schemes change the world by theater; effects on a partner require coordination, not a universal immunity assumption.",False,Diplomatic Conflict: Opposed surrounding diplomatic ecosystems prior Compatible partners require scheme coordination; no unconditional global travel shortcut.
wh3_dlc24_tze_the_deceivers,wh3_main_ogr_disciples_of_the_maw,wh3_main_combi_region_niedling,wh3_main_combi_region_matorca,wh3_main_combi_province_stirland,wh3_main_combi_province_eastern_border_princes,86.073532,primary human army world coordinates,102.50056,424.8692321777344,489.8253173828125,421.529052734375,403.8166198730469,wh3_main_combi_region_niedling,wh3_main_combi_region_matorca,5,0.0,0.0,False,,5,False,False,,border_princes <-> empire,Extended,False,Extended requires shared atlas theater AND (at most six raster borders OR at most 75 world units),land_raster_point,land_raster_point,,,Caravan/convoy links are context only; portal nodes lack general traversal eligibility; no shortcut inferred,Static human startup rules; later choices excluded. Maritime land anchors are descriptive; not movement routes. Secondary forces do not set primary distance.,False,The Deceivers,tzeentch,wh3_main_sc_tze_tzeentch,Disciples of the Maw,ogre_kingdoms,wh3_main_sc_ogr_ogre_kingdoms,Workable,False,Partial: guide evidence plus analytical prior; generic modifier matrix unmeasured,changeling_schemes;ogre_kingdoms_0;tzeentch_0,Ogre mercenary-neutral ecosystem prior; faction restrictions take precedence Compatible partners require scheme coordination; no unconditional global travel shortcut.,"Generic numeric aversion, opening treaties, all faction/lord/technology modifiers and multiplayer runtime behavior are not exhaustively exported; classes are analytical, not verified team legality.",,"Schemes make theater-specific world changes and rifts have scripted progression. Ogre trespass diplomacy immunity is official-source-only in the guide; battle confederation requires an AI loser. Changeling Schemes change the world by theater; effects on a partner require coordination, not a universal immunity assumption.",False,Extended requires shared atlas theater AND (at most six raster borders OR at most 75 world units)
wh3_dlc24_tze_the_deceivers,wh_dlc03_bst_beastmen,wh3_main_combi_region_niedling,wh3_main_combi_region_the_black_pit,wh3_main_combi_province_stirland,wh3_main_combi_province_the_misty_hills,106.047017,primary human army world coordinates,115.943061,424.8692321777344,489.8253173828125,344.70521441307994,559.2493769811199,wh3_main_combi_region_niedling,wh3_main_combi_region_the_black_pit,6,0.0,0.0,False,,6,False,False,cai_region_hint_area_empire,empire,Extended,True,Shared atlas theater and either at most six raster borders or at most 75 world units,land_raster_point,land_raster_point,,,Caravan/convoy links are context only; portal nodes lack general traversal eligibility; no shortcut inferred,Static human startup rules; later choices excluded. Maritime land anchors are descriptive; not movement routes. Secondary forces do not set primary distance.,False,The Deceivers,tzeentch,wh3_main_sc_tze_tzeentch,Warherd of the One-Eye,beastmen,wh_dlc03_sc_bst_beastmen,Special,True,Partial: guide evidence plus analytical prior; generic modifier matrix unmeasured,beastmen_0;changeling_schemes;tzeentch_0,Chaos ecosystem prior with patron/vassal competition Compatible partners require scheme coordination; no unconditional global travel shortcut. Beastmen permitted-faction membership and multiplayer exception unresolved; no qualification asserted,"Generic numeric aversion, opening treaties, all faction/lord/technology modifiers and multiplayer runtime behavior are not exhaustively exported; classes are analytical, not verified team legality.",,"Restricted treaty set; permitted-faction membership and teammate bypass are not enumerated by the guide; positive deals reduce Bestial Rage for five turns. Schemes make theater-specific world changes and rifts have scripted progression. Changeling Schemes change the world by theater; effects on a partner require coordination, not a universal immunity assumption.",False,Treaty eligibility unresolved
wh3_dlc24_tze_the_deceivers,wh_dlc05_wef_argwylon,wh3_main_combi_region_niedling,wh3_main_combi_region_karak_norn,wh3_main_combi_province_stirland,wh3_main_combi_province_southern_grey_mountains,83.761193,primary human army world coordinates,95.669997,424.8692321777344,489.8253173828125,350.717529296875,450.8706970214844,wh3_main_combi_region_niedling,wh3_main_combi_region_karak_norn,4,0.0,0.0,False,,4,False,False,,dwarf_empire <-> empire,Regional,True,Within 100 units with neighboring provinces or at most four raster borders,land_raster_point,land_raster_point,,,Caravan/convoy links are context only; portal nodes lack general traversal eligibility; no shortcut inferred,Static human startup rules; later choices excluded. Maritime land anchors are descriptive; not movement routes. Secondary forces do not set primary distance.,False,The Deceivers,tzeentch,wh3_main_sc_tze_tzeentch,Argwylon,wood_elves,wh_dlc05_sc_wef_wood_elves,Conflict,False,Partial: guide evidence plus analytical prior; generic modifier matrix unmeasured,changeling_schemes;tzeentch_0;wood_elves_0;wood_elves_1,Opposed surrounding diplomatic ecosystems prior Compatible partners require scheme coordination; no unconditional global travel shortcut.,"Generic numeric aversion, opening treaties, all faction/lord/technology modifiers and multiplayer runtime behavior are not exhaustively exported; classes are analytical, not verified team legality.",,"Schemes make theater-specific world changes and rifts have scripted progression. Changeling Schemes change the world by theater; effects on a partner require coordination, not a universal immunity assumption. Rebirth completion is global and one-time in co-op; Ariel is globally unique. Drycha can confederate only Argwylon; not a general ban on Wood Elf alliances.",False,Diplomatic Conflict: Opposed surrounding diplomatic ecosystems prior Compatible partners require scheme coordination; no unconditional global travel shortcut.
wh3_dlc24_tze_the_deceivers,wh_main_dwf_dwarfs,wh3_main_combi_region_niedling,wh3_main_combi_region_karaz_a_karak,wh3_main_combi_province_stirland,wh3_main_combi_province_the_silver_road,101.200614,primary human army world coordinates,87.565979,424.8692321777344,489.8253173828125,497.0168151855469,418.8584899902344,wh3_main_combi_region_niedling,wh3_main_combi_region_karaz_a_karak,4,0.0,0.0,False,,4,False,False,,dwarf_empire <-> empire,Extended,False,Extended requires shared atlas theater AND (at most six raster borders OR at most 75 world units),land_raster_point,land_raster_point,,ivory_road_combi,Caravan/convoy links are context only; portal nodes lack general traversal eligibility; no shortcut inferred,Static human startup rules; later choices excluded. Maritime land anchors are descriptive; not movement routes. Secondary forces do not set primary distance.,False,The Deceivers,tzeentch,wh3_main_sc_tze_tzeentch,Karaz-a-Karak,dwarfs,wh_main_sc_dwf_dwarfs,Conflict,False,Partial: guide evidence plus analytical prior; generic modifier matrix unmeasured,changeling_schemes;dwarfs_0;dwarfs_1;tzeentch_0,Opposed surrounding diplomatic ecosystems prior Compatible partners require scheme coordination; no unconditional global travel shortcut.,"Generic numeric aversion, opening treaties, all faction/lord/technology modifiers and multiplayer runtime behavior are not exhaustively exported; classes are analytical, not verified team legality.",,"Schemes make theater-specific world changes and rifts have scripted progression. Grudge accumulation responds to hostile conduct; positive diplomacy reduces it. Different allied Dwarf owners can enable conditional Deeps trade/diplomacy benefits. Changeling Schemes change the world by theater; effects on a partner require coordination, not a universal immunity assumption.",False,Extended requires shared atlas theater AND (at most six raster borders OR at most 75 world units); Diplomatic Conflict: Opposed surrounding diplomatic ecosystems prior Compatible partners require scheme coordination; no unconditional global travel shortcut.
wh3_dlc24_tze_the_deceivers,wh_main_dwf_karak_izor,wh3_main_combi_region_niedling,wh3_main_combi_region_karak_bhufdar,wh3_main_combi_province_stirland,wh3_main_combi_province_the_vaults,142.479685,primary human army world coordinates,148.24455,424.8692321777344,489.8253173828125,347.3773498535156,370.26165771484375,wh3_main_combi_region_niedling,wh3_main_combi_region_karak_bhufdar,6,0.0,0.0,False,,6,False,False,,dwarf_empire <-> empire,Extended,False,Extended requires shared atlas theater AND (at most six raster borders OR at most 75 world units),land_raster_point,land_raster_point,,,Caravan/convoy links are context only; portal nodes lack general traversal eligibility; no shortcut inferred,Static human startup rules; later choices excluded. Maritime land anchors are descriptive; not movement routes. Secondary forces do not set primary distance.,False,The Deceivers,tzeentch,wh3_main_sc_tze_tzeentch,Clan Angrund,dwarfs,wh_main_sc_dwf_dwarfs,Conflict,False,Partial: guide evidence plus analytical prior; generic modifier matrix unmeasured,changeling_schemes;dwarfs_0;dwarfs_1;tzeentch_0,Opposed surrounding diplomatic ecosystems prior Compatible partners require scheme coordination; no unconditional global travel shortcut.,"Generic numeric aversion, opening treaties, all faction/lord/technology modifiers and multiplayer runtime behavior are not exhaustively exported; classes are analytical, not verified team legality.",,"Schemes make theater-specific world changes and rifts have scripted progression. Grudge accumulation responds to hostile conduct; positive diplomacy reduces it. Different allied Dwarf owners can enable conditional Deeps trade/diplomacy benefits. Changeling Schemes change the world by theater; effects on a partner require coordination, not a universal immunity assumption.",False,Extended requires shared atlas theater AND (at most six raster borders OR at most 75 world units); Diplomatic Conflict: Opposed surrounding diplomatic ecosystems prior Compatible partners require scheme coordination; no unconditional global travel shortcut.
wh3_dlc24_tze_the_deceivers,wh_main_dwf_karak_kadrin,wh3_main_combi_region_niedling,wh3_main_combi_region_karak_kadrin,wh3_main_combi_province_stirland,wh3_main_combi_province_peak_pass,90.865606,primary human army world coordinates,66.298342,424.8692321777344,489.8253173828125,515.7217407226562,491.3680725097656,wh3_main_combi_region_niedling,wh3_main_combi_region_karak_kadrin,3,0.0,0.0,False,,3,False,False,,dwarf_empire <-> empire,Regional,True,Within 100 units with neighboring provinces or at most four raster borders,land_raster_point,land_raster_point,,,Caravan/convoy links are context only; portal nodes lack general traversal eligibility; no shortcut inferred,Static human startup rules; later choices excluded. Maritime land anchors are descriptive; not movement routes. Secondary forces do not set primary distance.,False,The Deceivers,tzeentch,wh3_main_sc_tze_tzeentch,Karak Kadrin,dwarfs,wh_main_sc_dwf_dwarfs,Conflict,False,Partial: guide evidence plus analytical prior; generic modifier matrix unmeasured,changeling_schemes;dwarfs_0;dwarfs_1;tzeentch_0,Opposed surrounding diplomatic ecosystems prior Compatible partners require scheme coordination; no unconditional global travel shortcut.,"Generic numeric aversion, opening treaties, all faction/lord/technology modifiers and multiplayer runtime behavior are not exhaustively exported; classes are analytical, not verified team legality.",,"Schemes make theater-specific world changes and rifts have scripted progression. Grudge accumulation responds to hostile conduct; positive diplomacy reduces it. Different allied Dwarf owners can enable conditional Deeps trade/diplomacy benefits. Changeling Schemes change the world by theater; effects on a partner require coordination, not a universal immunity assumption.",False,Diplomatic Conflict: Opposed surrounding diplomatic ecosystems prior Compatible partners require scheme coordination; no unconditional global travel shortcut.
wh3_dlc24_tze_the_deceivers,wh_main_emp_empire,wh3_main_combi_region_niedling,wh3_main_combi_region_altdorf,wh3_main_combi_province_stirland,wh3_main_combi_province_reikland,74.16073,primary human army world coordinates,88.275709,424.8692321777344,489.8253173828125,350.717529296875,490.9823913574219,wh3_main_combi_region_niedling,wh3_main_combi_region_altdorf,3,0.0,0.0,False,,3,False,True,cai_region_hint_area_empire,empire,Regional,True,Within 100 units with neighboring provinces or at most four raster borders,land_raster_point,land_raster_point,,ivory_road_combi,Caravan/convoy links are context only; portal nodes lack general traversal eligibility; no shortcut inferred,Static human startup rules; later choices excluded. Maritime land anchors are descriptive; not movement routes. Secondary forces do not set primary distance.,False,The Deceivers,tzeentch,wh3_main_sc_tze_tzeentch,Reikland,empire,wh_main_sc_emp_empire,Conflict,False,Partial: guide evidence plus analytical prior; generic modifier matrix unmeasured,changeling_schemes;empire_0;tzeentch_0,Opposed surrounding diplomatic ecosystems prior Compatible partners require scheme coordination; no unconditional global travel shortcut.,"Generic numeric aversion, opening treaties, all faction/lord/technology modifiers and multiplayer runtime behavior are not exhaustively exported; classes are analytical, not verified team legality.",,"Schemes make theater-specific world changes and rifts have scripted progression. Reikland Elector politics replaces ordinary confederation/NAP paths; does not establish a general military-alliance ban. Changeling Schemes change the world by theater; effects on a partner require coordination, not a universal immunity assumption.",False,Diplomatic Conflict: Opposed surrounding diplomatic ecosystems prior Compatible partners require scheme coordination; no unconditional global travel shortcut.
wh3_dlc24_tze_the_deceivers,wh_main_emp_wissenland,wh3_main_combi_region_niedling,wh3_main_combi_region_nuln,wh3_main_combi_province_stirland,wh3_main_combi_province_wissenland,63.295373,primary human army world coordinates,73.905863,424.8692321777344,489.8253173828125,366.75030517578125,464.7555236816406,wh3_main_combi_region_niedling,wh3_main_combi_region_nuln,3,0.0,0.0,False,,3,False,True,cai_region_hint_area_empire,empire,Regional,True,Within 100 units with neighboring provinces or at most four raster borders,land_raster_point,land_raster_point,,ivory_road_combi,Caravan/convoy links are context only; portal nodes lack general traversal eligibility; no shortcut inferred,Static human startup rules; later choices excluded. Maritime land anchors are descriptive; not movement routes. Secondary forces do not set primary distance.,False,The Deceivers,tzeentch,wh3_main_sc_tze_tzeentch,Wissenland & Nuln,empire,wh_main_sc_emp_empire,Conflict,False,Partial: guide evidence plus analytical prior; generic modifier matrix unmeasured,changeling_schemes;empire_0;tzeentch_0,Opposed surrounding diplomatic ecosystems prior Compatible partners require scheme coordination; no unconditional global travel shortcut.,"Generic numeric aversion, opening treaties, all faction/lord/technology modifiers and multiplayer runtime behavior are not exhaustively exported; classes are analytical, not verified team legality.",,"Schemes make theater-specific world changes and rifts have scripted progression. Reikland Elector politics replaces ordinary confederation/NAP paths; does not establish a general military-alliance ban. Changeling Schemes change the world by theater; effects on a partner require coordination, not a universal immunity assumption.",False,Diplomatic Conflict: Opposed surrounding diplomatic ecosystems prior Compatible partners require scheme coordination; no unconditional global travel shortcut.
wh3_dlc24_tze_the_deceivers,wh_main_grn_crooked_moon,wh3_main_combi_region_niedling,wh3_main_combi_region_mount_gunbad,wh3_main_combi_province_stirland,wh3_main_combi_province_deadrock_gap,122.236098,primary human army world coordinates,113.043289,424.8692321777344,489.8253173828125,535.0947265625,436.98590087890625,wh3_main_combi_region_niedling,wh3_main_combi_region_mount_gunbad,5,0.0,0.0,False,,5,False,False,,dwarf_empire <-> empire,Extended,False,Extended requires shared atlas theater AND (at most six raster borders OR at most 75 world units),land_raster_point,land_raster_point,,,Caravan/convoy links are context only; portal nodes lack general traversal eligibility; no shortcut inferred,Static human startup rules; later choices excluded. Maritime land anchors are descriptive; not movement routes. Secondary forces do not set primary distance.,False,The Deceivers,tzeentch,wh3_main_sc_tze_tzeentch,Crooked Moon,greenskins,wh_main_sc_grn_greenskins,Workable,False,Partial: guide evidence plus analytical prior; generic modifier matrix unmeasured,changeling_schemes;greenskins_0;tzeentch_0,Non-Order pragmatic-alliance prior; not a numeric diplomatic guarantee Compatible partners require scheme coordination; no unconditional global travel shortcut.,"Generic numeric aversion, opening treaties, all faction/lord/technology modifiers and multiplayer runtime behavior are not exhaustively exported; classes are analytical, not verified team legality.",,"Schemes make theater-specific world changes and rifts have scripted progression. Leader-defeat confederation requires an AI loser; it cannot consume the human teammate. Changeling Schemes change the world by theater; effects on a partner require coordination, not a universal immunity assumption.",False,Extended requires shared atlas theater AND (at most six raster borders OR at most 75 world units)
wh3_dlc25_dwf_malakai,wh3_dlc26_kho_arbaal,wh3_main_combi_region_kraka_drak,wh3_main_combi_region_pillar_of_skulls,wh3_main_combi_province_gianthome_mountains,wh3_main_combi_province_the_skull_road,90.659128,primary human army world coordinates,112.717582,484.9922180175781,649.5006713867188,571.1685180664062,621.3453369140625,wh3_main_combi_region_kraka_drak,wh3_main_combi_region_pillar_of_skulls,6,0.0,0.0,False,,6,False,False,,chaos_wastes <-> norsca,Extended,False,Extended requires shared atlas theater AND (at most six raster borders OR at most 75 world units),land_raster_point,land_raster_point,,,Caravan/convoy links are context only; portal nodes lack general traversal eligibility; no shortcut inferred,Static human startup rules; later choices excluded. Maritime land anchors are descriptive; not movement routes. Secondary forces do not set primary distance.,False,Masters of Innovation,dwarfs,wh_main_sc_dwf_dwarfs,Challengers of Khorne,khorne,wh3_main_sc_kho_khorne,Conflict,False,Partial: guide evidence plus analytical prior; generic modifier matrix unmeasured,dwarfs_0;dwarfs_1;khorne_0,Opposed surrounding diplomatic ecosystems prior,"Generic numeric aversion, opening treaties, all faction/lord/technology modifiers and multiplayer runtime behavior are not exhaustively exported; classes are analytical, not verified team legality.",,Grudge accumulation responds to hostile conduct; positive diplomacy reduces it. Different allied Dwarf owners can enable conditional Deeps trade/diplomacy benefits. No bespoke diplomacy override established; absence does not imply zero generic aversion.,False,Extended requires shared atlas theater AND (at most six raster borders OR at most 75 world units); Diplomatic Conflict: Opposed surrounding diplomatic ecosystems prior
wh3_dlc25_dwf_malakai,wh3_dlc26_ogr_golgfag,wh3_main_combi_region_kraka_drak,wh3_main_combi_region_norden,wh3_main_combi_province_gianthome_mountains,wh3_main_combi_province_ostland,91.998024,primary human army world coordinates,97.65752,484.9922180175781,649.5006713867188,412.8446044921875,592.4186401367188,wh3_main_combi_region_kraka_drak,wh3_main_combi_region_norden,6,0.0,0.0,False,,6,False,False,,empire <-> norsca,Extended,False,Extended requires shared atlas theater AND (at most six raster borders OR at most 75 world units),land_raster_point,land_raster_point,,,Caravan/convoy links are context only; portal nodes lack general traversal eligibility; no shortcut inferred,Static human startup rules; later choices excluded. Maritime land anchors are descriptive; not movement routes. Secondary forces do not set primary distance.,False,Masters of Innovation,dwarfs,wh_main_sc_dwf_dwarfs,The Maneaters,ogre_kingdoms,wh3_main_sc_ogr_ogre_kingdoms,Special,True,Partial: guide evidence plus analytical prior; generic modifier matrix unmeasured,dwarfs_0;dwarfs_1;golgfag_contracts;ogre_kingdoms_0,Ogre mercenary-neutral ecosystem prior; faction restrictions take precedence Guide recognizes team context but does not prove a lobby override of the alliance ban; withhold qualification.,"Generic numeric aversion, opening treaties, all faction/lord/technology modifiers and multiplayer runtime behavior are not exhaustively exported; classes are analytical, not verified team legality.",,Grudge accumulation responds to hostile conduct; positive diplomacy reduces it. Different allied Dwarf owners can enable conditional Deeps trade/diplomacy benefits. Maneaters cannot make military/defensive alliances or vassal agreements; client offers exclude enemies of his team. Ogre trespass diplomacy immunity is official-source-only in the guide; battle confederation requires an AI loser.,False,Extended requires shared atlas theater AND (at most six raster borders OR at most 75 world units); Treaty eligibility unresolved
wh3_dlc25_dwf_malakai,wh_dlc08_nor_wintertooth,wh3_main_combi_region_kraka_drak,wh3_main_combi_region_monolith_of_flesh,wh3_main_combi_province_gianthome_mountains,wh3_main_combi_province_mountains_of_hel,71.505575,primary human army world coordinates,79.144657,484.9922180175781,649.5006713867188,420.86102294921875,681.127197265625,wh3_main_combi_region_kraka_drak,wh3_main_combi_region_monolith_of_flesh,3,0.0,0.0,False,,3,False,True,cai_region_hint_area_norsca,norsca,Regional,True,Within 100 units with neighboring provinces or at most four raster borders,land_raster_point,land_raster_point,,convoy_road_combi,Caravan/convoy links are context only; portal nodes lack general traversal eligibility; no shortcut inferred,Static human startup rules; later choices excluded. Maritime land anchors are descriptive; not movement routes. Secondary forces do not set primary distance.,False,Masters of Innovation,dwarfs,wh_main_sc_dwf_dwarfs,Wintertooth,norsca,wh_dlc08_sc_nor_norsca,Conflict,False,Partial: guide evidence plus analytical prior; generic modifier matrix unmeasured,dwarfs_0;dwarfs_1;norsca_0,Opposed surrounding diplomatic ecosystems prior,"Generic numeric aversion, opening treaties, all faction/lord/technology modifiers and multiplayer runtime behavior are not exhaustively exported; classes are analytical, not verified team legality.",,Grudge accumulation responds to hostile conduct; positive diplomacy reduces it. Different allied Dwarf owners can enable conditional Deeps trade/diplomacy benefits. Leader-defeat tribal confederation is not an ordinary alliance restriction; human-target applicability is not proven here.,False,Diplomatic Conflict: Opposed surrounding diplomatic ecosystems prior
wh3_dlc25_nur_epidemius,wh3_main_ksl_ursun_revivalists,wh3_main_combi_region_bilious_cliffs,wh3_main_combi_region_the_tower_of_torment,wh3_main_combi_province_the_noisome_tumour,wh3_main_combi_province_bloodfire_falls,103.240882,primary human army world coordinates,112.72872,420.86102294921875,712.7537231445312,513.7176513671875,667.6280517578125,wh3_main_combi_region_bilious_cliffs,wh3_main_combi_region_the_tower_of_torment,3,0.0,0.0,False,,3,False,False,cai_region_hint_area_chaos_wastes,chaos_wastes,Extended,True,Shared atlas theater and either at most six raster borders or at most 75 world units,land_raster_point,land_raster_point,convoy_road_combi,,Caravan/convoy links are context only; portal nodes lack general traversal eligibility; no shortcut inferred,Static human startup rules; later choices excluded. Maritime land anchors are descriptive; not movement routes. Secondary forces do not set primary distance.,False,Tallymen of Pestilence,nurgle,wh3_main_sc_nur_nurgle,Ursun Revivalists,kislev,wh3_main_sc_ksl_kislev,Conflict,False,Partial: guide evidence plus analytical prior; generic modifier matrix unmeasured,epidemius_plagues;kislev_0;nurgle_0,Opposed surrounding diplomatic ecosystems prior Cross-race allies need plague coordination; downgrade Clean to Workable. Partner appears in single-player faction objective(s); not treated as a multiplayer forced-war lock,"Generic numeric aversion, opening treaties, all faction/lord/technology modifiers and multiplayer runtime behavior are not exhaustively exported; classes are analytical, not verified team legality.",wh3_dlc25_nur_epidemius:short:001:DESTROY_FACTION,Non-Nurgle allies can count in the negative-plague Tally. Old supporter-race forced confederation and intra-Kislev war ban are obsolete; ordinary diplomacy applies. Epidemius can count negatively plagued non-Nurgle allies; alliance status provides no documented protection.,False,Diplomatic Conflict: Opposed surrounding diplomatic ecosystems prior Cross-race allies need plague coordination; downgrade Clean to Workable. Partner appears in single-player faction objective(s); not treated as a multiplayer forced-war lock
wh3_dlc25_nur_tamurkhan,wh3_main_ksl_ursun_revivalists,wh3_main_combi_region_zanbaijin,wh3_main_combi_region_the_tower_of_torment,wh3_main_combi_province_kdatha,wh3_main_combi_province_bloodfire_falls,149.567893,primary human army world coordinates,148.475416,660.6849975585938,639.8583984375,513.7176513671875,667.6280517578125,wh3_main_combi_region_zanbaijin,wh3_main_combi_region_the_tower_of_torment,3,0.0,0.0,False,,3,False,False,cai_region_hint_area_chaos_wastes,chaos_wastes,Extended,True,Shared atlas theater and either at most six raster borders or at most 75 world units,land_raster_point,land_raster_point,,,Caravan/convoy links are context only; portal nodes lack general traversal eligibility; no shortcut inferred,Static human startup rules; later choices excluded. Maritime land anchors are descriptive; not movement routes. Secondary forces do not set primary distance.,False,The Maggot Host,nurgle,wh3_main_sc_nur_nurgle,Ursun Revivalists,kislev,wh3_main_sc_ksl_kislev,Conflict,False,Partial: guide evidence plus analytical prior; generic modifier matrix unmeasured,kislev_0;nurgle_0,Opposed surrounding diplomatic ecosystems prior,"Generic numeric aversion, opening treaties, all faction/lord/technology modifiers and multiplayer runtime behavior are not exhaustively exported; classes are analytical, not verified team legality.",,Old supporter-race forced confederation and intra-Kislev war ban are obsolete; ordinary diplomacy applies. Epidemius can count negatively plagued non-Nurgle allies; alliance status provides no documented protection.,False,Diplomatic Conflict: Opposed surrounding diplomatic ecosystems prior
wh3_dlc25_nur_tamurkhan,wh_main_grn_greenskins,wh3_main_combi_region_zanbaijin,wh3_main_combi_region_eagle_eyries,wh3_main_combi_province_kdatha,wh3_main_combi_province_gash_kadrak,116.524064,primary human army world coordinates,131.845596,660.6849975585938,639.8583984375,650.6644897460938,523.7659912109375,wh3_main_combi_region_zanbaijin,wh3_main_combi_region_eagle_eyries,3,0.0,0.0,False,,3,False,False,,chaos_wastes <-> mountains_of_mourn,Extended,False,Extended requires shared atlas theater AND (at most six raster borders OR at most 75 world units),land_raster_point,land_raster_point,,,Caravan/convoy links are context only; portal nodes lack general traversal eligibility; no shortcut inferred,Static human startup rules; later choices excluded. Maritime land anchors are descriptive; not movement routes. Secondary forces do not set primary distance.,False,The Maggot Host,nurgle,wh3_main_sc_nur_nurgle,Grimgor's 'Ardboyz,greenskins,wh_main_sc_grn_greenskins,Workable,False,Partial: guide evidence plus analytical prior; generic modifier matrix unmeasured,greenskins_0;nurgle_0,Non-Order pragmatic-alliance prior; not a numeric diplomatic guarantee Partner appears in single-player faction objective(s); not treated as a multiplayer forced-war lock,"Generic numeric aversion, opening treaties, all faction/lord/technology modifiers and multiplayer runtime behavior are not exhaustively exported; classes are analytical, not verified team legality.",wh3_dlc25_nur_tamurkhan:short:002:DESTROY_FACTION,Leader-defeat confederation requires an AI loser; it cannot consume the human teammate. Epidemius can count negatively plagued non-Nurgle allies; alliance status provides no documented protection.,False,Extended requires shared atlas theater AND (at most six raster borders OR at most 75 world units)
wh3_dlc26_grn_gorbad_ironclaw,wh3_main_kho_exiles_of_khorne,wh3_main_combi_region_iron_rock,wh3_main_combi_region_agrul_migdhal,wh3_main_combi_province_death_pass,wh3_main_combi_province_barrier_idols,116.38361,primary human army world coordinates,121.203883,486.3282775878906,362.5478820800781,451.5905456542969,251.46937561035156,wh3_main_combi_region_iron_rock,wh3_main_combi_region_agrul_migdhal,4,0.0,0.0,False,,4,False,False,,badlands <-> dwarf_empire,Extended,False,Extended requires shared atlas theater AND (at most six raster borders OR at most 75 world units),land_raster_point,land_raster_point,,,Caravan/convoy links are context only; portal nodes lack general traversal eligibility; no shortcut inferred,Static human startup rules; later choices excluded. Maritime land anchors are descriptive; not movement routes. Secondary forces do not set primary distance.,False,Ironclaw Orcs,greenskins,wh_main_sc_grn_greenskins,Exiles of Khorne,khorne,wh3_main_sc_kho_khorne,Workable,False,Partial: guide evidence plus analytical prior; generic modifier matrix unmeasured,greenskins_0;khorne_0,Non-Order pragmatic-alliance prior; not a numeric diplomatic guarantee,"Generic numeric aversion, opening treaties, all faction/lord/technology modifiers and multiplayer runtime behavior are not exhaustively exported; classes are analytical, not verified team legality.",,Leader-defeat confederation requires an AI loser; it cannot consume the human teammate. No bespoke diplomacy override established; absence does not imply zero generic aversion.,False,Extended requires shared atlas theater AND (at most six raster borders OR at most 75 world units)
wh3_dlc26_grn_gorbad_ironclaw,wh_main_dwf_dwarfs,wh3_main_combi_region_iron_rock,wh3_main_combi_region_karaz_a_karak,wh3_main_combi_province_death_pass,wh3_main_combi_province_the_silver_road,57.316048,primary human army world coordinates,58.610213,486.3282775878906,362.5478820800781,497.0168151855469,418.8584899902344,wh3_main_combi_region_iron_rock,wh3_main_combi_region_karaz_a_karak,2,0.0,0.0,False,,2,False,True,cai_region_hint_area_dwarf_empire,dwarf_empire,Regional,True,Within 100 units with neighboring provinces or at most four raster borders,land_raster_point,land_raster_point,,ivory_road_combi,Caravan/convoy links are context only; portal nodes lack general traversal eligibility; no shortcut inferred,Static human startup rules; later choices excluded. Maritime land anchors are descriptive; not movement routes. Secondary forces do not set primary distance.,False,Ironclaw Orcs,greenskins,wh_main_sc_grn_greenskins,Karaz-a-Karak,dwarfs,wh_main_sc_dwf_dwarfs,Conflict,False,Partial: guide evidence plus analytical prior; generic modifier matrix unmeasured,dwarfs_0;dwarfs_1;greenskins_0,Opposed surrounding diplomatic ecosystems prior,"Generic numeric aversion, opening treaties, all faction/lord/technology modifiers and multiplayer runtime behavior are not exhaustively exported; classes are analytical, not verified team legality.",,Grudge accumulation responds to hostile conduct; positive diplomacy reduces it. Different allied Dwarf owners can enable conditional Deeps trade/diplomacy benefits. Leader-defeat confederation requires an AI loser; it cannot consume the human teammate.,False,Diplomatic Conflict: Opposed surrounding diplomatic ecosystems prior
wh3_dlc26_grn_gorbad_ironclaw,wh_main_dwf_karak_izor,wh3_main_combi_region_iron_rock,wh3_main_combi_region_karak_bhufdar,wh3_main_combi_province_death_pass,wh3_main_combi_province_the_vaults,139.164876,primary human army world coordinates,140.613181,486.3282775878906,362.5478820800781,347.3773498535156,370.26165771484375,wh3_main_combi_region_iron_rock,wh3_main_combi_region_karak_bhufdar,6,0.0,0.0,False,,6,False,False,cai_region_hint_area_dwarf_empire,dwarf_empire,Extended,True,Shared atlas theater and either at most six raster borders or at most 75 world units,land_raster_point,land_raster_point,,,Caravan/convoy links are context only; portal nodes lack general traversal eligibility; no shortcut inferred,Static human startup rules; later choices excluded. Maritime land anchors are descriptive; not movement routes. Secondary forces do not set primary distance.,False,Ironclaw Orcs,greenskins,wh_main_sc_grn_greenskins,Clan Angrund,dwarfs,wh_main_sc_dwf_dwarfs,Conflict,False,Partial: guide evidence plus analytical prior; generic modifier matrix unmeasured,dwarfs_0;dwarfs_1;greenskins_0,Opposed surrounding diplomatic ecosystems prior,"Generic numeric aversion, opening treaties, all faction/lord/technology modifiers and multiplayer runtime behavior are not exhaustively exported; classes are analytical, not verified team legality.",,Grudge accumulation responds to hostile conduct; positive diplomacy reduces it. Different allied Dwarf owners can enable conditional Deeps trade/diplomacy benefits. Leader-defeat confederation requires an AI loser; it cannot consume the human teammate.,False,Diplomatic Conflict: Opposed surrounding diplomatic ecosystems prior
wh3_dlc26_grn_gorbad_ironclaw,wh_main_dwf_karak_kadrin,wh3_main_combi_region_iron_rock,wh3_main_combi_region_karak_kadrin,wh3_main_combi_province_death_pass,wh3_main_combi_province_peak_pass,132.13106,primary human army world coordinates,129.576836,486.3282775878906,362.5478820800781,515.7217407226562,491.3680725097656,wh3_main_combi_region_iron_rock,wh3_main_combi_region_karak_kadrin,5,0.0,0.0,False,,5,False,False,cai_region_hint_area_dwarf_empire,dwarf_empire,Extended,True,Shared atlas theater and either at most six raster borders or at most 75 world units,land_raster_point,land_raster_point,,,Caravan/convoy links are context only; portal nodes lack general traversal eligibility; no shortcut inferred,Static human startup rules; later choices excluded. Maritime land anchors are descriptive; not movement routes. Secondary forces do not set primary distance.,False,Ironclaw Orcs,greenskins,wh_main_sc_grn_greenskins,Karak Kadrin,dwarfs,wh_main_sc_dwf_dwarfs,Conflict,False,Partial: guide evidence plus analytical prior; generic modifier matrix unmeasured,dwarfs_0;dwarfs_1;greenskins_0,Opposed surrounding diplomatic ecosystems prior,"Generic numeric aversion, opening treaties, all faction/lord/technology modifiers and multiplayer runtime behavior are not exhaustively exported; classes are analytical, not verified team legality.",,Grudge accumulation responds to hostile conduct; positive diplomacy reduces it. Different allied Dwarf owners can enable conditional Deeps trade/diplomacy benefits. Leader-defeat confederation requires an AI loser; it cannot consume the human teammate.,False,Diplomatic Conflict: Opposed surrounding diplomatic ecosystems prior
wh3_dlc26_grn_gorbad_ironclaw,wh_main_vmp_schwartzhafen,wh3_main_combi_region_iron_rock,wh3_main_combi_region_castle_drakenhof,wh3_main_combi_province_death_pass,wh3_main_combi_province_southern_sylvania,117.439664,primary human army world coordinates,100.824981,486.3282775878906,362.5478820800781,479.64794921875,479.7973937988281,wh3_main_combi_region_iron_rock,wh3_main_combi_region_castle_drakenhof,5,0.0,0.0,False,,5,False,False,,dwarf_empire <-> empire,Extended,False,Extended requires shared atlas theater AND (at most six raster borders OR at most 75 world units),land_raster_point,land_raster_point,,ivory_road_combi,Caravan/convoy links are context only; portal nodes lack general traversal eligibility; no shortcut inferred,Static human startup rules; later choices excluded. Maritime land anchors are descriptive; not movement routes. Secondary forces do not set primary distance.,False,Ironclaw Orcs,greenskins,wh_main_sc_grn_greenskins,Sylvania,vampire_counts,wh_main_sc_vmp_vampire_counts,Workable,False,Partial: guide evidence plus analytical prior; generic modifier matrix unmeasured,greenskins_0;vampire_counts_0,Non-Order pragmatic-alliance prior; not a numeric diplomatic guarantee,"Generic numeric aversion, opening treaties, all faction/lord/technology modifiers and multiplayer runtime behavior are not exhaustively exported; classes are analytical, not verified team legality.",,Leader-defeat confederation requires an AI loser; it cannot consume the human teammate. Barrow Legion has +30 WoC/Beastmen/Norsca relations and faction Chaos-attrition immunity.,False,Extended requires shared atlas theater AND (at most six raster borders OR at most 75 world units)
wh3_dlc26_kho_arbaal,wh3_main_ksl_the_ice_court,wh3_main_combi_region_pillar_of_skulls,wh3_main_combi_region_zavastra,wh3_main_combi_province_the_skull_road,wh3_main_combi_province_southern_oblast,124.970451,primary human army world coordinates,141.340407,571.1685180664062,621.3453369140625,462.2790832519531,560.020751953125,wh3_main_combi_region_pillar_of_skulls,wh3_main_combi_region_zavastra,5,0.0,0.0,False,,5,False,False,,chaos_wastes <-> kislev,Extended,False,Extended requires shared atlas theater AND (at most six raster borders OR at most 75 world units),land_raster_point,land_raster_point,,,Caravan/convoy links are context only; portal nodes lack general traversal eligibility; no shortcut inferred,Static human startup rules; later choices excluded. Maritime land anchors are descriptive; not movement routes. Secondary forces do not set primary distance.,False,Challengers of Khorne,khorne,wh3_main_sc_kho_khorne,The Ice Court,kislev,wh3_main_sc_ksl_kislev,Conflict,False,Partial: guide evidence plus analytical prior; generic modifier matrix unmeasured,khorne_0;kislev_0,Opposed surrounding diplomatic ecosystems prior,"Generic numeric aversion, opening treaties, all faction/lord/technology modifiers and multiplayer runtime behavior are not exhaustively exported; classes are analytical, not verified team legality.",,No bespoke diplomacy override established; absence does not imply zero generic aversion. Old supporter-race forced confederation and intra-Kislev war ban are obsolete; ordinary diplomacy applies.,False,Extended requires shared atlas theater AND (at most six raster borders OR at most 75 world units); Diplomatic Conflict: Opposed surrounding diplomatic ecosystems prior
wh3_dlc26_kho_arbaal,wh3_main_ksl_ursun_revivalists,wh3_main_combi_region_pillar_of_skulls,wh3_main_combi_region_the_tower_of_torment,wh3_main_combi_province_the_skull_road,wh3_main_combi_province_bloodfire_falls,73.774601,primary human army world coordinates,79.783834,571.1685180664062,621.3453369140625,513.7176513671875,667.6280517578125,wh3_main_combi_region_pillar_of_skulls,wh3_main_combi_region_the_tower_of_torment,2,0.0,0.0,False,,2,False,False,cai_region_hint_area_chaos_wastes,chaos_wastes,Regional,True,Within 100 units with neighboring provinces or at most four raster borders,land_raster_point,land_raster_point,,,Caravan/convoy links are context only; portal nodes lack general traversal eligibility; no shortcut inferred,Static human startup rules; later choices excluded. Maritime land anchors are descriptive; not movement routes. Secondary forces do not set primary distance.,False,Challengers of Khorne,khorne,wh3_main_sc_kho_khorne,Ursun Revivalists,kislev,wh3_main_sc_ksl_kislev,Conflict,False,Partial: guide evidence plus analytical prior; generic modifier matrix unmeasured,khorne_0;kislev_0,Opposed surrounding diplomatic ecosystems prior,"Generic numeric aversion, opening treaties, all faction/lord/technology modifiers and multiplayer runtime behavior are not exhaustively exported; classes are analytical, not verified team legality.",,No bespoke diplomacy override established; absence does not imply zero generic aversion. Old supporter-race forced confederation and intra-Kislev war ban are obsolete; ordinary diplomacy applies.,False,Diplomatic Conflict: Opposed surrounding diplomatic ecosystems prior
wh3_dlc26_kho_arbaal,wh_main_dwf_karak_kadrin,wh3_main_combi_region_pillar_of_skulls,wh3_main_combi_region_karak_kadrin,wh3_main_combi_province_the_skull_road,wh3_main_combi_province_peak_pass,141.309711,primary human army world coordinates,149.157677,571.1685180664062,621.3453369140625,515.7217407226562,491.3680725097656,wh3_main_combi_region_pillar_of_skulls,wh3_main_combi_region_karak_kadrin,4,0.0,0.0,False,,4,False,False,,chaos_wastes <-> dwarf_empire,Extended,False,Extended requires shared atlas theater AND (at most six raster borders OR at most 75 world units),land_raster_point,land_raster_point,,,Caravan/convoy links are context only; portal nodes lack general traversal eligibility; no shortcut inferred,Static human startup rules; later choices excluded. Maritime land anchors are descriptive; not movement routes. Secondary forces do not set primary distance.,False,Challengers of Khorne,khorne,wh3_main_sc_kho_khorne,Karak Kadrin,dwarfs,wh_main_sc_dwf_dwarfs,Conflict,False,Partial: guide evidence plus analytical prior; generic modifier matrix unmeasured,dwarfs_0;dwarfs_1;khorne_0,Opposed surrounding diplomatic ecosystems prior,"Generic numeric aversion, opening treaties, all faction/lord/technology modifiers and multiplayer runtime behavior are not exhaustively exported; classes are analytical, not verified team legality.",,Grudge accumulation responds to hostile conduct; positive diplomacy reduces it. Different allied Dwarf owners can enable conditional Deeps trade/diplomacy benefits. No bespoke diplomacy override established; absence does not imply zero generic aversion.,False,Extended requires shared atlas theater AND (at most six raster borders OR at most 75 world units); Diplomatic Conflict: Opposed surrounding diplomatic ecosystems prior
wh3_dlc26_kho_arbaal,wh_main_grn_greenskins,wh3_main_combi_region_pillar_of_skulls,wh3_main_combi_region_eagle_eyries,wh3_main_combi_province_the_skull_road,wh3_main_combi_province_gash_kadrak,125.862378,primary human army world coordinates,108.94084,571.1685180664062,621.3453369140625,650.6644897460938,523.7659912109375,wh3_main_combi_region_pillar_of_skulls,wh3_main_combi_region_eagle_eyries,3,0.0,0.0,False,,3,False,False,,chaos_wastes <-> mountains_of_mourn,Extended,False,Extended requires shared atlas theater AND (at most six raster borders OR at most 75 world units),land_raster_point,land_raster_point,,,Caravan/convoy links are context only; portal nodes lack general traversal eligibility; no shortcut inferred,Static human startup rules; later choices excluded. Maritime land anchors are descriptive; not movement routes. Secondary forces do not set primary distance.,False,Challengers of Khorne,khorne,wh3_main_sc_kho_khorne,Grimgor's 'Ardboyz,greenskins,wh_main_sc_grn_greenskins,Workable,False,Partial: guide evidence plus analytical prior; generic modifier matrix unmeasured,greenskins_0;khorne_0,Non-Order pragmatic-alliance prior; not a numeric diplomatic guarantee,"Generic numeric aversion, opening treaties, all faction/lord/technology modifiers and multiplayer runtime behavior are not exhaustively exported; classes are analytical, not verified team legality.",,Leader-defeat confederation requires an AI loser; it cannot consume the human teammate. No bespoke diplomacy override established; absence does not imply zero generic aversion.,False,Extended requires shared atlas theater AND (at most six raster borders OR at most 75 world units)
wh3_dlc26_kho_skulltaker,wh3_dlc27_sla_masque_of_slaanesh,wh3_main_combi_region_hualotal,wh3_main_combi_region_pillars_of_unseen_constellations,wh3_main_combi_province_the_gwangee_valley,wh3_main_combi_province_jungles_of_green_mist,27.780334,primary human army world coordinates,26.481023,71.47956848144531,235.6561279296875,45.42626953125,245.29835510253906,wh3_main_combi_region_hualotal,wh3_main_combi_region_pillars_of_unseen_constellations,1,0.0,0.0,False,,1,False,True,cai_region_hint_area_lustria,lustria,Immediate,True,Same province or adjacent starts within 100 world units,land_raster_point,land_raster_point,,,Caravan/convoy links are context only; portal nodes lack general traversal eligibility; no shortcut inferred,Static human startup rules; later choices excluded. Maritime land anchors are descriptive; not movement routes. Secondary forces do not set primary distance.,False,Blooded Wanderers,khorne,wh3_main_sc_kho_khorne,The Accursed Troupe,slaanesh,wh3_main_sc_sla_slaanesh,Conflict,False,Partial: guide evidence plus analytical prior; generic modifier matrix unmeasured,khorne_0;slaanesh_0,Rival-god ecosystem prior; no numeric aversion claimed Marked WoC patron overrides same-race/broad Chaos prior; rival-god conflict is analytical inference,"Generic numeric aversion, opening treaties, all faction/lord/technology modifiers and multiplayer runtime behavior are not exhaustively exported; classes are analytical, not verified team legality.",,No bespoke diplomacy override established; absence does not imply zero generic aversion. N'Kari forced seduction cannot target humans; this does not make third-party vassal diplomacy harmless.,False,Diplomatic Conflict: Rival-god ecosystem prior; no numeric aversion claimed Marked WoC patron overrides same-race/broad Chaos prior; rival-god conflict is analytical inference
wh3_dlc26_kho_skulltaker,wh_dlc08_nor_norsca,wh3_main_combi_region_hualotal,,wh3_main_combi_province_the_gwangee_valley,,132.434686,primary human army world coordinates,,71.47956848144531,235.6561279296875,102.2091064453125,364.476318359375,wh3_main_combi_region_hualotal,wh3_main_combi_region_monument_of_the_moon,,0.0,11.270968380829387,True,,,False,False,cai_region_hint_area_lustria,lustria,Extended,False,"Extended requires shared atlas theater AND (at most six raster borders OR at most 75 world units); topology/theaters use descriptive coastal anchors, not a verified sea route",land_raster_point,maritime_point_no_distinct_region,,,Caravan/convoy links are context only; portal nodes lack general traversal eligibility; no shortcut inferred,Static human startup rules; later choices excluded. Maritime land anchors are descriptive; not movement routes. Secondary forces do not set primary distance.,True,Blooded Wanderers,khorne,wh3_main_sc_kho_khorne,World Walkers,norsca,wh_dlc08_sc_nor_norsca,Workable,False,Partial: guide evidence plus analytical prior; generic modifier matrix unmeasured,khorne_0;norsca_0,Chaos ecosystem prior with patron/vassal competition,"Generic numeric aversion, opening treaties, all faction/lord/technology modifiers and multiplayer runtime behavior are not exhaustively exported; classes are analytical, not verified team legality.",,No bespoke diplomacy override established; absence does not imply zero generic aversion. Leader-defeat tribal confederation is not an ordinary alliance restriction; human-target applicability is not proven here.,False,"Extended requires shared atlas theater AND (at most six raster borders OR at most 75 world units); topology/theaters use descriptive coastal anchors, not a verified sea route"
wh3_dlc26_kho_skulltaker,wh_main_brt_bordeleaux,wh3_main_combi_region_hualotal,wh3_main_combi_region_temple_of_tlencan,wh3_main_combi_province_the_gwangee_valley,wh3_main_combi_province_scorpion_coast,71.338951,primary human army world coordinates,76.522471,71.47956848144531,235.6561279296875,140.9550323486328,251.85507202148438,wh3_main_combi_region_hualotal,wh3_main_combi_region_temple_of_tlencan,3,0.0,0.0,False,,3,False,True,cai_region_hint_area_lustria,lustria,Regional,True,Within 100 units with neighboring provinces or at most four raster borders,land_raster_point,land_raster_point,,,Caravan/convoy links are context only; portal nodes lack general traversal eligibility; no shortcut inferred,Static human startup rules; later choices excluded. Maritime land anchors are descriptive; not movement routes. Secondary forces do not set primary distance.,False,Blooded Wanderers,khorne,wh3_main_sc_kho_khorne,Bordeleaux Errant,bretonnia,wh_main_sc_brt_bretonnia,Conflict,False,Partial: guide evidence plus analytical prior; generic modifier matrix unmeasured,bretonnia_0;khorne_0,Opposed surrounding diplomatic ecosystems prior,"Generic numeric aversion, opening treaties, all faction/lord/technology modifiers and multiplayer runtime behavior are not exhaustively exported; classes are analytical, not verified team legality.",,Human confederation cooldown exemption is not permission to absorb a human teammate. No bespoke diplomacy override established; absence does not imply zero generic aversion.,False,Diplomatic Conflict: Opposed surrounding diplomatic ecosystems prior
wh3_dlc26_ogr_golgfag,wh3_main_ksl_the_great_orthodoxy,wh3_main_combi_region_norden,wh3_main_combi_region_erengrad,wh3_main_combi_province_ostland,wh3_main_combi_province_river_lynsk,16.705294,primary human army world coordinates,28.496003,412.8446044921875,592.4186401367188,420.86102294921875,607.0748291015625,wh3_main_combi_region_norden,wh3_main_combi_region_erengrad,2,0.0,0.0,False,,2,False,True,,empire <-> kislev,Regional,True,Within 100 units with neighboring provinces or at most four raster borders,land_raster_point,land_raster_point,,ivory_road_combi,Caravan/convoy links are context only; portal nodes lack general traversal eligibility; no shortcut inferred,Static human startup rules; later choices excluded. Maritime land anchors are descriptive; not movement routes. Secondary forces do not set primary distance.,False,The Maneaters,ogre_kingdoms,wh3_main_sc_ogr_ogre_kingdoms,The Great Orthodoxy,kislev,wh3_main_sc_ksl_kislev,Special,True,Partial: guide evidence plus analytical prior; generic modifier matrix unmeasured,golgfag_contracts;kislev_0;ogre_kingdoms_0,Ogre mercenary-neutral ecosystem prior; faction restrictions take precedence Guide recognizes team context but does not prove a lobby override of the alliance ban; withhold qualification.,"Generic numeric aversion, opening treaties, all faction/lord/technology modifiers and multiplayer runtime behavior are not exhaustively exported; classes are analytical, not verified team legality.",,Maneaters cannot make military/defensive alliances or vassal agreements; client offers exclude enemies of his team. Old supporter-race forced confederation and intra-Kislev war ban are obsolete; ordinary diplomacy applies. Ogre trespass diplomacy immunity is official-source-only in the guide; battle confederation requires an AI loser.,False,Treaty eligibility unresolved
wh3_dlc26_ogr_golgfag,wh3_main_ksl_the_ice_court,wh3_main_combi_region_norden,wh3_main_combi_region_zavastra,wh3_main_combi_province_ostland,wh3_main_combi_province_southern_oblast,59.104914,primary human army world coordinates,52.722459,412.8446044921875,592.4186401367188,462.2790832519531,560.020751953125,wh3_main_combi_region_norden,wh3_main_combi_region_zavastra,2,0.0,0.0,False,,2,False,True,,empire <-> kislev,Regional,True,Within 100 units with neighboring provinces or at most four raster borders,land_raster_point,land_raster_point,,,Caravan/convoy links are context only; portal nodes lack general traversal eligibility; no shortcut inferred,Static human startup rules; later choices excluded. Maritime land anchors are descriptive; not movement routes. Secondary forces do not set primary distance.,False,The Maneaters,ogre_kingdoms,wh3_main_sc_ogr_ogre_kingdoms,The Ice Court,kislev,wh3_main_sc_ksl_kislev,Special,True,Partial: guide evidence plus analytical prior; generic modifier matrix unmeasured,golgfag_contracts;kislev_0;ogre_kingdoms_0,Ogre mercenary-neutral ecosystem prior; faction restrictions take precedence Guide recognizes team context but does not prove a lobby override of the alliance ban; withhold qualification.,"Generic numeric aversion, opening treaties, all faction/lord/technology modifiers and multiplayer runtime behavior are not exhaustively exported; classes are analytical, not verified team legality.",,Maneaters cannot make military/defensive alliances or vassal agreements; client offers exclude enemies of his team. Old supporter-race forced confederation and intra-Kislev war ban are obsolete; ordinary diplomacy applies. Ogre trespass diplomacy immunity is official-source-only in the guide; battle confederation requires an AI loser.,False,Treaty eligibility unresolved
wh3_dlc26_ogr_golgfag,wh_dlc03_bst_beastmen,wh3_main_combi_region_norden,wh3_main_combi_region_the_black_pit,wh3_main_combi_province_ostland,wh3_main_combi_province_the_misty_hills,75.783748,primary human army world coordinates,78.085148,412.8446044921875,592.4186401367188,344.70521441307994,559.2493769811199,wh3_main_combi_region_norden,wh3_main_combi_region_the_black_pit,3,0.0,0.0,False,,3,False,False,cai_region_hint_area_empire,empire,Regional,True,Within 100 units with neighboring provinces or at most four raster borders,land_raster_point,land_raster_point,,,Caravan/convoy links are context only; portal nodes lack general traversal eligibility; no shortcut inferred,Static human startup rules; later choices excluded. Maritime land anchors are descriptive; not movement routes. Secondary forces do not set primary distance.,False,The Maneaters,ogre_kingdoms,wh3_main_sc_ogr_ogre_kingdoms,Warherd of the One-Eye,beastmen,wh_dlc03_sc_bst_beastmen,Special,True,Partial: guide evidence plus analytical prior; generic modifier matrix unmeasured,beastmen_0;golgfag_contracts;ogre_kingdoms_0,Ogre mercenary-neutral ecosystem prior; faction restrictions take precedence Guide recognizes team context but does not prove a lobby override of the alliance ban; withhold qualification. Beastmen permitted-faction membership and multiplayer exception unresolved; no qualification asserted,"Generic numeric aversion, opening treaties, all faction/lord/technology modifiers and multiplayer runtime behavior are not exhaustively exported; classes are analytical, not verified team legality.",,Restricted treaty set; permitted-faction membership and teammate bypass are not enumerated by the guide; positive deals reduce Bestial Rage for five turns. Maneaters cannot make military/defensive alliances or vassal agreements; client offers exclude enemies of his team. Ogre trespass diplomacy immunity is official-source-only in the guide; battle confederation requires an AI loser.,False,Treaty eligibility unresolved
wh3_dlc26_ogr_golgfag,wh_dlc08_nor_wintertooth,wh3_main_combi_region_norden,wh3_main_combi_region_monolith_of_flesh,wh3_main_combi_province_ostland,wh3_main_combi_province_mountains_of_hel,89.070035,primary human army world coordinates,97.83168,412.8446044921875,592.4186401367188,420.86102294921875,681.127197265625,wh3_main_combi_region_norden,wh3_main_combi_region_monolith_of_flesh,6,0.0,0.0,False,,6,False,False,,empire <-> norsca,Extended,False,Extended requires shared atlas theater AND (at most six raster borders OR at most 75 world units),land_raster_point,land_raster_point,,convoy_road_combi,Caravan/convoy links are context only; portal nodes lack general traversal eligibility; no shortcut inferred,Static human startup rules; later choices excluded. Maritime land anchors are descriptive; not movement routes. Secondary forces do not set primary distance.,False,The Maneaters,ogre_kingdoms,wh3_main_sc_ogr_ogre_kingdoms,Wintertooth,norsca,wh_dlc08_sc_nor_norsca,Special,True,Partial: guide evidence plus analytical prior; generic modifier matrix unmeasured,golgfag_contracts;norsca_0;ogre_kingdoms_0,Ogre mercenary-neutral ecosystem prior; faction restrictions take precedence Guide recognizes team context but does not prove a lobby override of the alliance ban; withhold qualification.,"Generic numeric aversion, opening treaties, all faction/lord/technology modifiers and multiplayer runtime behavior are not exhaustively exported; classes are analytical, not verified team legality.",,Maneaters cannot make military/defensive alliances or vassal agreements; client offers exclude enemies of his team. Leader-defeat tribal confederation is not an ordinary alliance restriction; human-target applicability is not proven here. Ogre trespass diplomacy immunity is official-source-only in the guide; battle confederation requires an AI loser.,False,Extended requires shared atlas theater AND (at most six raster borders OR at most 75 world units); Treaty eligibility unresolved
wh3_dlc26_ogr_golgfag,wh_main_dwf_karak_kadrin,wh3_main_combi_region_norden,wh3_main_combi_region_karak_kadrin,wh3_main_combi_province_ostland,wh3_main_combi_province_peak_pass,144.204446,primary human army world coordinates,131.655378,412.8446044921875,592.4186401367188,515.7217407226562,491.3680725097656,wh3_main_combi_region_norden,wh3_main_combi_region_karak_kadrin,5,0.0,0.0,False,,5,False,False,,dwarf_empire <-> empire,Extended,False,Extended requires shared atlas theater AND (at most six raster borders OR at most 75 world units),land_raster_point,land_raster_point,,,Caravan/convoy links are context only; portal nodes lack general traversal eligibility; no shortcut inferred,Static human startup rules; later choices excluded. Maritime land anchors are descriptive; not movement routes. Secondary forces do not set primary distance.,False,The Maneaters,ogre_kingdoms,wh3_main_sc_ogr_ogre_kingdoms,Karak Kadrin,dwarfs,wh_main_sc_dwf_dwarfs,Special,True,Partial: guide evidence plus analytical prior; generic modifier matrix unmeasured,dwarfs_0;dwarfs_1;golgfag_contracts;ogre_kingdoms_0,Ogre mercenary-neutral ecosystem prior; faction restrictions take precedence Guide recognizes team context but does not prove a lobby override of the alliance ban; withhold qualification.,"Generic numeric aversion, opening treaties, all faction/lord/technology modifiers and multiplayer runtime behavior are not exhaustively exported; classes are analytical, not verified team legality.",,Grudge accumulation responds to hostile conduct; positive diplomacy reduces it. Different allied Dwarf owners can enable conditional Deeps trade/diplomacy benefits. Maneaters cannot make military/defensive alliances or vassal agreements; client offers exclude enemies of his team. Ogre trespass diplomacy immunity is official-source-only in the guide; battle confederation requires an AI loser.,False,Extended requires shared atlas theater AND (at most six raster borders OR at most 75 world units); Treaty eligibility unresolved
wh3_dlc26_ogr_golgfag,wh_main_emp_empire,wh3_main_combi_region_norden,wh3_main_combi_region_altdorf,wh3_main_combi_province_ostland,wh3_main_combi_province_reikland,118.949931,primary human army world coordinates,110.347357,412.8446044921875,592.4186401367188,350.717529296875,490.9823913574219,wh3_main_combi_region_norden,wh3_main_combi_region_altdorf,5,0.0,0.0,False,,5,False,False,cai_region_hint_area_empire,empire,Extended,True,Shared atlas theater and either at most six raster borders or at most 75 world units,land_raster_point,land_raster_point,,ivory_road_combi,Caravan/convoy links are context only; portal nodes lack general traversal eligibility; no shortcut inferred,Static human startup rules; later choices excluded. Maritime land anchors are descriptive; not movement routes. Secondary forces do not set primary distance.,False,The Maneaters,ogre_kingdoms,wh3_main_sc_ogr_ogre_kingdoms,Reikland,empire,wh_main_sc_emp_empire,Special,True,Partial: guide evidence plus analytical prior; generic modifier matrix unmeasured,empire_0;golgfag_contracts;ogre_kingdoms_0,Ogre mercenary-neutral ecosystem prior; faction restrictions take precedence Guide recognizes team context but does not prove a lobby override of the alliance ban; withhold qualification.,"Generic numeric aversion, opening treaties, all faction/lord/technology modifiers and multiplayer runtime behavior are not exhaustively exported; classes are analytical, not verified team legality.",,Reikland Elector politics replaces ordinary confederation/NAP paths; does not establish a general military-alliance ban. Maneaters cannot make military/defensive alliances or vassal agreements; client offers exclude enemies of his team. Ogre trespass diplomacy immunity is official-source-only in the guide; battle confederation requires an AI loser.,False,Treaty eligibility unresolved
wh3_dlc26_ogr_golgfag,wh_main_emp_wissenland,wh3_main_combi_region_norden,wh3_main_combi_region_nuln,wh3_main_combi_province_ostland,wh3_main_combi_province_wissenland,135.729716,primary human army world coordinates,124.448181,412.8446044921875,592.4186401367188,366.75030517578125,464.7555236816406,wh3_main_combi_region_norden,wh3_main_combi_region_nuln,6,0.0,0.0,False,,6,False,False,cai_region_hint_area_empire,empire,Extended,True,Shared atlas theater and either at most six raster borders or at most 75 world units,land_raster_point,land_raster_point,,ivory_road_combi,Caravan/convoy links are context only; portal nodes lack general traversal eligibility; no shortcut inferred,Static human startup rules; later choices excluded. Maritime land anchors are descriptive; not movement routes. Secondary forces do not set primary distance.,False,The Maneaters,ogre_kingdoms,wh3_main_sc_ogr_ogre_kingdoms,Wissenland & Nuln,empire,wh_main_sc_emp_empire,Special,True,Partial: guide evidence plus analytical prior; generic modifier matrix unmeasured,empire_0;golgfag_contracts;ogre_kingdoms_0,Ogre mercenary-neutral ecosystem prior; faction restrictions take precedence Guide recognizes team context but does not prove a lobby override of the alliance ban; withhold qualification.,"Generic numeric aversion, opening treaties, all faction/lord/technology modifiers and multiplayer runtime behavior are not exhaustively exported; classes are analytical, not verified team legality.",,Reikland Elector politics replaces ordinary confederation/NAP paths; does not establish a general military-alliance ban. Maneaters cannot make military/defensive alliances or vassal agreements; client offers exclude enemies of his team. Ogre trespass diplomacy immunity is official-source-only in the guide; battle confederation requires an AI loser.,False,Treaty eligibility unresolved
wh3_dlc26_ogr_golgfag,wh_main_vmp_schwartzhafen,wh3_main_combi_region_norden,wh3_main_combi_region_castle_drakenhof,wh3_main_combi_province_ostland,wh3_main_combi_province_southern_sylvania,130.943621,primary human army world coordinates,134.227491,412.8446044921875,592.4186401367188,479.64794921875,479.7973937988281,wh3_main_combi_region_norden,wh3_main_combi_region_castle_drakenhof,6,0.0,0.0,False,,6,False,False,cai_region_hint_area_empire,empire,Extended,True,Shared atlas theater and either at most six raster borders or at most 75 world units,land_raster_point,land_raster_point,,ivory_road_combi,Caravan/convoy links are context only; portal nodes lack general traversal eligibility; no shortcut inferred,Static human startup rules; later choices excluded. Maritime land anchors are descriptive; not movement routes. Secondary forces do not set primary distance.,False,The Maneaters,ogre_kingdoms,wh3_main_sc_ogr_ogre_kingdoms,Sylvania,vampire_counts,wh_main_sc_vmp_vampire_counts,Special,True,Partial: guide evidence plus analytical prior; generic modifier matrix unmeasured,golgfag_contracts;ogre_kingdoms_0;vampire_counts_0,Ogre mercenary-neutral ecosystem prior; faction restrictions take precedence Guide recognizes team context but does not prove a lobby override of the alliance ban; withhold qualification.,"Generic numeric aversion, opening treaties, all faction/lord/technology modifiers and multiplayer runtime behavior are not exhaustively exported; classes are analytical, not verified team legality.",,Maneaters cannot make military/defensive alliances or vassal agreements; client offers exclude enemies of his team. Ogre trespass diplomacy immunity is official-source-only in the guide; battle confederation requires an AI loser. Barrow Legion has +30 WoC/Beastmen/Norsca relations and faction Chaos-attrition immunity.,False,Treaty eligibility unresolved
wh3_dlc27_nor_sayl,wh3_main_cth_the_northern_provinces,wh3_main_combi_region_dark_tower,wh3_main_combi_region_nan_gau,wh3_main_combi_province_mountains_end,wh3_main_combi_province_gunpowder_road,107.338075,primary human army world coordinates,125.743843,841.0540161132812,569.6629638671875,761.5580444335938,497.5390930175781,wh3_main_combi_region_dark_tower,wh3_main_combi_region_nan_gau,3,0.0,0.0,False,,3,False,False,cai_region_hint_area_cathay,cathay,Extended,True,Shared atlas theater and either at most six raster borders or at most 75 world units,land_raster_point,land_raster_point,,,Caravan/convoy links are context only; portal nodes lack general traversal eligibility; no shortcut inferred,Static human startup rules; later choices excluded. Maritime land anchors are descriptive; not movement routes. Secondary forces do not set primary distance.,False,Dolgan,norsca,wh_dlc08_sc_nor_norsca,The Northern Provinces,grand_cathay,wh3_main_sc_cth_cathay,Conflict,False,Partial: guide evidence plus analytical prior; generic modifier matrix unmeasured,grand_cathay_0;norsca_0;sayl_treaties,Opposed surrounding diplomatic ecosystems prior Coordinate manipulation targets; do not infer compulsory teammate war from the stale listener.,"Generic numeric aversion, opening treaties, all faction/lord/technology modifiers and multiplayer runtime behavior are not exhaustively exported; classes are analytical, not verified team legality.",,Guide found no distinct diplomatic replacement; generic faction modifiers remain outside coverage. Leader-defeat tribal confederation is not an ordinary alliance restriction; human-target applicability is not proven here. Sayl Manipulations alter treaties; automatic below-zero Confidence war listener is inert in 8.1.1.,False,Diplomatic Conflict: Opposed surrounding diplomatic ecosystems prior Coordinate manipulation targets; do not infer compulsory teammate war from the stale listener.
wh3_dlc27_sla_masque_of_slaanesh,wh_dlc08_nor_norsca,wh3_main_combi_region_pillars_of_unseen_constellations,,wh3_main_combi_province_jungles_of_green_mist,,132.013929,primary human army world coordinates,,45.42626953125,245.29835510253906,102.2091064453125,364.476318359375,wh3_main_combi_region_pillars_of_unseen_constellations,wh3_main_combi_region_monument_of_the_moon,,0.0,11.270968380829387,True,,,False,False,cai_region_hint_area_lustria,lustria,Extended,False,"Extended requires shared atlas theater AND (at most six raster borders OR at most 75 world units); topology/theaters use descriptive coastal anchors, not a verified sea route",land_raster_point,maritime_point_no_distinct_region,,,Caravan/convoy links are context only; portal nodes lack general traversal eligibility; no shortcut inferred,Static human startup rules; later choices excluded. Maritime land anchors are descriptive; not movement routes. Secondary forces do not set primary distance.,True,The Accursed Troupe,slaanesh,wh3_main_sc_sla_slaanesh,World Walkers,norsca,wh_dlc08_sc_nor_norsca,Workable,False,Partial: guide evidence plus analytical prior; generic modifier matrix unmeasured,norsca_0;slaanesh_0,Chaos ecosystem prior with patron/vassal competition,"Generic numeric aversion, opening treaties, all faction/lord/technology modifiers and multiplayer runtime behavior are not exhaustively exported; classes are analytical, not verified team legality.",,Leader-defeat tribal confederation is not an ordinary alliance restriction; human-target applicability is not proven here. N'Kari forced seduction cannot target humans; this does not make third-party vassal diplomacy harmless.,False,"Extended requires shared atlas theater AND (at most six raster borders OR at most 75 world units); topology/theaters use descriptive coastal anchors, not a verified sea route"
wh3_dlc27_sla_masque_of_slaanesh,wh_main_brt_bordeleaux,wh3_main_combi_region_pillars_of_unseen_constellations,wh3_main_combi_region_temple_of_tlencan,wh3_main_combi_province_jungles_of_green_mist,wh3_main_combi_province_scorpion_coast,95.753512,primary human army world coordinates,95.483314,45.42626953125,245.29835510253906,140.9550323486328,251.85507202148438,wh3_main_combi_region_pillars_of_unseen_constellations,wh3_main_combi_region_temple_of_tlencan,4,0.0,0.0,False,,4,False,False,cai_region_hint_area_lustria,lustria,Regional,True,Within 100 units with neighboring provinces or at most four raster borders,land_raster_point,land_raster_point,,,Caravan/convoy links are context only; portal nodes lack general traversal eligibility; no shortcut inferred,Static human startup rules; later choices excluded. Maritime land anchors are descriptive; not movement routes. Secondary forces do not set primary distance.,False,The Accursed Troupe,slaanesh,wh3_main_sc_sla_slaanesh,Bordeleaux Errant,bretonnia,wh_main_sc_brt_bretonnia,Conflict,False,Partial: guide evidence plus analytical prior; generic modifier matrix unmeasured,bretonnia_0;slaanesh_0,Opposed surrounding diplomatic ecosystems prior,"Generic numeric aversion, opening treaties, all faction/lord/technology modifiers and multiplayer runtime behavior are not exhaustively exported; classes are analytical, not verified team legality.",,Human confederation cooldown exemption is not permission to absorb a human teammate. N'Kari forced seduction cannot target humans; this does not make third-party vassal diplomacy harmless.,False,Diplomatic Conflict: Opposed surrounding diplomatic ecosystems prior
wh3_main_cth_the_northern_provinces,wh3_main_ogr_goldtooth,wh3_main_combi_region_nan_gau,wh3_main_combi_region_great_hall_of_greasus,wh3_main_combi_province_gunpowder_road,wh3_main_combi_province_ivory_road,130.431397,primary human army world coordinates,125.311425,761.5580444335938,497.5390930175781,690.7465209960938,388.00335693359375,wh3_main_combi_region_nan_gau,wh3_main_combi_region_great_hall_of_greasus,4,0.0,0.0,False,,4,False,False,,cathay <-> mountains_of_mourn,Extended,False,Extended requires shared atlas theater AND (at most six raster borders OR at most 75 world units),land_raster_point,land_raster_point,,convoy_road_combi;irory_road_bhashiva;ivory_road_combi,Caravan/convoy links are context only; portal nodes lack general traversal eligibility; no shortcut inferred,Static human startup rules; later choices excluded. Maritime land anchors are descriptive; not movement routes. Secondary forces do not set primary distance.,False,The Northern Provinces,grand_cathay,wh3_main_sc_cth_cathay,Goldtooth,ogre_kingdoms,wh3_main_sc_ogr_ogre_kingdoms,Workable,False,Partial: guide evidence plus analytical prior; generic modifier matrix unmeasured,grand_cathay_0;ogre_kingdoms_0,Ogre mercenary-neutral ecosystem prior; faction restrictions take precedence,"Generic numeric aversion, opening treaties, all faction/lord/technology modifiers and multiplayer runtime behavior are not exhaustively exported; classes are analytical, not verified team legality.",,Guide found no distinct diplomatic replacement; generic faction modifiers remain outside coverage. Ogre trespass diplomacy immunity is official-source-only in the guide; battle confederation requires an AI loser.,False,Extended requires shared atlas theater AND (at most six raster borders OR at most 75 world units)
wh3_main_cth_the_northern_provinces,wh_main_grn_greenskins,wh3_main_combi_region_nan_gau,wh3_main_combi_region_eagle_eyries,wh3_main_combi_province_gunpowder_road,wh3_main_combi_province_gash_kadrak,113.952756,primary human army world coordinates,128.355383,761.5580444335938,497.5390930175781,650.6644897460938,523.7659912109375,wh3_main_combi_region_nan_gau,wh3_main_combi_region_eagle_eyries,4,0.0,0.0,False,,4,False,False,,cathay <-> mountains_of_mourn,Extended,False,Extended requires shared atlas theater AND (at most six raster borders OR at most 75 world units),land_raster_point,land_raster_point,,,Caravan/convoy links are context only; portal nodes lack general traversal eligibility; no shortcut inferred,Static human startup rules; later choices excluded. Maritime land anchors are descriptive; not movement routes. Secondary forces do not set primary distance.,False,The Northern Provinces,grand_cathay,wh3_main_sc_cth_cathay,Grimgor's 'Ardboyz,greenskins,wh_main_sc_grn_greenskins,Conflict,False,Partial: guide evidence plus analytical prior; generic modifier matrix unmeasured,grand_cathay_0;greenskins_0,Opposed surrounding diplomatic ecosystems prior,"Generic numeric aversion, opening treaties, all faction/lord/technology modifiers and multiplayer runtime behavior are not exhaustively exported; classes are analytical, not verified team legality.",,Guide found no distinct diplomatic replacement; generic faction modifiers remain outside coverage. Leader-defeat confederation requires an AI loser; it cannot consume the human teammate.,False,Extended requires shared atlas theater AND (at most six raster borders OR at most 75 world units); Diplomatic Conflict: Opposed surrounding diplomatic ecosystems prior
wh3_main_cth_the_western_provinces,wh3_main_vmp_caravan_of_blue_roses,wh3_main_combi_region_qiang,wh3_main_combi_region_gnobbly_gorge,wh3_main_combi_province_wastelands_of_jinshen,wh3_main_combi_province_gnoblar_country,57.471579,primary human army world coordinates,42.112944,739.512939453125,384.53216552734375,703.4391479492188,339.7922058105469,wh3_main_combi_region_qiang,wh3_main_combi_region_gnobbly_gorge,1,0.0,0.0,False,,1,False,True,,cathay <-> mountains_of_mourn,Immediate,True,Same province or adjacent starts within 100 world units,land_raster_point,land_raster_point,irory_road_bhashiva;ivory_road_combi,,Caravan/convoy links are context only; portal nodes lack general traversal eligibility; no shortcut inferred,Static human startup rules; later choices excluded. Maritime land anchors are descriptive; not movement routes. Secondary forces do not set primary distance.,False,The Western Provinces,grand_cathay,wh3_main_sc_cth_cathay,Caravan of Blue Roses,vampire_counts,wh_main_sc_vmp_vampire_counts,Conflict,False,Partial: guide evidence plus analytical prior; generic modifier matrix unmeasured,grand_cathay_0;vampire_counts_0,Opposed surrounding diplomatic ecosystems prior,"Generic numeric aversion, opening treaties, all faction/lord/technology modifiers and multiplayer runtime behavior are not exhaustively exported; classes are analytical, not verified team legality.",,Guide found no distinct diplomatic replacement; generic faction modifiers remain outside coverage. Barrow Legion has +30 WoC/Beastmen/Norsca relations and faction Chaos-attrition immunity.,False,Diplomatic Conflict: Opposed surrounding diplomatic ecosystems prior
wh3_main_dae_daemon_prince,wh3_main_ksl_ursun_revivalists,wh3_main_combi_region_volcanos_heart,wh3_main_combi_region_the_tower_of_torment,wh3_main_combi_province_plain_of_illusions,wh3_main_combi_province_bloodfire_falls,81.893359,primary human army world coordinates,86.470243,456.934814453125,726.6384887695312,513.7176513671875,667.6280517578125,wh3_main_combi_region_volcanos_heart,wh3_main_combi_region_the_tower_of_torment,3,0.0,0.0,False,,3,False,True,cai_region_hint_area_chaos_wastes,chaos_wastes,Regional,True,Within 100 units with neighboring provinces or at most four raster borders,land_raster_point,land_raster_point,,,Caravan/convoy links are context only; portal nodes lack general traversal eligibility; no shortcut inferred,Static human startup rules; later choices excluded. Maritime land anchors are descriptive; not movement routes. Secondary forces do not set primary distance.,False,Legion of Chaos,daemons_of_chaos,wh3_main_sc_dae_daemons,Ursun Revivalists,kislev,wh3_main_sc_ksl_kislev,Conflict,False,Partial: guide evidence plus analytical prior; generic modifier matrix unmeasured,daemons_of_chaos_0;kislev_0,Opposed surrounding diplomatic ecosystems prior Partner appears in single-player faction objective(s); not treated as a multiplayer forced-war lock,"Generic numeric aversion, opening treaties, all faction/lord/technology modifiers and multiplayer runtime behavior are not exhaustively exported; classes are analytical, not verified team legality.",wh3_main_ksl_ursun_revivalists:long:003:DESTROY_FACTION,Guide establishes no bespoke diplomacy override; generic aversion and dedication-state modifiers remain unmeasured. Old supporter-race forced confederation and intra-Kislev war ban are obsolete; ordinary diplomacy applies.,False,Diplomatic Conflict: Opposed surrounding diplomatic ecosystems prior Partner appears in single-player faction objective(s); not treated as a multiplayer forced-war lock
wh3_main_emp_cult_of_sigmar,wh3_main_kho_exiles_of_khorne,wh3_main_combi_region_sudenburg,wh3_main_combi_region_agrul_migdhal,wh3_main_combi_province_land_of_the_dervishes,wh3_main_combi_province_barrier_idols,100.587286,primary human army world coordinates,88.946863,372.7626037597656,188.9877166748047,451.5905456542969,251.46937561035156,wh3_main_combi_region_sudenburg,wh3_main_combi_region_agrul_migdhal,3,0.0,0.0,False,,3,False,False,,badlands <-> southlands,Extended,False,Extended requires shared atlas theater AND (at most six raster borders OR at most 75 world units),land_raster_point,land_raster_point,,,Caravan/convoy links are context only; portal nodes lack general traversal eligibility; no shortcut inferred,Static human startup rules; later choices excluded. Maritime land anchors are descriptive; not movement routes. Secondary forces do not set primary distance.,False,Cult of Sigmar,empire,wh_main_sc_emp_empire,Exiles of Khorne,khorne,wh3_main_sc_kho_khorne,Conflict,False,Partial: guide evidence plus analytical prior; generic modifier matrix unmeasured,empire_0;khorne_0,Opposed surrounding diplomatic ecosystems prior,"Generic numeric aversion, opening treaties, all faction/lord/technology modifiers and multiplayer runtime behavior are not exhaustively exported; classes are analytical, not verified team legality.",,Reikland Elector politics replaces ordinary confederation/NAP paths; does not establish a general military-alliance ban. No bespoke diplomacy override established; absence does not imply zero generic aversion.,False,Extended requires shared atlas theater AND (at most six raster borders OR at most 75 world units); Diplomatic Conflict: Opposed surrounding diplomatic ecosystems prior
wh3_main_emp_cult_of_sigmar,wh_main_grn_orcs_of_the_bloody_hand,wh3_main_combi_region_sudenburg,wh3_main_combi_region_sun_tree_glades,wh3_main_combi_province_land_of_the_dervishes,wh3_main_combi_province_central_jungles,72.448007,primary human army world coordinates,62.204714,372.7626037597656,188.9877166748047,423.53314208984375,137.30535888671875,wh3_main_combi_region_sudenburg,wh3_main_combi_region_sun_tree_glades,3,0.0,0.0,False,,3,False,False,cai_region_hint_area_southlands,southlands,Regional,True,Within 100 units with neighboring provinces or at most four raster borders,land_raster_point,land_raster_point,,,Caravan/convoy links are context only; portal nodes lack general traversal eligibility; no shortcut inferred,Static human startup rules; later choices excluded. Maritime land anchors are descriptive; not movement routes. Secondary forces do not set primary distance.,False,Cult of Sigmar,empire,wh_main_sc_emp_empire,The Bloody Handz,greenskins,wh_main_sc_grn_greenskins,Conflict,False,Partial: guide evidence plus analytical prior; generic modifier matrix unmeasured,empire_0;greenskins_0,Opposed surrounding diplomatic ecosystems prior,"Generic numeric aversion, opening treaties, all faction/lord/technology modifiers and multiplayer runtime behavior are not exhaustively exported; classes are analytical, not verified team legality.",,Reikland Elector politics replaces ordinary confederation/NAP paths; does not establish a general military-alliance ban. Leader-defeat confederation requires an AI loser; it cannot consume the human teammate.,False,Diplomatic Conflict: Opposed surrounding diplomatic ecosystems prior
wh3_main_emp_cult_of_sigmar,wh_main_vmp_vampire_counts,wh3_main_combi_region_sudenburg,wh3_main_combi_region_ka_sabar,wh3_main_combi_province_land_of_the_dervishes,wh3_main_combi_province_shifting_sands,41.418091,primary human army world coordinates,60.806825,372.7626037597656,188.9877166748047,414.1806945800781,188.9877166748047,wh3_main_combi_region_sudenburg,wh3_main_combi_region_ka_sabar,2,0.0,0.0,False,,2,False,True,cai_region_hint_area_southlands,southlands,Regional,True,Within 100 units with neighboring provinces or at most four raster borders,land_raster_point,land_raster_point,,,Caravan/convoy links are context only; portal nodes lack general traversal eligibility; no shortcut inferred,Static human startup rules; later choices excluded. Maritime land anchors are descriptive; not movement routes. Secondary forces do not set primary distance.,False,Cult of Sigmar,empire,wh_main_sc_emp_empire,The Drakenhof Conclave,vampire_counts,wh_main_sc_vmp_vampire_counts,Conflict,False,Partial: guide evidence plus analytical prior; generic modifier matrix unmeasured,empire_0;vampire_counts_0,Opposed surrounding diplomatic ecosystems prior Partner appears in single-player faction objective(s); not treated as a multiplayer forced-war lock,"Generic numeric aversion, opening treaties, all faction/lord/technology modifiers and multiplayer runtime behavior are not exhaustively exported; classes are analytical, not verified team legality.",wh3_main_emp_cult_of_sigmar:short:001:DESTROY_FACTION;wh_main_vmp_vampire_counts:short:001:DESTROY_FACTION,Reikland Elector politics replaces ordinary confederation/NAP paths; does not establish a general military-alliance ban. Barrow Legion has +30 WoC/Beastmen/Norsca relations and faction Chaos-attrition immunity.,False,Diplomatic Conflict: Opposed surrounding diplomatic ecosystems prior Partner appears in single-player faction objective(s); not treated as a multiplayer forced-war lock
wh3_main_kho_exiles_of_khorne,wh_main_grn_orcs_of_the_bloody_hand,wh3_main_combi_region_agrul_migdhal,wh3_main_combi_region_sun_tree_glades,wh3_main_combi_province_barrier_idols,wh3_main_combi_province_central_jungles,117.561221,primary human army world coordinates,116.570707,451.5905456542969,251.46937561035156,423.53314208984375,137.30535888671875,wh3_main_combi_region_agrul_migdhal,wh3_main_combi_region_sun_tree_glades,5,0.0,0.0,False,,5,False,False,,badlands <-> southlands,Extended,False,Extended requires shared atlas theater AND (at most six raster borders OR at most 75 world units),land_raster_point,land_raster_point,,,Caravan/convoy links are context only; portal nodes lack general traversal eligibility; no shortcut inferred,Static human startup rules; later choices excluded. Maritime land anchors are descriptive; not movement routes. Secondary forces do not set primary distance.,False,Exiles of Khorne,khorne,wh3_main_sc_kho_khorne,The Bloody Handz,greenskins,wh_main_sc_grn_greenskins,Workable,False,Partial: guide evidence plus analytical prior; generic modifier matrix unmeasured,greenskins_0;khorne_0,Non-Order pragmatic-alliance prior; not a numeric diplomatic guarantee,"Generic numeric aversion, opening treaties, all faction/lord/technology modifiers and multiplayer runtime behavior are not exhaustively exported; classes are analytical, not verified team legality.",,Leader-defeat confederation requires an AI loser; it cannot consume the human teammate. No bespoke diplomacy override established; absence does not imply zero generic aversion.,False,Extended requires shared atlas theater AND (at most six raster borders OR at most 75 world units)
wh3_main_ksl_the_great_orthodoxy,wh_dlc03_bst_beastmen,wh3_main_combi_region_erengrad,wh3_main_combi_region_the_black_pit,wh3_main_combi_province_river_lynsk,wh3_main_combi_province_the_misty_hills,89.927643,primary human army world coordinates,106.56164,420.86102294921875,607.0748291015625,344.70521441307994,559.2493769811199,wh3_main_combi_region_erengrad,wh3_main_combi_region_the_black_pit,4,0.0,0.0,False,,4,False,False,,empire <-> kislev,Regional,True,Within 100 units with neighboring provinces or at most four raster borders,land_raster_point,land_raster_point,ivory_road_combi,,Caravan/convoy links are context only; portal nodes lack general traversal eligibility; no shortcut inferred,Static human startup rules; later choices excluded. Maritime land anchors are descriptive; not movement routes. Secondary forces do not set primary distance.,False,The Great Orthodoxy,kislev,wh3_main_sc_ksl_kislev,Warherd of the One-Eye,beastmen,wh_dlc03_sc_bst_beastmen,Conflict,True,Partial: guide evidence plus analytical prior; generic modifier matrix unmeasured,beastmen_0;kislev_0,Opposed surrounding diplomatic ecosystems prior Beastmen permitted-faction membership and multiplayer exception unresolved; no qualification asserted,"Generic numeric aversion, opening treaties, all faction/lord/technology modifiers and multiplayer runtime behavior are not exhaustively exported; classes are analytical, not verified team legality.",,Restricted treaty set; permitted-faction membership and teammate bypass are not enumerated by the guide; positive deals reduce Bestial Rage for five turns. Old supporter-race forced confederation and intra-Kislev war ban are obsolete; ordinary diplomacy applies.,False,Diplomatic Conflict: Opposed surrounding diplomatic ecosystems prior Beastmen permitted-faction membership and multiplayer exception unresolved; no qualification asserted; Treaty eligibility unresolved
wh3_main_ksl_the_great_orthodoxy,wh_dlc08_nor_wintertooth,wh3_main_combi_region_erengrad,wh3_main_combi_region_monolith_of_flesh,wh3_main_combi_province_river_lynsk,wh3_main_combi_province_mountains_of_hel,74.052368,primary human army world coordinates,89.239807,420.86102294921875,607.0748291015625,420.86102294921875,681.127197265625,wh3_main_combi_region_erengrad,wh3_main_combi_region_monolith_of_flesh,4,0.0,0.0,False,,4,False,False,,kislev <-> norsca,Regional,True,Within 100 units with neighboring provinces or at most four raster borders,land_raster_point,land_raster_point,ivory_road_combi,convoy_road_combi,Caravan/convoy links are context only; portal nodes lack general traversal eligibility; no shortcut inferred,Static human startup rules; later choices excluded. Maritime land anchors are descriptive; not movement routes. Secondary forces do not set primary distance.,False,The Great Orthodoxy,kislev,wh3_main_sc_ksl_kislev,Wintertooth,norsca,wh_dlc08_sc_nor_norsca,Conflict,False,Partial: guide evidence plus analytical prior; generic modifier matrix unmeasured,kislev_0;norsca_0,Opposed surrounding diplomatic ecosystems prior,"Generic numeric aversion, opening treaties, all faction/lord/technology modifiers and multiplayer runtime behavior are not exhaustively exported; classes are analytical, not verified team legality.",,Old supporter-race forced confederation and intra-Kislev war ban are obsolete; ordinary diplomacy applies. Leader-defeat tribal confederation is not an ordinary alliance restriction; human-target applicability is not proven here.,False,Diplomatic Conflict: Opposed surrounding diplomatic ecosystems prior
wh3_main_ksl_the_great_orthodoxy,wh_main_dwf_karak_kadrin,wh3_main_combi_region_erengrad,wh3_main_combi_region_karak_kadrin,wh3_main_combi_province_river_lynsk,wh3_main_combi_province_peak_pass,149.621554,primary human army world coordinates,122.86631,420.86102294921875,607.0748291015625,515.7217407226562,491.3680725097656,wh3_main_combi_region_erengrad,wh3_main_combi_region_karak_kadrin,4,0.0,0.0,False,,4,False,False,,dwarf_empire <-> kislev,Extended,False,Extended requires shared atlas theater AND (at most six raster borders OR at most 75 world units),land_raster_point,land_raster_point,ivory_road_combi,,Caravan/convoy links are context only; portal nodes lack general traversal eligibility; no shortcut inferred,Static human startup rules; later choices excluded. Maritime land anchors are descriptive; not movement routes. Secondary forces do not set primary distance.,False,The Great Orthodoxy,kislev,wh3_main_sc_ksl_kislev,Karak Kadrin,dwarfs,wh_main_sc_dwf_dwarfs,Clean,False,Partial: guide evidence plus analytical prior; generic modifier matrix unmeasured,dwarfs_0;dwarfs_1;kislev_0,Compatible Order ecosystem prior,"Generic numeric aversion, opening treaties, all faction/lord/technology modifiers and multiplayer runtime behavior are not exhaustively exported; classes are analytical, not verified team legality.",,Grudge accumulation responds to hostile conduct; positive diplomacy reduces it. Different allied Dwarf owners can enable conditional Deeps trade/diplomacy benefits. Old supporter-race forced confederation and intra-Kislev war ban are obsolete; ordinary diplomacy applies.,False,Extended requires shared atlas theater AND (at most six raster borders OR at most 75 world units)
wh3_main_ksl_the_great_orthodoxy,wh_main_emp_empire,wh3_main_combi_region_erengrad,wh3_main_combi_region_altdorf,wh3_main_combi_province_river_lynsk,wh3_main_combi_province_reikland,135.637619,primary human army world coordinates,134.656807,420.86102294921875,607.0748291015625,350.717529296875,490.9823913574219,wh3_main_combi_region_erengrad,wh3_main_combi_region_altdorf,5,0.0,0.0,False,,5,False,False,,empire <-> kislev,Extended,False,Extended requires shared atlas theater AND (at most six raster borders OR at most 75 world units),land_raster_point,land_raster_point,ivory_road_combi,ivory_road_combi,Caravan/convoy links are context only; portal nodes lack general traversal eligibility; no shortcut inferred,Static human startup rules; later choices excluded. Maritime land anchors are descriptive; not movement routes. Secondary forces do not set primary distance.,False,The Great Orthodoxy,kislev,wh3_main_sc_ksl_kislev,Reikland,empire,wh_main_sc_emp_empire,Clean,False,Partial: guide evidence plus analytical prior; generic modifier matrix unmeasured,empire_0;kislev_0,Compatible Order ecosystem prior,"Generic numeric aversion, opening treaties, all faction/lord/technology modifiers and multiplayer runtime behavior are not exhaustively exported; classes are analytical, not verified team legality.",,Reikland Elector politics replaces ordinary confederation/NAP paths; does not establish a general military-alliance ban. Old supporter-race forced confederation and intra-Kislev war ban are obsolete; ordinary diplomacy applies.,False,Extended requires shared atlas theater AND (at most six raster borders OR at most 75 world units)
wh3_main_ksl_the_great_orthodoxy,wh_main_vmp_schwartzhafen,wh3_main_combi_region_erengrad,wh3_main_combi_region_castle_drakenhof,wh3_main_combi_province_river_lynsk,wh3_main_combi_province_southern_sylvania,140.19789,primary human army world coordinates,133.747482,420.86102294921875,607.0748291015625,479.64794921875,479.7973937988281,wh3_main_combi_region_erengrad,wh3_main_combi_region_castle_drakenhof,5,0.0,0.0,False,,5,False,False,,empire <-> kislev,Extended,False,Extended requires shared atlas theater AND (at most six raster borders OR at most 75 world units),land_raster_point,land_raster_point,ivory_road_combi,ivory_road_combi,Caravan/convoy links are context only; portal nodes lack general traversal eligibility; no shortcut inferred,Static human startup rules; later choices excluded. Maritime land anchors are descriptive; not movement routes. Secondary forces do not set primary distance.,False,The Great Orthodoxy,kislev,wh3_main_sc_ksl_kislev,Sylvania,vampire_counts,wh_main_sc_vmp_vampire_counts,Conflict,False,Partial: guide evidence plus analytical prior; generic modifier matrix unmeasured,kislev_0;vampire_counts_0,Opposed surrounding diplomatic ecosystems prior,"Generic numeric aversion, opening treaties, all faction/lord/technology modifiers and multiplayer runtime behavior are not exhaustively exported; classes are analytical, not verified team legality.",,Old supporter-race forced confederation and intra-Kislev war ban are obsolete; ordinary diplomacy applies. Barrow Legion has +30 WoC/Beastmen/Norsca relations and faction Chaos-attrition immunity.,False,Extended requires shared atlas theater AND (at most six raster borders OR at most 75 world units); Diplomatic Conflict: Opposed surrounding diplomatic ecosystems prior
wh3_main_ksl_the_ice_court,wh_dlc03_bst_beastmen,wh3_main_combi_region_zavastra,wh3_main_combi_region_the_black_pit,wh3_main_combi_province_southern_oblast,wh3_main_combi_province_the_misty_hills,117.576399,primary human army world coordinates,122.102259,462.2790832519531,560.020751953125,344.70521441307994,559.2493769811199,wh3_main_combi_region_zavastra,wh3_main_combi_region_the_black_pit,4,0.0,0.0,False,,4,False,False,,empire <-> kislev,Extended,False,Extended requires shared atlas theater AND (at most six raster borders OR at most 75 world units),land_raster_point,land_raster_point,,,Caravan/convoy links are context only; portal nodes lack general traversal eligibility; no shortcut inferred,Static human startup rules; later choices excluded. Maritime land anchors are descriptive; not movement routes. Secondary forces do not set primary distance.,False,The Ice Court,kislev,wh3_main_sc_ksl_kislev,Warherd of the One-Eye,beastmen,wh_dlc03_sc_bst_beastmen,Conflict,True,Partial: guide evidence plus analytical prior; generic modifier matrix unmeasured,beastmen_0;kislev_0,Opposed surrounding diplomatic ecosystems prior Beastmen permitted-faction membership and multiplayer exception unresolved; no qualification asserted,"Generic numeric aversion, opening treaties, all faction/lord/technology modifiers and multiplayer runtime behavior are not exhaustively exported; classes are analytical, not verified team legality.",,Restricted treaty set; permitted-faction membership and teammate bypass are not enumerated by the guide; positive deals reduce Bestial Rage for five turns. Old supporter-race forced confederation and intra-Kislev war ban are obsolete; ordinary diplomacy applies.,False,Extended requires shared atlas theater AND (at most six raster borders OR at most 75 world units); Diplomatic Conflict: Opposed surrounding diplomatic ecosystems prior Beastmen permitted-faction membership and multiplayer exception unresolved; no qualification asserted; Treaty eligibility unresolved
wh3_main_ksl_the_ice_court,wh_dlc08_nor_wintertooth,wh3_main_combi_region_zavastra,wh3_main_combi_region_monolith_of_flesh,wh3_main_combi_province_southern_oblast,wh3_main_combi_province_mountains_of_hel,127.993073,primary human army world coordinates,122.346884,462.2790832519531,560.020751953125,420.86102294921875,681.127197265625,wh3_main_combi_region_zavastra,wh3_main_combi_region_monolith_of_flesh,5,0.0,0.0,False,,5,False,False,,kislev <-> norsca,Extended,False,Extended requires shared atlas theater AND (at most six raster borders OR at most 75 world units),land_raster_point,land_raster_point,,convoy_road_combi,Caravan/convoy links are context only; portal nodes lack general traversal eligibility; no shortcut inferred,Static human startup rules; later choices excluded. Maritime land anchors are descriptive; not movement routes. Secondary forces do not set primary distance.,False,The Ice Court,kislev,wh3_main_sc_ksl_kislev,Wintertooth,norsca,wh_dlc08_sc_nor_norsca,Conflict,False,Partial: guide evidence plus analytical prior; generic modifier matrix unmeasured,kislev_0;norsca_0,Opposed surrounding diplomatic ecosystems prior,"Generic numeric aversion, opening treaties, all faction/lord/technology modifiers and multiplayer runtime behavior are not exhaustively exported; classes are analytical, not verified team legality.",,Old supporter-race forced confederation and intra-Kislev war ban are obsolete; ordinary diplomacy applies. Leader-defeat tribal confederation is not an ordinary alliance restriction; human-target applicability is not proven here.,False,Extended requires shared atlas theater AND (at most six raster borders OR at most 75 world units); Diplomatic Conflict: Opposed surrounding diplomatic ecosystems prior
wh3_main_ksl_the_ice_court,wh_main_dwf_dwarfs,wh3_main_combi_region_zavastra,wh3_main_combi_region_karaz_a_karak,wh3_main_combi_province_southern_oblast,wh3_main_combi_province_the_silver_road,145.373637,primary human army world coordinates,148.149365,462.2790832519531,560.020751953125,497.0168151855469,418.8584899902344,wh3_main_combi_region_zavastra,wh3_main_combi_region_karaz_a_karak,6,0.0,0.0,False,,6,False,False,,dwarf_empire <-> kislev,Extended,False,Extended requires shared atlas theater AND (at most six raster borders OR at most 75 world units),land_raster_point,land_raster_point,,ivory_road_combi,Caravan/convoy links are context only; portal nodes lack general traversal eligibility; no shortcut inferred,Static human startup rules; later choices excluded. Maritime land anchors are descriptive; not movement routes. Secondary forces do not set primary distance.,False,The Ice Court,kislev,wh3_main_sc_ksl_kislev,Karaz-a-Karak,dwarfs,wh_main_sc_dwf_dwarfs,Clean,False,Partial: guide evidence plus analytical prior; generic modifier matrix unmeasured,dwarfs_0;dwarfs_1;kislev_0,Compatible Order ecosystem prior,"Generic numeric aversion, opening treaties, all faction/lord/technology modifiers and multiplayer runtime behavior are not exhaustively exported; classes are analytical, not verified team legality.",,Grudge accumulation responds to hostile conduct; positive diplomacy reduces it. Different allied Dwarf owners can enable conditional Deeps trade/diplomacy benefits. Old supporter-race forced confederation and intra-Kislev war ban are obsolete; ordinary diplomacy applies.,False,Extended requires shared atlas theater AND (at most six raster borders OR at most 75 world units)
wh3_main_ksl_the_ice_court,wh_main_emp_empire,wh3_main_combi_region_zavastra,wh3_main_combi_region_altdorf,wh3_main_combi_province_southern_oblast,wh3_main_combi_province_reikland,131.195562,primary human army world coordinates,133.647659,462.2790832519531,560.020751953125,350.717529296875,490.9823913574219,wh3_main_combi_region_zavastra,wh3_main_combi_region_altdorf,4,0.0,0.0,False,,4,False,False,,empire <-> kislev,Extended,False,Extended requires shared atlas theater AND (at most six raster borders OR at most 75 world units),land_raster_point,land_raster_point,,ivory_road_combi,Caravan/convoy links are context only; portal nodes lack general traversal eligibility; no shortcut inferred,Static human startup rules; later choices excluded. Maritime land anchors are descriptive; not movement routes. Secondary forces do not set primary distance.,False,The Ice Court,kislev,wh3_main_sc_ksl_kislev,Reikland,empire,wh_main_sc_emp_empire,Clean,False,Partial: guide evidence plus analytical prior; generic modifier matrix unmeasured,empire_0;kislev_0,Compatible Order ecosystem prior,"Generic numeric aversion, opening treaties, all faction/lord/technology modifiers and multiplayer runtime behavior are not exhaustively exported; classes are analytical, not verified team legality.",,Reikland Elector politics replaces ordinary confederation/NAP paths; does not establish a general military-alliance ban. Old supporter-race forced confederation and intra-Kislev war ban are obsolete; ordinary diplomacy applies.,False,Extended requires shared atlas theater AND (at most six raster borders OR at most 75 world units)
wh3_main_ksl_the_ice_court,wh_main_emp_wissenland,wh3_main_combi_region_zavastra,wh3_main_combi_region_nuln,wh3_main_combi_province_southern_oblast,wh3_main_combi_province_wissenland,134.911864,primary human army world coordinates,135.840907,462.2790832519531,560.020751953125,366.75030517578125,464.7555236816406,wh3_main_combi_region_zavastra,wh3_main_combi_region_nuln,5,0.0,0.0,False,,5,False,False,,empire <-> kislev,Extended,False,Extended requires shared atlas theater AND (at most six raster borders OR at most 75 world units),land_raster_point,land_raster_point,,ivory_road_combi,Caravan/convoy links are context only; portal nodes lack general traversal eligibility; no shortcut inferred,Static human startup rules; later choices excluded. Maritime land anchors are descriptive; not movement routes. Secondary forces do not set primary distance.,False,The Ice Court,kislev,wh3_main_sc_ksl_kislev,Wissenland & Nuln,empire,wh_main_sc_emp_empire,Clean,False,Partial: guide evidence plus analytical prior; generic modifier matrix unmeasured,empire_0;kislev_0,Compatible Order ecosystem prior,"Generic numeric aversion, opening treaties, all faction/lord/technology modifiers and multiplayer runtime behavior are not exhaustively exported; classes are analytical, not verified team legality.",,Reikland Elector politics replaces ordinary confederation/NAP paths; does not establish a general military-alliance ban. Old supporter-race forced confederation and intra-Kislev war ban are obsolete; ordinary diplomacy applies.,False,Extended requires shared atlas theater AND (at most six raster borders OR at most 75 world units)
wh3_main_ksl_the_ice_court,wh_main_grn_crooked_moon,wh3_main_combi_region_zavastra,wh3_main_combi_region_mount_gunbad,wh3_main_combi_province_southern_oblast,wh3_main_combi_province_deadrock_gap,142.967453,primary human army world coordinates,145.923308,462.2790832519531,560.020751953125,535.0947265625,436.98590087890625,wh3_main_combi_region_zavastra,wh3_main_combi_region_mount_gunbad,5,0.0,0.0,False,,5,False,False,,dwarf_empire <-> kislev,Extended,False,Extended requires shared atlas theater AND (at most six raster borders OR at most 75 world units),land_raster_point,land_raster_point,,,Caravan/convoy links are context only; portal nodes lack general traversal eligibility; no shortcut inferred,Static human startup rules; later choices excluded. Maritime land anchors are descriptive; not movement routes. Secondary forces do not set primary distance.,False,The Ice Court,kislev,wh3_main_sc_ksl_kislev,Crooked Moon,greenskins,wh_main_sc_grn_greenskins,Conflict,False,Partial: guide evidence plus analytical prior; generic modifier matrix unmeasured,greenskins_0;kislev_0,Opposed surrounding diplomatic ecosystems prior,"Generic numeric aversion, opening treaties, all faction/lord/technology modifiers and multiplayer runtime behavior are not exhaustively exported; classes are analytical, not verified team legality.",,Leader-defeat confederation requires an AI loser; it cannot consume the human teammate. Old supporter-race forced confederation and intra-Kislev war ban are obsolete; ordinary diplomacy applies.,False,Extended requires shared atlas theater AND (at most six raster borders OR at most 75 world units); Diplomatic Conflict: Opposed surrounding diplomatic ecosystems prior
wh3_main_ksl_the_ice_court,wh_main_vmp_schwartzhafen,wh3_main_combi_region_zavastra,wh3_main_combi_region_castle_drakenhof,wh3_main_combi_province_southern_oblast,wh3_main_combi_province_southern_sylvania,82.082061,primary human army world coordinates,101.80726,462.2790832519531,560.020751953125,479.64794921875,479.7973937988281,wh3_main_combi_region_zavastra,wh3_main_combi_region_castle_drakenhof,4,0.0,0.0,False,,4,False,False,,empire <-> kislev,Regional,True,Within 100 units with neighboring provinces or at most four raster borders,land_raster_point,land_raster_point,,ivory_road_combi,Caravan/convoy links are context only; portal nodes lack general traversal eligibility; no shortcut inferred,Static human startup rules; later choices excluded. Maritime land anchors are descriptive; not movement routes. Secondary forces do not set primary distance.,False,The Ice Court,kislev,wh3_main_sc_ksl_kislev,Sylvania,vampire_counts,wh_main_sc_vmp_vampire_counts,Conflict,False,Partial: guide evidence plus analytical prior; generic modifier matrix unmeasured,kislev_0;vampire_counts_0,Opposed surrounding diplomatic ecosystems prior,"Generic numeric aversion, opening treaties, all faction/lord/technology modifiers and multiplayer runtime behavior are not exhaustively exported; classes are analytical, not verified team legality.",,Old supporter-race forced confederation and intra-Kislev war ban are obsolete; ordinary diplomacy applies. Barrow Legion has +30 WoC/Beastmen/Norsca relations and faction Chaos-attrition immunity.,False,Diplomatic Conflict: Opposed surrounding diplomatic ecosystems prior
wh3_main_ksl_ursun_revivalists,wh_main_chs_chaos,wh3_main_combi_region_the_tower_of_torment,wh3_main_combi_region_the_writhing_fortress,wh3_main_combi_province_bloodfire_falls,wh3_main_combi_province_the_blood_marshes,89.636049,primary human army world coordinates,96.909685,513.7176513671875,667.6280517578125,603.234130859375,672.25634765625,wh3_main_combi_region_the_tower_of_torment,wh3_main_combi_region_the_writhing_fortress,2,0.0,0.0,False,,2,False,True,cai_region_hint_area_chaos_wastes,chaos_wastes,Regional,True,Within 100 units with neighboring provinces or at most four raster borders,land_raster_point,land_raster_point,,,Caravan/convoy links are context only; portal nodes lack general traversal eligibility; no shortcut inferred,Static human startup rules; later choices excluded. Maritime land anchors are descriptive; not movement routes. Secondary forces do not set primary distance.,False,Ursun Revivalists,kislev,wh3_main_sc_ksl_kislev,Warhost of the Apocalypse,warriors_of_chaos,wh_main_sc_chs_chaos,Conflict,False,Partial: guide evidence plus analytical prior; generic modifier matrix unmeasured,kislev_0;warriors_of_chaos_0;warriors_of_chaos_1,Opposed surrounding diplomatic ecosystems prior Partner appears in single-player faction objective(s); not treated as a multiplayer forced-war lock,"Generic numeric aversion, opening treaties, all faction/lord/technology modifiers and multiplayer runtime behavior are not exhaustively exported; classes are analytical, not verified team legality.",wh3_main_ksl_ursun_revivalists:short:001:DESTROY_FACTION;wh_main_chs_chaos:short:001:DESTROY_FACTION,Old supporter-race forced confederation and intra-Kislev war ban are obsolete; ordinary diplomacy applies. Homeland vassalization is faction/settlement-specific and does not guarantee revival. Only Archaon/Be'lakor have the final-settlement forced WoC confederation route; other WoC do not.,False,Diplomatic Conflict: Opposed surrounding diplomatic ecosystems prior Partner appears in single-player faction objective(s); not treated as a multiplayer forced-war lock
wh3_main_ogr_disciples_of_the_maw,wh_dlc05_wef_wood_elves,wh3_main_combi_region_matorca,wh3_main_combi_region_castle_carcassonne,wh3_main_combi_province_eastern_border_princes,wh3_main_combi_province_carcassonne,106.985498,primary human army world coordinates,110.534548,421.529052734375,403.8166198730469,314.64371315612533,399.1883483968683,wh3_main_combi_region_matorca,wh3_main_combi_region_castle_carcassonne,4,0.0,0.0,False,,4,False,False,,border_princes <-> bretonnia,Extended,False,Extended requires shared atlas theater AND (at most six raster borders OR at most 75 world units),land_raster_point,land_raster_point,,,Caravan/convoy links are context only; portal nodes lack general traversal eligibility; no shortcut inferred,Static human startup rules; later choices excluded. Maritime land anchors are descriptive; not movement routes. Secondary forces do not set primary distance.,False,Disciples of the Maw,ogre_kingdoms,wh3_main_sc_ogr_ogre_kingdoms,Talsyn,wood_elves,wh_dlc05_sc_wef_wood_elves,Workable,False,Partial: guide evidence plus analytical prior; generic modifier matrix unmeasured,ogre_kingdoms_0;wood_elves_0;wood_elves_1,Ogre mercenary-neutral ecosystem prior; faction restrictions take precedence,"Generic numeric aversion, opening treaties, all faction/lord/technology modifiers and multiplayer runtime behavior are not exhaustively exported; classes are analytical, not verified team legality.",,Ogre trespass diplomacy immunity is official-source-only in the guide; battle confederation requires an AI loser. Rebirth completion is global and one-time in co-op; Ariel is globally unique. Drycha can confederate only Argwylon; not a general ban on Wood Elf alliances.,False,Extended requires shared atlas theater AND (at most six raster borders OR at most 75 world units)
wh3_main_ogr_disciples_of_the_maw,wh_main_brt_carcassonne,wh3_main_combi_region_matorca,wh3_main_combi_region_castle_carcassonne,wh3_main_combi_province_eastern_border_princes,wh3_main_combi_province_carcassonne,124.314057,primary human army world coordinates,110.534548,421.529052734375,403.8166198730469,297.27484130859375,399.959716796875,wh3_main_combi_region_matorca,wh3_main_combi_region_castle_carcassonne,4,0.0,0.0,False,,4,False,False,,border_princes <-> bretonnia,Extended,False,Extended requires shared atlas theater AND (at most six raster borders OR at most 75 world units),land_raster_point,land_raster_point,,,Caravan/convoy links are context only; portal nodes lack general traversal eligibility; no shortcut inferred,Static human startup rules; later choices excluded. Maritime land anchors are descriptive; not movement routes. Secondary forces do not set primary distance.,False,Disciples of the Maw,ogre_kingdoms,wh3_main_sc_ogr_ogre_kingdoms,Carcassonne,bretonnia,wh_main_sc_brt_bretonnia,Workable,False,Partial: guide evidence plus analytical prior; generic modifier matrix unmeasured,bretonnia_0;ogre_kingdoms_0,Ogre mercenary-neutral ecosystem prior; faction restrictions take precedence,"Generic numeric aversion, opening treaties, all faction/lord/technology modifiers and multiplayer runtime behavior are not exhaustively exported; classes are analytical, not verified team legality.",,Human confederation cooldown exemption is not permission to absorb a human teammate. Ogre trespass diplomacy immunity is official-source-only in the guide; battle confederation requires an AI loser.,False,Extended requires shared atlas theater AND (at most six raster borders OR at most 75 world units)
wh3_main_ogr_disciples_of_the_maw,wh_main_dwf_karak_kadrin,wh3_main_combi_region_matorca,wh3_main_combi_region_karak_kadrin,wh3_main_combi_province_eastern_border_princes,wh3_main_combi_province_peak_pass,128.598287,primary human army world coordinates,133.864289,421.529052734375,403.8166198730469,515.7217407226562,491.3680725097656,wh3_main_combi_region_matorca,wh3_main_combi_region_karak_kadrin,5,0.0,0.0,False,,5,False,False,,border_princes <-> dwarf_empire,Extended,False,Extended requires shared atlas theater AND (at most six raster borders OR at most 75 world units),land_raster_point,land_raster_point,,,Caravan/convoy links are context only; portal nodes lack general traversal eligibility; no shortcut inferred,Static human startup rules; later choices excluded. Maritime land anchors are descriptive; not movement routes. Secondary forces do not set primary distance.,False,Disciples of the Maw,ogre_kingdoms,wh3_main_sc_ogr_ogre_kingdoms,Karak Kadrin,dwarfs,wh_main_sc_dwf_dwarfs,Workable,False,Partial: guide evidence plus analytical prior; generic modifier matrix unmeasured,dwarfs_0;dwarfs_1;ogre_kingdoms_0,Ogre mercenary-neutral ecosystem prior; faction restrictions take precedence,"Generic numeric aversion, opening treaties, all faction/lord/technology modifiers and multiplayer runtime behavior are not exhaustively exported; classes are analytical, not verified team legality.",,Grudge accumulation responds to hostile conduct; positive diplomacy reduces it. Different allied Dwarf owners can enable conditional Deeps trade/diplomacy benefits. Ogre trespass diplomacy immunity is official-source-only in the guide; battle confederation requires an AI loser.,False,Extended requires shared atlas theater AND (at most six raster borders OR at most 75 world units)
wh3_main_ogr_disciples_of_the_maw,wh_main_emp_empire,wh3_main_combi_region_matorca,wh3_main_combi_region_altdorf,wh3_main_combi_province_eastern_border_princes,wh3_main_combi_province_reikland,112.3038,primary human army world coordinates,119.455602,421.529052734375,403.8166198730469,350.717529296875,490.9823913574219,wh3_main_combi_region_matorca,wh3_main_combi_region_altdorf,6,0.0,0.0,False,,6,False,False,,border_princes <-> empire,Extended,False,Extended requires shared atlas theater AND (at most six raster borders OR at most 75 world units),land_raster_point,land_raster_point,,ivory_road_combi,Caravan/convoy links are context only; portal nodes lack general traversal eligibility; no shortcut inferred,Static human startup rules; later choices excluded. Maritime land anchors are descriptive; not movement routes. Secondary forces do not set primary distance.,False,Disciples of the Maw,ogre_kingdoms,wh3_main_sc_ogr_ogre_kingdoms,Reikland,empire,wh_main_sc_emp_empire,Workable,False,Partial: guide evidence plus analytical prior; generic modifier matrix unmeasured,empire_0;ogre_kingdoms_0,Ogre mercenary-neutral ecosystem prior; faction restrictions take precedence,"Generic numeric aversion, opening treaties, all faction/lord/technology modifiers and multiplayer runtime behavior are not exhaustively exported; classes are analytical, not verified team legality.",,Reikland Elector politics replaces ordinary confederation/NAP paths; does not establish a general military-alliance ban. Ogre trespass diplomacy immunity is official-source-only in the guide; battle confederation requires an AI loser.,False,Extended requires shared atlas theater AND (at most six raster borders OR at most 75 world units)
wh3_main_ogr_disciples_of_the_maw,wh_main_grn_crooked_moon,wh3_main_combi_region_matorca,wh3_main_combi_region_mount_gunbad,wh3_main_combi_province_eastern_border_princes,wh3_main_combi_province_deadrock_gap,118.310454,primary human army world coordinates,136.877483,421.529052734375,403.8166198730469,535.0947265625,436.98590087890625,wh3_main_combi_region_matorca,wh3_main_combi_region_mount_gunbad,5,0.0,0.0,False,,5,False,False,,border_princes <-> dwarf_empire,Extended,False,Extended requires shared atlas theater AND (at most six raster borders OR at most 75 world units),land_raster_point,land_raster_point,,,Caravan/convoy links are context only; portal nodes lack general traversal eligibility; no shortcut inferred,Static human startup rules; later choices excluded. Maritime land anchors are descriptive; not movement routes. Secondary forces do not set primary distance.,False,Disciples of the Maw,ogre_kingdoms,wh3_main_sc_ogr_ogre_kingdoms,Crooked Moon,greenskins,wh_main_sc_grn_greenskins,Workable,False,Partial: guide evidence plus analytical prior; generic modifier matrix unmeasured,greenskins_0;ogre_kingdoms_0,Ogre mercenary-neutral ecosystem prior; faction restrictions take precedence,"Generic numeric aversion, opening treaties, all faction/lord/technology modifiers and multiplayer runtime behavior are not exhaustively exported; classes are analytical, not verified team legality.",,Leader-defeat confederation requires an AI loser; it cannot consume the human teammate. Ogre trespass diplomacy immunity is official-source-only in the guide; battle confederation requires an AI loser.,False,Extended requires shared atlas theater AND (at most six raster borders OR at most 75 world units)
wh_dlc03_bst_beastmen,wh_dlc05_wef_argwylon,wh3_main_combi_region_the_black_pit,wh3_main_combi_region_karak_norn,wh3_main_combi_province_the_misty_hills,wh3_main_combi_province_southern_grey_mountains,107.088327,primary human army world coordinates,116.645012,343.369140625,557.7066040039062,350.717529296875,450.8706970214844,wh3_main_combi_region_the_black_pit,wh3_main_combi_region_karak_norn,6,0.0,0.0,False,wh_dlc03_bst_beastmen,6,False,False,,dwarf_empire <-> empire,Extended,False,Extended requires shared atlas theater AND (at most six raster borders OR at most 75 world units),land_raster_point,land_raster_point,,,Caravan/convoy links are context only; portal nodes lack general traversal eligibility; no shortcut inferred,Static human startup rules; later choices excluded. Maritime land anchors are descriptive; not movement routes. Secondary forces do not set primary distance.,False,Warherd of the One-Eye,beastmen,wh_dlc03_sc_bst_beastmen,Argwylon,wood_elves,wh_dlc05_sc_wef_wood_elves,Conflict,True,Partial: guide evidence plus analytical prior; generic modifier matrix unmeasured,beastmen_0;wood_elves_0;wood_elves_1,Opposed surrounding diplomatic ecosystems prior Beastmen permitted-faction membership and multiplayer exception unresolved; no qualification asserted,"Generic numeric aversion, opening treaties, all faction/lord/technology modifiers and multiplayer runtime behavior are not exhaustively exported; classes are analytical, not verified team legality.",,Restricted treaty set; permitted-faction membership and teammate bypass are not enumerated by the guide; positive deals reduce Bestial Rage for five turns. Rebirth completion is global and one-time in co-op; Ariel is globally unique. Drycha can confederate only Argwylon; not a general ban on Wood Elf alliances.,False,Extended requires shared atlas theater AND (at most six raster borders OR at most 75 world units); Diplomatic Conflict: Opposed surrounding diplomatic ecosystems prior Beastmen permitted-faction membership and multiplayer exception unresolved; no qualification asserted; Treaty eligibility unresolved
wh_dlc03_bst_beastmen,wh_main_brt_bretonnia,wh3_main_combi_region_the_black_pit,wh3_main_combi_region_languille,wh3_main_combi_province_the_misty_hills,wh3_main_combi_province_marches_of_couronne,86.803205,primary human army world coordinates,80.181237,344.70521441307994,559.2493769811199,268.5494079589844,517.594970703125,wh3_main_combi_region_the_black_pit,wh3_main_combi_region_languille,4,0.0,0.0,False,,4,False,False,,bretonnia <-> empire,Regional,True,Within 100 units with neighboring provinces or at most four raster borders,land_raster_point,land_raster_point,,,Caravan/convoy links are context only; portal nodes lack general traversal eligibility; no shortcut inferred,Static human startup rules; later choices excluded. Maritime land anchors are descriptive; not movement routes. Secondary forces do not set primary distance.,False,Warherd of the One-Eye,beastmen,wh_dlc03_sc_bst_beastmen,Couronne,bretonnia,wh_main_sc_brt_bretonnia,Conflict,True,Partial: guide evidence plus analytical prior; generic modifier matrix unmeasured,beastmen_0;bretonnia_0,Opposed surrounding diplomatic ecosystems prior Beastmen permitted-faction membership and multiplayer exception unresolved; no qualification asserted Partner appears in single-player faction objective(s); not treated as a multiplayer forced-war lock,"Generic numeric aversion, opening treaties, all faction/lord/technology modifiers and multiplayer runtime behavior are not exhaustively exported; classes are analytical, not verified team legality.",wh_dlc03_bst_beastmen:long:003:DESTROY_FACTION,Restricted treaty set; permitted-faction membership and teammate bypass are not enumerated by the guide; positive deals reduce Bestial Rage for five turns. Human confederation cooldown exemption is not permission to absorb a human teammate.,False,Diplomatic Conflict: Opposed surrounding diplomatic ecosystems prior Beastmen permitted-faction membership and multiplayer exception unresolved; no qualification asserted Partner appears in single-player faction objective(s); not treated as a multiplayer forced-war lock; Treaty eligibility unresolved
wh_dlc03_bst_beastmen,wh_main_emp_empire,wh3_main_combi_region_the_black_pit,wh3_main_combi_region_altdorf,wh3_main_combi_province_the_misty_hills,wh3_main_combi_province_reikland,67.127635,primary human army world coordinates,61.344256,343.369140625,557.7066040039062,350.717529296875,490.9823913574219,wh3_main_combi_region_the_black_pit,wh3_main_combi_region_altdorf,3,0.0,0.0,False,wh_dlc03_bst_beastmen,3,False,False,cai_region_hint_area_empire,empire,Regional,True,Within 100 units with neighboring provinces or at most four raster borders,land_raster_point,land_raster_point,,ivory_road_combi,Caravan/convoy links are context only; portal nodes lack general traversal eligibility; no shortcut inferred,Static human startup rules; later choices excluded. Maritime land anchors are descriptive; not movement routes. Secondary forces do not set primary distance.,False,Warherd of the One-Eye,beastmen,wh_dlc03_sc_bst_beastmen,Reikland,empire,wh_main_sc_emp_empire,Conflict,True,Partial: guide evidence plus analytical prior; generic modifier matrix unmeasured,beastmen_0;empire_0,Opposed surrounding diplomatic ecosystems prior Beastmen permitted-faction membership and multiplayer exception unresolved; no qualification asserted Partner appears in single-player faction objective(s); not treated as a multiplayer forced-war lock,"Generic numeric aversion, opening treaties, all faction/lord/technology modifiers and multiplayer runtime behavior are not exhaustively exported; classes are analytical, not verified team legality.",wh_dlc03_bst_beastmen:long:003:DESTROY_FACTION,Restricted treaty set; permitted-faction membership and teammate bypass are not enumerated by the guide; positive deals reduce Bestial Rage for five turns. Reikland Elector politics replaces ordinary confederation/NAP paths; does not establish a general military-alliance ban.,False,Diplomatic Conflict: Opposed surrounding diplomatic ecosystems prior Beastmen permitted-faction membership and multiplayer exception unresolved; no qualification asserted Partner appears in single-player faction objective(s); not treated as a multiplayer forced-war lock; Treaty eligibility unresolved
wh_dlc03_bst_beastmen,wh_main_emp_wissenland,wh3_main_combi_region_the_black_pit,wh3_main_combi_region_nuln,wh3_main_combi_province_the_misty_hills,wh3_main_combi_province_wissenland,97.031306,primary human army world coordinates,90.309375,344.70521441307994,559.2493769811199,366.75030517578125,464.7555236816406,wh3_main_combi_region_the_black_pit,wh3_main_combi_region_nuln,5,0.0,0.0,False,,5,False,False,cai_region_hint_area_empire,empire,Extended,True,Shared atlas theater and either at most six raster borders or at most 75 world units,land_raster_point,land_raster_point,,ivory_road_combi,Caravan/convoy links are context only; portal nodes lack general traversal eligibility; no shortcut inferred,Static human startup rules; later choices excluded. Maritime land anchors are descriptive; not movement routes. Secondary forces do not set primary distance.,False,Warherd of the One-Eye,beastmen,wh_dlc03_sc_bst_beastmen,Wissenland & Nuln,empire,wh_main_sc_emp_empire,Conflict,True,Partial: guide evidence plus analytical prior; generic modifier matrix unmeasured,beastmen_0;empire_0,Opposed surrounding diplomatic ecosystems prior Beastmen permitted-faction membership and multiplayer exception unresolved; no qualification asserted Partner appears in single-player faction objective(s); not treated as a multiplayer forced-war lock,"Generic numeric aversion, opening treaties, all faction/lord/technology modifiers and multiplayer runtime behavior are not exhaustively exported; classes are analytical, not verified team legality.",wh_dlc03_bst_beastmen:long:003:DESTROY_FACTION,Restricted treaty set; permitted-faction membership and teammate bypass are not enumerated by the guide; positive deals reduce Bestial Rage for five turns. Reikland Elector politics replaces ordinary confederation/NAP paths; does not establish a general military-alliance ban.,False,Diplomatic Conflict: Opposed surrounding diplomatic ecosystems prior Beastmen permitted-faction membership and multiplayer exception unresolved; no qualification asserted Partner appears in single-player faction objective(s); not treated as a multiplayer forced-war lock; Treaty eligibility unresolved
wh_dlc05_bst_morghur_herd,wh_dlc05_wef_argwylon,wh3_main_combi_region_montenas,wh3_main_combi_region_karak_norn,wh3_main_combi_province_irrana_mountains,wh3_main_combi_province_southern_grey_mountains,128.986392,primary human army world coordinates,121.918356,270.5534973144531,349.82012939453125,350.717529296875,450.8706970214844,wh3_main_combi_region_montenas,wh3_main_combi_region_karak_norn,4,0.0,0.0,False,,4,False,False,,border_princes <-> dwarf_empire,Extended,False,Extended requires shared atlas theater AND (at most six raster borders OR at most 75 world units),land_raster_point,land_raster_point,,,Caravan/convoy links are context only; portal nodes lack general traversal eligibility; no shortcut inferred,Static human startup rules; later choices excluded. Maritime land anchors are descriptive; not movement routes. Secondary forces do not set primary distance.,False,Warherd of the Shadowgave,beastmen,wh_dlc03_sc_bst_beastmen,Argwylon,wood_elves,wh_dlc05_sc_wef_wood_elves,Conflict,True,Partial: guide evidence plus analytical prior; generic modifier matrix unmeasured,beastmen_0;wood_elves_0;wood_elves_1,Opposed surrounding diplomatic ecosystems prior Beastmen permitted-faction membership and multiplayer exception unresolved; no qualification asserted,"Generic numeric aversion, opening treaties, all faction/lord/technology modifiers and multiplayer runtime behavior are not exhaustively exported; classes are analytical, not verified team legality.",,Restricted treaty set; permitted-faction membership and teammate bypass are not enumerated by the guide; positive deals reduce Bestial Rage for five turns. Rebirth completion is global and one-time in co-op; Ariel is globally unique. Drycha can confederate only Argwylon; not a general ban on Wood Elf alliances.,False,Extended requires shared atlas theater AND (at most six raster borders OR at most 75 world units); Diplomatic Conflict: Opposed surrounding diplomatic ecosystems prior Beastmen permitted-faction membership and multiplayer exception unresolved; no qualification asserted; Treaty eligibility unresolved
wh_dlc05_bst_morghur_herd,wh_dlc05_wef_wood_elves,wh3_main_combi_region_montenas,wh3_main_combi_region_castle_carcassonne,wh3_main_combi_province_irrana_mountains,wh3_main_combi_province_carcassonne,66.190393,primary human army world coordinates,54.056113,270.5534973144531,349.82012939453125,314.64371315612533,399.1883483968683,wh3_main_combi_region_montenas,wh3_main_combi_region_castle_carcassonne,2,0.0,0.0,False,,2,False,True,,border_princes <-> bretonnia,Regional,True,Within 100 units with neighboring provinces or at most four raster borders,land_raster_point,land_raster_point,,,Caravan/convoy links are context only; portal nodes lack general traversal eligibility; no shortcut inferred,Static human startup rules; later choices excluded. Maritime land anchors are descriptive; not movement routes. Secondary forces do not set primary distance.,False,Warherd of the Shadowgave,beastmen,wh_dlc03_sc_bst_beastmen,Talsyn,wood_elves,wh_dlc05_sc_wef_wood_elves,Conflict,True,Partial: guide evidence plus analytical prior; generic modifier matrix unmeasured,beastmen_0;wood_elves_0;wood_elves_1,Opposed surrounding diplomatic ecosystems prior Beastmen permitted-faction membership and multiplayer exception unresolved; no qualification asserted Partner appears in single-player faction objective(s); not treated as a multiplayer forced-war lock,"Generic numeric aversion, opening treaties, all faction/lord/technology modifiers and multiplayer runtime behavior are not exhaustively exported; classes are analytical, not verified team legality.",wh_dlc05_bst_morghur_herd:short:002:DESTROY_FACTION,Restricted treaty set; permitted-faction membership and teammate bypass are not enumerated by the guide; positive deals reduce Bestial Rage for five turns. Rebirth completion is global and one-time in co-op; Ariel is globally unique. Drycha can confederate only Argwylon; not a general ban on Wood Elf alliances.,False,Diplomatic Conflict: Opposed surrounding diplomatic ecosystems prior Beastmen permitted-faction membership and multiplayer exception unresolved; no qualification asserted Partner appears in single-player faction objective(s); not treated as a multiplayer forced-war lock; Treaty eligibility unresolved
wh_dlc05_bst_morghur_herd,wh_main_brt_carcassonne,wh3_main_combi_region_montenas,wh3_main_combi_region_castle_carcassonne,wh3_main_combi_province_irrana_mountains,wh3_main_combi_province_carcassonne,56.815565,primary human army world coordinates,54.056113,270.5534973144531,349.82012939453125,297.27484130859375,399.959716796875,wh3_main_combi_region_montenas,wh3_main_combi_region_castle_carcassonne,2,0.0,0.0,False,,2,False,True,,border_princes <-> bretonnia,Regional,True,Within 100 units with neighboring provinces or at most four raster borders,land_raster_point,land_raster_point,,,Caravan/convoy links are context only; portal nodes lack general traversal eligibility; no shortcut inferred,Static human startup rules; later choices excluded. Maritime land anchors are descriptive; not movement routes. Secondary forces do not set primary distance.,False,Warherd of the Shadowgave,beastmen,wh_dlc03_sc_bst_beastmen,Carcassonne,bretonnia,wh_main_sc_brt_bretonnia,Conflict,True,Partial: guide evidence plus analytical prior; generic modifier matrix unmeasured,beastmen_0;bretonnia_0,Opposed surrounding diplomatic ecosystems prior Beastmen permitted-faction membership and multiplayer exception unresolved; no qualification asserted Partner appears in single-player faction objective(s); not treated as a multiplayer forced-war lock,"Generic numeric aversion, opening treaties, all faction/lord/technology modifiers and multiplayer runtime behavior are not exhaustively exported; classes are analytical, not verified team legality.",wh_dlc05_bst_morghur_herd:short:002:DESTROY_FACTION,Restricted treaty set; permitted-faction membership and teammate bypass are not enumerated by the guide; positive deals reduce Bestial Rage for five turns. Human confederation cooldown exemption is not permission to absorb a human teammate.,False,Diplomatic Conflict: Opposed surrounding diplomatic ecosystems prior Beastmen permitted-faction membership and multiplayer exception unresolved; no qualification asserted Partner appears in single-player faction objective(s); not treated as a multiplayer forced-war lock; Treaty eligibility unresolved
wh_dlc05_bst_morghur_herd,wh_main_dwf_karak_izor,wh3_main_combi_region_montenas,wh3_main_combi_region_karak_bhufdar,wh3_main_combi_province_irrana_mountains,wh3_main_combi_province_the_vaults,79.496921,primary human army world coordinates,74.580624,270.5534973144531,349.82012939453125,347.3773498535156,370.26165771484375,wh3_main_combi_region_montenas,wh3_main_combi_region_karak_bhufdar,2,0.0,0.0,False,,2,False,False,,border_princes <-> dwarf_empire,Regional,True,Within 100 units with neighboring provinces or at most four raster borders,land_raster_point,land_raster_point,,,Caravan/convoy links are context only; portal nodes lack general traversal eligibility; no shortcut inferred,Static human startup rules; later choices excluded. Maritime land anchors are descriptive; not movement routes. Secondary forces do not set primary distance.,False,Warherd of the Shadowgave,beastmen,wh_dlc03_sc_bst_beastmen,Clan Angrund,dwarfs,wh_main_sc_dwf_dwarfs,Conflict,True,Partial: guide evidence plus analytical prior; generic modifier matrix unmeasured,beastmen_0;dwarfs_0;dwarfs_1,Opposed surrounding diplomatic ecosystems prior Beastmen permitted-faction membership and multiplayer exception unresolved; no qualification asserted,"Generic numeric aversion, opening treaties, all faction/lord/technology modifiers and multiplayer runtime behavior are not exhaustively exported; classes are analytical, not verified team legality.",,Restricted treaty set; permitted-faction membership and teammate bypass are not enumerated by the guide; positive deals reduce Bestial Rage for five turns. Grudge accumulation responds to hostile conduct; positive diplomacy reduces it. Different allied Dwarf owners can enable conditional Deeps trade/diplomacy benefits.,False,Diplomatic Conflict: Opposed surrounding diplomatic ecosystems prior Beastmen permitted-faction membership and multiplayer exception unresolved; no qualification asserted; Treaty eligibility unresolved
wh_dlc05_bst_morghur_herd,wh_main_emp_wissenland,wh3_main_combi_region_montenas,wh3_main_combi_region_nuln,wh3_main_combi_province_irrana_mountains,wh3_main_combi_province_wissenland,149.879854,primary human army world coordinates,148.835706,270.5534973144531,349.82012939453125,366.75030517578125,464.7555236816406,wh3_main_combi_region_montenas,wh3_main_combi_region_nuln,6,0.0,0.0,False,,6,False,False,,border_princes <-> empire,Extended,False,Extended requires shared atlas theater AND (at most six raster borders OR at most 75 world units),land_raster_point,land_raster_point,,ivory_road_combi,Caravan/convoy links are context only; portal nodes lack general traversal eligibility; no shortcut inferred,Static human startup rules; later choices excluded. Maritime land anchors are descriptive; not movement routes. Secondary forces do not set primary distance.,False,Warherd of the Shadowgave,beastmen,wh_dlc03_sc_bst_beastmen,Wissenland & Nuln,empire,wh_main_sc_emp_empire,Conflict,True,Partial: guide evidence plus analytical prior; generic modifier matrix unmeasured,beastmen_0;empire_0,Opposed surrounding diplomatic ecosystems prior Beastmen permitted-faction membership and multiplayer exception unresolved; no qualification asserted Partner appears in single-player faction objective(s); not treated as a multiplayer forced-war lock,"Generic numeric aversion, opening treaties, all faction/lord/technology modifiers and multiplayer runtime behavior are not exhaustively exported; classes are analytical, not verified team legality.",wh_dlc05_bst_morghur_herd:long:003:DESTROY_FACTION,Restricted treaty set; permitted-faction membership and teammate bypass are not enumerated by the guide; positive deals reduce Bestial Rage for five turns. Reikland Elector politics replaces ordinary confederation/NAP paths; does not establish a general military-alliance ban.,False,Extended requires shared atlas theater AND (at most six raster borders OR at most 75 world units); Diplomatic Conflict: Opposed surrounding diplomatic ecosystems prior Beastmen permitted-faction membership and multiplayer exception unresolved; no qualification asserted Partner appears in single-player faction objective(s); not treated as a multiplayer forced-war lock; Treaty eligibility unresolved
wh_dlc05_wef_argwylon,wh_main_brt_bretonnia,wh3_main_combi_region_karak_norn,wh3_main_combi_region_languille,wh3_main_combi_province_southern_grey_mountains,wh3_main_combi_province_marches_of_couronne,105.847668,primary human army world coordinates,123.34028,350.717529296875,450.8706970214844,268.5494079589844,517.594970703125,wh3_main_combi_region_karak_norn,wh3_main_combi_region_languille,5,0.0,0.0,False,,5,False,False,,bretonnia <-> dwarf_empire,Extended,False,Extended requires shared atlas theater AND (at most six raster borders OR at most 75 world units),land_raster_point,land_raster_point,,,Caravan/convoy links are context only; portal nodes lack general traversal eligibility; no shortcut inferred,Static human startup rules; later choices excluded. Maritime land anchors are descriptive; not movement routes. Secondary forces do not set primary distance.,False,Argwylon,wood_elves,wh_dlc05_sc_wef_wood_elves,Couronne,bretonnia,wh_main_sc_brt_bretonnia,Workable,False,Partial: guide evidence plus analytical prior; generic modifier matrix unmeasured,bretonnia_0;wood_elves_0;wood_elves_1,Order-adjacent but distinct territorial/diplomatic ecosystem prior,"Generic numeric aversion, opening treaties, all faction/lord/technology modifiers and multiplayer runtime behavior are not exhaustively exported; classes are analytical, not verified team legality.",,Human confederation cooldown exemption is not permission to absorb a human teammate. Rebirth completion is global and one-time in co-op; Ariel is globally unique. Drycha can confederate only Argwylon; not a general ban on Wood Elf alliances.,False,Extended requires shared atlas theater AND (at most six raster borders OR at most 75 world units)
wh_dlc05_wef_argwylon,wh_main_vmp_schwartzhafen,wh3_main_combi_region_karak_norn,wh3_main_combi_region_castle_drakenhof,wh3_main_combi_province_southern_grey_mountains,wh3_main_combi_province_southern_sylvania,132.135563,primary human army world coordinates,118.837463,350.717529296875,450.8706970214844,479.64794921875,479.7973937988281,wh3_main_combi_region_karak_norn,wh3_main_combi_region_castle_drakenhof,5,0.0,0.0,False,,5,False,False,,dwarf_empire <-> empire,Extended,False,Extended requires shared atlas theater AND (at most six raster borders OR at most 75 world units),land_raster_point,land_raster_point,,ivory_road_combi,Caravan/convoy links are context only; portal nodes lack general traversal eligibility; no shortcut inferred,Static human startup rules; later choices excluded. Maritime land anchors are descriptive; not movement routes. Secondary forces do not set primary distance.,False,Argwylon,wood_elves,wh_dlc05_sc_wef_wood_elves,Sylvania,vampire_counts,wh_main_sc_vmp_vampire_counts,Conflict,False,Partial: guide evidence plus analytical prior; generic modifier matrix unmeasured,vampire_counts_0;wood_elves_0;wood_elves_1,Opposed surrounding diplomatic ecosystems prior,"Generic numeric aversion, opening treaties, all faction/lord/technology modifiers and multiplayer runtime behavior are not exhaustively exported; classes are analytical, not verified team legality.",,Barrow Legion has +30 WoC/Beastmen/Norsca relations and faction Chaos-attrition immunity. Rebirth completion is global and one-time in co-op; Ariel is globally unique. Drycha can confederate only Argwylon; not a general ban on Wood Elf alliances.,False,Extended requires shared atlas theater AND (at most six raster borders OR at most 75 world units); Diplomatic Conflict: Opposed surrounding diplomatic ecosystems prior
wh_dlc05_wef_wood_elves,wh_main_emp_empire,wh3_main_combi_region_castle_carcassonne,wh3_main_combi_region_altdorf,wh3_main_combi_province_carcassonne,wh3_main_combi_province_reikland,98.62792,primary human army world coordinates,105.322546,314.64371315612533,399.1883483968683,350.717529296875,490.9823913574219,wh3_main_combi_region_castle_carcassonne,wh3_main_combi_region_altdorf,5,0.0,0.0,False,,5,False,False,,bretonnia <-> empire,Extended,False,Extended requires shared atlas theater AND (at most six raster borders OR at most 75 world units),land_raster_point,land_raster_point,,ivory_road_combi,Caravan/convoy links are context only; portal nodes lack general traversal eligibility; no shortcut inferred,Static human startup rules; later choices excluded. Maritime land anchors are descriptive; not movement routes. Secondary forces do not set primary distance.,False,Talsyn,wood_elves,wh_dlc05_sc_wef_wood_elves,Reikland,empire,wh_main_sc_emp_empire,Workable,False,Partial: guide evidence plus analytical prior; generic modifier matrix unmeasured,empire_0;wood_elves_0;wood_elves_1,Order-adjacent but distinct territorial/diplomatic ecosystem prior,"Generic numeric aversion, opening treaties, all faction/lord/technology modifiers and multiplayer runtime behavior are not exhaustively exported; classes are analytical, not verified team legality.",,Reikland Elector politics replaces ordinary confederation/NAP paths; does not establish a general military-alliance ban. Rebirth completion is global and one-time in co-op; Ariel is globally unique. Drycha can confederate only Argwylon; not a general ban on Wood Elf alliances.,False,Extended requires shared atlas theater AND (at most six raster borders OR at most 75 world units)
wh_dlc05_wef_wood_elves,wh_main_emp_wissenland,wh3_main_combi_region_castle_carcassonne,wh3_main_combi_region_nuln,wh3_main_combi_province_carcassonne,wh3_main_combi_province_wissenland,83.750531,primary human army world coordinates,94.833149,314.64371315612533,399.1883483968683,366.75030517578125,464.7555236816406,wh3_main_combi_region_castle_carcassonne,wh3_main_combi_region_nuln,5,0.0,0.0,False,,5,False,False,,bretonnia <-> empire,Extended,False,Extended requires shared atlas theater AND (at most six raster borders OR at most 75 world units),land_raster_point,land_raster_point,,ivory_road_combi,Caravan/convoy links are context only; portal nodes lack general traversal eligibility; no shortcut inferred,Static human startup rules; later choices excluded. Maritime land anchors are descriptive; not movement routes. Secondary forces do not set primary distance.,False,Talsyn,wood_elves,wh_dlc05_sc_wef_wood_elves,Wissenland & Nuln,empire,wh_main_sc_emp_empire,Workable,False,Partial: guide evidence plus analytical prior; generic modifier matrix unmeasured,empire_0;wood_elves_0;wood_elves_1,Order-adjacent but distinct territorial/diplomatic ecosystem prior,"Generic numeric aversion, opening treaties, all faction/lord/technology modifiers and multiplayer runtime behavior are not exhaustively exported; classes are analytical, not verified team legality.",,Reikland Elector politics replaces ordinary confederation/NAP paths; does not establish a general military-alliance ban. Rebirth completion is global and one-time in co-op; Ariel is globally unique. Drycha can confederate only Argwylon; not a general ban on Wood Elf alliances.,False,Extended requires shared atlas theater AND (at most six raster borders OR at most 75 world units)
wh_dlc08_nor_norsca,wh_main_brt_bordeleaux,,wh3_main_combi_region_temple_of_tlencan,,wh3_main_combi_province_scorpion_coast,119.099924,primary human army world coordinates,,102.2091064453125,364.476318359375,140.9550323486328,251.85507202148438,wh3_main_combi_region_monument_of_the_moon,wh3_main_combi_region_temple_of_tlencan,,11.270968380829387,0.0,True,,,False,False,cai_region_hint_area_lustria,lustria,Extended,False,"Extended requires shared atlas theater AND (at most six raster borders OR at most 75 world units); topology/theaters use descriptive coastal anchors, not a verified sea route",maritime_point_no_distinct_region,land_raster_point,,,Caravan/convoy links are context only; portal nodes lack general traversal eligibility; no shortcut inferred,Static human startup rules; later choices excluded. Maritime land anchors are descriptive; not movement routes. Secondary forces do not set primary distance.,True,World Walkers,norsca,wh_dlc08_sc_nor_norsca,Bordeleaux Errant,bretonnia,wh_main_sc_brt_bretonnia,Conflict,False,Partial: guide evidence plus analytical prior; generic modifier matrix unmeasured,bretonnia_0;norsca_0,Opposed surrounding diplomatic ecosystems prior,"Generic numeric aversion, opening treaties, all faction/lord/technology modifiers and multiplayer runtime behavior are not exhaustively exported; classes are analytical, not verified team legality.",,Human confederation cooldown exemption is not permission to absorb a human teammate. Leader-defeat tribal confederation is not an ordinary alliance restriction; human-target applicability is not proven here.,False,"Extended requires shared atlas theater AND (at most six raster borders OR at most 75 world units); topology/theaters use descriptive coastal anchors, not a verified sea route; Diplomatic Conflict: Opposed surrounding diplomatic ecosystems prior"
wh_main_brt_bretonnia,wh_main_emp_wissenland,wh3_main_combi_region_languille,wh3_main_combi_region_nuln,wh3_main_combi_province_marches_of_couronne,wh3_main_combi_province_wissenland,111.514229,primary human army world coordinates,114.371748,268.5494079589844,517.594970703125,366.75030517578125,464.7555236816406,wh3_main_combi_region_languille,wh3_main_combi_region_nuln,6,0.0,0.0,False,,6,False,False,,bretonnia <-> empire,Extended,False,Extended requires shared atlas theater AND (at most six raster borders OR at most 75 world units),land_raster_point,land_raster_point,,ivory_road_combi,Caravan/convoy links are context only; portal nodes lack general traversal eligibility; no shortcut inferred,Static human startup rules; later choices excluded. Maritime land anchors are descriptive; not movement routes. Secondary forces do not set primary distance.,False,Couronne,bretonnia,wh_main_sc_brt_bretonnia,Wissenland & Nuln,empire,wh_main_sc_emp_empire,Clean,False,Partial: guide evidence plus analytical prior; generic modifier matrix unmeasured,bretonnia_0;empire_0,Compatible Order ecosystem prior,"Generic numeric aversion, opening treaties, all faction/lord/technology modifiers and multiplayer runtime behavior are not exhaustively exported; classes are analytical, not verified team legality.",,Human confederation cooldown exemption is not permission to absorb a human teammate. Reikland Elector politics replaces ordinary confederation/NAP paths; does not establish a general military-alliance ban.,False,Extended requires shared atlas theater AND (at most six raster borders OR at most 75 world units)
wh_main_brt_carcassonne,wh_main_emp_empire,wh3_main_combi_region_castle_carcassonne,wh3_main_combi_region_altdorf,wh3_main_combi_province_carcassonne,wh3_main_combi_province_reikland,105.552111,primary human army world coordinates,105.322546,297.27484130859375,399.959716796875,350.717529296875,490.9823913574219,wh3_main_combi_region_castle_carcassonne,wh3_main_combi_region_altdorf,5,0.0,0.0,False,,5,False,False,,bretonnia <-> empire,Extended,False,Extended requires shared atlas theater AND (at most six raster borders OR at most 75 world units),land_raster_point,land_raster_point,,ivory_road_combi,Caravan/convoy links are context only; portal nodes lack general traversal eligibility; no shortcut inferred,Static human startup rules; later choices excluded. Maritime land anchors are descriptive; not movement routes. Secondary forces do not set primary distance.,False,Carcassonne,bretonnia,wh_main_sc_brt_bretonnia,Reikland,empire,wh_main_sc_emp_empire,Clean,False,Partial: guide evidence plus analytical prior; generic modifier matrix unmeasured,bretonnia_0;empire_0,Compatible Order ecosystem prior,"Generic numeric aversion, opening treaties, all faction/lord/technology modifiers and multiplayer runtime behavior are not exhaustively exported; classes are analytical, not verified team legality.",,Human confederation cooldown exemption is not permission to absorb a human teammate. Reikland Elector politics replaces ordinary confederation/NAP paths; does not establish a general military-alliance ban.,False,Extended requires shared atlas theater AND (at most six raster borders OR at most 75 world units)
wh_main_brt_carcassonne,wh_main_emp_wissenland,wh3_main_combi_region_castle_carcassonne,wh3_main_combi_region_nuln,wh3_main_combi_province_carcassonne,wh3_main_combi_province_wissenland,95.001772,primary human army world coordinates,94.833149,297.27484130859375,399.959716796875,366.75030517578125,464.7555236816406,wh3_main_combi_region_castle_carcassonne,wh3_main_combi_region_nuln,5,0.0,0.0,False,,5,False,False,,bretonnia <-> empire,Extended,False,Extended requires shared atlas theater AND (at most six raster borders OR at most 75 world units),land_raster_point,land_raster_point,,ivory_road_combi,Caravan/convoy links are context only; portal nodes lack general traversal eligibility; no shortcut inferred,Static human startup rules; later choices excluded. Maritime land anchors are descriptive; not movement routes. Secondary forces do not set primary distance.,False,Carcassonne,bretonnia,wh_main_sc_brt_bretonnia,Wissenland & Nuln,empire,wh_main_sc_emp_empire,Clean,False,Partial: guide evidence plus analytical prior; generic modifier matrix unmeasured,bretonnia_0;empire_0,Compatible Order ecosystem prior,"Generic numeric aversion, opening treaties, all faction/lord/technology modifiers and multiplayer runtime behavior are not exhaustively exported; classes are analytical, not verified team legality.",,Human confederation cooldown exemption is not permission to absorb a human teammate. Reikland Elector politics replaces ordinary confederation/NAP paths; does not establish a general military-alliance ban.,False,Extended requires shared atlas theater AND (at most six raster borders OR at most 75 world units)
wh_main_dwf_dwarfs,wh_main_emp_wissenland,wh3_main_combi_region_karaz_a_karak,wh3_main_combi_region_nuln,wh3_main_combi_province_the_silver_road,wh3_main_combi_province_wissenland,138.115536,primary human army world coordinates,130.372929,497.0168151855469,418.8584899902344,366.75030517578125,464.7555236816406,wh3_main_combi_region_karaz_a_karak,wh3_main_combi_region_nuln,4,0.0,0.0,False,,4,False,False,,dwarf_empire <-> empire,Extended,False,Extended requires shared atlas theater AND (at most six raster borders OR at most 75 world units),land_raster_point,land_raster_point,ivory_road_combi,ivory_road_combi,Caravan/convoy links are context only; portal nodes lack general traversal eligibility; no shortcut inferred,Static human startup rules; later choices excluded. Maritime land anchors are descriptive; not movement routes. Secondary forces do not set primary distance.,False,Karaz-a-Karak,dwarfs,wh_main_sc_dwf_dwarfs,Wissenland & Nuln,empire,wh_main_sc_emp_empire,Clean,False,Partial: guide evidence plus analytical prior; generic modifier matrix unmeasured,dwarfs_0;dwarfs_1;empire_0,Compatible Order ecosystem prior,"Generic numeric aversion, opening treaties, all faction/lord/technology modifiers and multiplayer runtime behavior are not exhaustively exported; classes are analytical, not verified team legality.",,Grudge accumulation responds to hostile conduct; positive diplomacy reduces it. Different allied Dwarf owners can enable conditional Deeps trade/diplomacy benefits. Reikland Elector politics replaces ordinary confederation/NAP paths; does not establish a general military-alliance ban.,False,Extended requires shared atlas theater AND (at most six raster borders OR at most 75 world units)
wh_main_dwf_dwarfs,wh_main_grn_crooked_moon,wh3_main_combi_region_karaz_a_karak,wh3_main_combi_region_mount_gunbad,wh3_main_combi_province_the_silver_road,wh3_main_combi_province_deadrock_gap,42.172626,primary human army world coordinates,55.468012,497.0168151855469,418.8584899902344,535.0947265625,436.98590087890625,wh3_main_combi_region_karaz_a_karak,wh3_main_combi_region_mount_gunbad,2,0.0,0.0,False,,2,False,True,cai_region_hint_area_dwarf_empire,dwarf_empire,Regional,True,Within 100 units with neighboring provinces or at most four raster borders,land_raster_point,land_raster_point,ivory_road_combi,,Caravan/convoy links are context only; portal nodes lack general traversal eligibility; no shortcut inferred,Static human startup rules; later choices excluded. Maritime land anchors are descriptive; not movement routes. Secondary forces do not set primary distance.,False,Karaz-a-Karak,dwarfs,wh_main_sc_dwf_dwarfs,Crooked Moon,greenskins,wh_main_sc_grn_greenskins,Conflict,False,Partial: guide evidence plus analytical prior; generic modifier matrix unmeasured,dwarfs_0;dwarfs_1;greenskins_0,Opposed surrounding diplomatic ecosystems prior Partner appears in single-player faction objective(s); not treated as a multiplayer forced-war lock,"Generic numeric aversion, opening treaties, all faction/lord/technology modifiers and multiplayer runtime behavior are not exhaustively exported; classes are analytical, not verified team legality.",wh_main_dwf_dwarfs:short:002:DESTROY_FACTION,Grudge accumulation responds to hostile conduct; positive diplomacy reduces it. Different allied Dwarf owners can enable conditional Deeps trade/diplomacy benefits. Leader-defeat confederation requires an AI loser; it cannot consume the human teammate.,False,Diplomatic Conflict: Opposed surrounding diplomatic ecosystems prior Partner appears in single-player faction objective(s); not treated as a multiplayer forced-war lock
wh_main_dwf_dwarfs,wh_main_vmp_schwartzhafen,wh3_main_combi_region_karaz_a_karak,wh3_main_combi_region_castle_drakenhof,wh3_main_combi_province_the_silver_road,wh3_main_combi_province_southern_sylvania,63.365823,primary human army world coordinates,47.054304,497.0168151855469,418.8584899902344,479.64794921875,479.7973937988281,wh3_main_combi_region_karaz_a_karak,wh3_main_combi_region_castle_drakenhof,3,0.0,0.0,False,,3,False,False,,dwarf_empire <-> empire,Regional,True,Within 100 units with neighboring provinces or at most four raster borders,land_raster_point,land_raster_point,ivory_road_combi,ivory_road_combi,Caravan/convoy links are context only; portal nodes lack general traversal eligibility; no shortcut inferred,Static human startup rules; later choices excluded. Maritime land anchors are descriptive; not movement routes. Secondary forces do not set primary distance.,False,Karaz-a-Karak,dwarfs,wh_main_sc_dwf_dwarfs,Sylvania,vampire_counts,wh_main_sc_vmp_vampire_counts,Conflict,False,Partial: guide evidence plus analytical prior; generic modifier matrix unmeasured,dwarfs_0;dwarfs_1;vampire_counts_0,Opposed surrounding diplomatic ecosystems prior,"Generic numeric aversion, opening treaties, all faction/lord/technology modifiers and multiplayer runtime behavior are not exhaustively exported; classes are analytical, not verified team legality.",,Grudge accumulation responds to hostile conduct; positive diplomacy reduces it. Different allied Dwarf owners can enable conditional Deeps trade/diplomacy benefits. Barrow Legion has +30 WoC/Beastmen/Norsca relations and faction Chaos-attrition immunity.,False,Diplomatic Conflict: Opposed surrounding diplomatic ecosystems prior
wh_main_dwf_karak_izor,wh_main_emp_empire,wh3_main_combi_region_karak_bhufdar,wh3_main_combi_region_altdorf,wh3_main_combi_province_the_vaults,wh3_main_combi_province_reikland,120.766934,primary human army world coordinates,108.816827,347.3773498535156,370.26165771484375,350.717529296875,490.9823913574219,wh3_main_combi_region_karak_bhufdar,wh3_main_combi_region_altdorf,5,0.0,0.0,False,,5,False,False,,dwarf_empire <-> empire,Extended,False,Extended requires shared atlas theater AND (at most six raster borders OR at most 75 world units),land_raster_point,land_raster_point,,ivory_road_combi,Caravan/convoy links are context only; portal nodes lack general traversal eligibility; no shortcut inferred,Static human startup rules; later choices excluded. Maritime land anchors are descriptive; not movement routes. Secondary forces do not set primary distance.,False,Clan Angrund,dwarfs,wh_main_sc_dwf_dwarfs,Reikland,empire,wh_main_sc_emp_empire,Clean,False,Partial: guide evidence plus analytical prior; generic modifier matrix unmeasured,dwarfs_0;dwarfs_1;empire_0,Compatible Order ecosystem prior,"Generic numeric aversion, opening treaties, all faction/lord/technology modifiers and multiplayer runtime behavior are not exhaustively exported; classes are analytical, not verified team legality.",,Grudge accumulation responds to hostile conduct; positive diplomacy reduces it. Different allied Dwarf owners can enable conditional Deeps trade/diplomacy benefits. Reikland Elector politics replaces ordinary confederation/NAP paths; does not establish a general military-alliance ban.,False,Extended requires shared atlas theater AND (at most six raster borders OR at most 75 world units)
wh_main_dwf_karak_kadrin,wh_main_grn_crooked_moon,wh3_main_combi_region_karak_kadrin,wh3_main_combi_region_mount_gunbad,wh3_main_combi_province_peak_pass,wh3_main_combi_province_deadrock_gap,57.729829,primary human army world coordinates,59.136401,515.7217407226562,491.3680725097656,535.0947265625,436.98590087890625,wh3_main_combi_region_karak_kadrin,wh3_main_combi_region_mount_gunbad,2,0.0,0.0,False,,2,False,False,cai_region_hint_area_dwarf_empire,dwarf_empire,Regional,True,Within 100 units with neighboring provinces or at most four raster borders,land_raster_point,land_raster_point,,,Caravan/convoy links are context only; portal nodes lack general traversal eligibility; no shortcut inferred,Static human startup rules; later choices excluded. Maritime land anchors are descriptive; not movement routes. Secondary forces do not set primary distance.,False,Karak Kadrin,dwarfs,wh_main_sc_dwf_dwarfs,Crooked Moon,greenskins,wh_main_sc_grn_greenskins,Conflict,False,Partial: guide evidence plus analytical prior; generic modifier matrix unmeasured,dwarfs_0;dwarfs_1;greenskins_0,Opposed surrounding diplomatic ecosystems prior,"Generic numeric aversion, opening treaties, all faction/lord/technology modifiers and multiplayer runtime behavior are not exhaustively exported; classes are analytical, not verified team legality.",,Grudge accumulation responds to hostile conduct; positive diplomacy reduces it. Different allied Dwarf owners can enable conditional Deeps trade/diplomacy benefits. Leader-defeat confederation requires an AI loser; it cannot consume the human teammate.,False,Diplomatic Conflict: Opposed surrounding diplomatic ecosystems prior
wh_main_dwf_karak_kadrin,wh_main_grn_greenskins,wh3_main_combi_region_karak_kadrin,wh3_main_combi_region_eagle_eyries,wh3_main_combi_province_peak_pass,wh3_main_combi_province_gash_kadrak,138.777414,primary human army world coordinates,136.344061,515.7217407226562,491.3680725097656,650.6644897460938,523.7659912109375,wh3_main_combi_region_karak_kadrin,wh3_main_combi_region_eagle_eyries,4,0.0,0.0,False,,4,False,False,,dwarf_empire <-> mountains_of_mourn,Extended,False,Extended requires shared atlas theater AND (at most six raster borders OR at most 75 world units),land_raster_point,land_raster_point,,,Caravan/convoy links are context only; portal nodes lack general traversal eligibility; no shortcut inferred,Static human startup rules; later choices excluded. Maritime land anchors are descriptive; not movement routes. Secondary forces do not set primary distance.,False,Karak Kadrin,dwarfs,wh_main_sc_dwf_dwarfs,Grimgor's 'Ardboyz,greenskins,wh_main_sc_grn_greenskins,Conflict,False,Partial: guide evidence plus analytical prior; generic modifier matrix unmeasured,dwarfs_0;dwarfs_1;greenskins_0,Opposed surrounding diplomatic ecosystems prior,"Generic numeric aversion, opening treaties, all faction/lord/technology modifiers and multiplayer runtime behavior are not exhaustively exported; classes are analytical, not verified team legality.",,Grudge accumulation responds to hostile conduct; positive diplomacy reduces it. Different allied Dwarf owners can enable conditional Deeps trade/diplomacy benefits. Leader-defeat confederation requires an AI loser; it cannot consume the human teammate.,False,Extended requires shared atlas theater AND (at most six raster borders OR at most 75 world units); Diplomatic Conflict: Opposed surrounding diplomatic ecosystems prior
wh_main_dwf_karak_kadrin,wh_main_vmp_schwartzhafen,wh3_main_combi_region_karak_kadrin,wh3_main_combi_region_castle_drakenhof,wh3_main_combi_province_peak_pass,wh3_main_combi_province_southern_sylvania,37.884021,primary human army world coordinates,39.183364,515.7217407226562,491.3680725097656,479.64794921875,479.7973937988281,wh3_main_combi_region_karak_kadrin,wh3_main_combi_region_castle_drakenhof,2,0.0,0.0,False,,2,False,False,,dwarf_empire <-> empire,Regional,True,Within 100 units with neighboring provinces or at most four raster borders,land_raster_point,land_raster_point,,ivory_road_combi,Caravan/convoy links are context only; portal nodes lack general traversal eligibility; no shortcut inferred,Static human startup rules; later choices excluded. Maritime land anchors are descriptive; not movement routes. Secondary forces do not set primary distance.,False,Karak Kadrin,dwarfs,wh_main_sc_dwf_dwarfs,Sylvania,vampire_counts,wh_main_sc_vmp_vampire_counts,Conflict,False,Partial: guide evidence plus analytical prior; generic modifier matrix unmeasured,dwarfs_0;dwarfs_1;vampire_counts_0,Opposed surrounding diplomatic ecosystems prior,"Generic numeric aversion, opening treaties, all faction/lord/technology modifiers and multiplayer runtime behavior are not exhaustively exported; classes are analytical, not verified team legality.",,Grudge accumulation responds to hostile conduct; positive diplomacy reduces it. Different allied Dwarf owners can enable conditional Deeps trade/diplomacy benefits. Barrow Legion has +30 WoC/Beastmen/Norsca relations and faction Chaos-attrition immunity.,False,Diplomatic Conflict: Opposed surrounding diplomatic ecosystems prior
wh_main_emp_empire,wh_main_vmp_schwartzhafen,wh3_main_combi_region_altdorf,wh3_main_combi_region_castle_drakenhof,wh3_main_combi_province_reikland,wh3_main_combi_province_southern_sylvania,129.414672,primary human army world coordinates,127.512537,350.717529296875,490.9823913574219,479.64794921875,479.7973937988281,wh3_main_combi_region_altdorf,wh3_main_combi_region_castle_drakenhof,4,0.0,0.0,False,,4,False,False,cai_region_hint_area_empire,empire,Extended,True,Shared atlas theater and either at most six raster borders or at most 75 world units,land_raster_point,land_raster_point,ivory_road_combi,ivory_road_combi,Caravan/convoy links are context only; portal nodes lack general traversal eligibility; no shortcut inferred,Static human startup rules; later choices excluded. Maritime land anchors are descriptive; not movement routes. Secondary forces do not set primary distance.,False,Reikland,empire,wh_main_sc_emp_empire,Sylvania,vampire_counts,wh_main_sc_vmp_vampire_counts,Conflict,False,Partial: guide evidence plus analytical prior; generic modifier matrix unmeasured,empire_0;vampire_counts_0,Opposed surrounding diplomatic ecosystems prior Partner appears in single-player faction objective(s); not treated as a multiplayer forced-war lock,"Generic numeric aversion, opening treaties, all faction/lord/technology modifiers and multiplayer runtime behavior are not exhaustively exported; classes are analytical, not verified team legality.",wh_main_emp_empire:short:001:DESTROY_FACTION;wh_main_vmp_schwartzhafen:long:004:DESTROY_FACTION,Reikland Elector politics replaces ordinary confederation/NAP paths; does not establish a general military-alliance ban. Barrow Legion has +30 WoC/Beastmen/Norsca relations and faction Chaos-attrition immunity.,False,Diplomatic Conflict: Opposed surrounding diplomatic ecosystems prior Partner appears in single-player faction objective(s); not treated as a multiplayer forced-war lock
wh_main_emp_wissenland,wh_main_vmp_schwartzhafen,wh3_main_combi_region_nuln,wh3_main_combi_region_castle_drakenhof,wh3_main_combi_province_wissenland,wh3_main_combi_province_southern_sylvania,113.895285,primary human army world coordinates,106.190345,366.75030517578125,464.7555236816406,479.64794921875,479.7973937988281,wh3_main_combi_region_nuln,wh3_main_combi_region_castle_drakenhof,4,0.0,0.0,False,,4,False,False,cai_region_hint_area_empire,empire,Extended,True,Shared atlas theater and either at most six raster borders or at most 75 world units,land_raster_point,land_raster_point,ivory_road_combi,ivory_road_combi,Caravan/convoy links are context only; portal nodes lack general traversal eligibility; no shortcut inferred,Static human startup rules; later choices excluded. Maritime land anchors are descriptive; not movement routes. Secondary forces do not set primary distance.,False,Wissenland & Nuln,empire,wh_main_sc_emp_empire,Sylvania,vampire_counts,wh_main_sc_vmp_vampire_counts,Conflict,False,Partial: guide evidence plus analytical prior; generic modifier matrix unmeasured,empire_0;vampire_counts_0,Opposed surrounding diplomatic ecosystems prior Partner appears in single-player faction objective(s); not treated as a multiplayer forced-war lock,"Generic numeric aversion, opening treaties, all faction/lord/technology modifiers and multiplayer runtime behavior are not exhaustively exported; classes are analytical, not verified team legality.",wh_main_emp_wissenland:short:002:DESTROY_FACTION,Reikland Elector politics replaces ordinary confederation/NAP paths; does not establish a general military-alliance ban. Barrow Legion has +30 WoC/Beastmen/Norsca relations and faction Chaos-attrition immunity.,False,Diplomatic Conflict: Opposed surrounding diplomatic ecosystems prior Partner appears in single-player faction objective(s); not treated as a multiplayer forced-war lock
wh_main_grn_crooked_moon,wh_main_grn_greenskins,wh3_main_combi_region_mount_gunbad,wh3_main_combi_region_eagle_eyries,wh3_main_combi_province_deadrock_gap,wh3_main_combi_province_gash_kadrak,144.523888,primary human army world coordinates,117.986553,535.0947265625,436.98590087890625,650.6644897460938,523.7659912109375,wh3_main_combi_region_mount_gunbad,wh3_main_combi_region_eagle_eyries,4,0.0,0.0,False,,4,False,False,,dwarf_empire <-> mountains_of_mourn,Extended,False,Extended requires shared atlas theater AND (at most six raster borders OR at most 75 world units),land_raster_point,land_raster_point,,,Caravan/convoy links are context only; portal nodes lack general traversal eligibility; no shortcut inferred,Static human startup rules; later choices excluded. Maritime land anchors are descriptive; not movement routes. Secondary forces do not set primary distance.,False,Crooked Moon,greenskins,wh_main_sc_grn_greenskins,Grimgor's 'Ardboyz,greenskins,wh_main_sc_grn_greenskins,Clean,False,Partial: guide evidence plus analytical prior; generic modifier matrix unmeasured,greenskins_0,Same-race ecosystem prior,"Generic numeric aversion, opening treaties, all faction/lord/technology modifiers and multiplayer runtime behavior are not exhaustively exported; classes are analytical, not verified team legality.",,Leader-defeat confederation requires an AI loser; it cannot consume the human teammate.,False,Extended requires shared atlas theater AND (at most six raster borders OR at most 75 world units)
