faction_a_key,faction_b_key,start_region_a,start_region_b,province_a,province_b,geographic_distance,distance_basis,centroid_distance,world_x_a,world_y_a,world_x_b,world_y_b,land_anchor_a,land_anchor_b,land_anchor_hops,land_anchor_gap_a,land_anchor_gap_b,maritime_anchor_inference,partner_start_override,raster_hops,same_province,neighboring_province,shared_theater_keys,theater,proximity_class,geographic_envelope,geographic_reason,geometry_status_a,geometry_status_b,route_networks_a,route_networks_b,strategic_note,starting_position_caveat,island_or_disconnected,faction_a_name,race_a,subculture_a,faction_b_name,race_b,subculture_b,diplomatic_class,treaty_eligibility_unresolved,diplomacy_evidence_status,evidence_ids,analytical_inference,diplomatic_caveat,single_player_objective_pressure,evidence_note,included,exclusion_reason
wh2_dlc09_skv_clan_rictus,wh3_dlc23_chd_astragoth,wh3_main_combi_region_crookback_mountain,wh3_main_combi_region_uzkulak,wh3_main_combi_province_the_desolation_of_azgorh,wh3_main_combi_province_zorn_uzkul,142.692497,primary human army world coordinates,162.077512,555.8037719726562,407.2878112792969,573.8406372070312,548.8357543945312,wh3_main_combi_region_crookback_mountain,wh3_main_combi_region_uzkulak,5,0.0,0.0,False,,5,False,False,cai_region_hint_area_darklands,darklands,Extended,True,Shared atlas theater and either at most six raster borders or at most 75 world units,land_raster_point,land_raster_point,,convoy_road_combi;irory_road_bhashiva;ivory_road_combi,Caravan/convoy links are context only; portal nodes lack general traversal eligibility; no shortcut inferred,Static human startup rules; later choices excluded. Maritime land anchors are descriptive; not movement routes. Secondary forces do not set primary distance.,False,Clan Rictus,skaven,wh2_main_sc_skv_skaven,Disciples of Hashut,chaos_dwarfs,wh3_dlc23_sc_chd_chaos_dwarfs,Workable,False,Partial: guide evidence plus analytical prior; generic modifier matrix unmeasured,chaos_dwarfs_0;skaven_0,Non-Order pragmatic-alliance prior; not a numeric diplomatic guarantee,"Generic numeric aversion, opening treaties, all faction/lord/technology modifiers and multiplayer runtime behavior are not exhaustively exported; classes are analytical, not verified team legality.",,Tower-seat usurpation causes a five-turn diplomatic penalty; coordinate seat claims. Vermintide war declaration explicitly excludes teammates; this is not blanket protection against all Under-City damage.,True,
wh2_dlc09_skv_clan_rictus,wh3_dlc23_chd_legion_of_azgorh,wh3_main_combi_region_crookback_mountain,wh3_main_combi_region_black_fortress,wh3_main_combi_province_the_desolation_of_azgorh,wh3_main_combi_province_the_howling_wastes,82.36425,primary human army world coordinates,74.681577,555.8037719726562,407.2878112792969,632.6275634765625,377.5897521972656,wh3_main_combi_region_crookback_mountain,wh3_main_combi_region_black_fortress,2,0.0,0.0,False,,2,False,True,cai_region_hint_area_darklands,darklands,Regional,True,Within 100 units with neighboring provinces or at most four raster borders,land_raster_point,land_raster_point,,irory_road_bhashiva;ivory_road_combi,Caravan/convoy links are context only; portal nodes lack general traversal eligibility; no shortcut inferred,Static human startup rules; later choices excluded. Maritime land anchors are descriptive; not movement routes. Secondary forces do not set primary distance.,False,Clan Rictus,skaven,wh2_main_sc_skv_skaven,The Legion of Azgorh,chaos_dwarfs,wh3_dlc23_sc_chd_chaos_dwarfs,Workable,False,Partial: guide evidence plus analytical prior; generic modifier matrix unmeasured,chaos_dwarfs_0;skaven_0,Non-Order pragmatic-alliance prior; not a numeric diplomatic guarantee Partner appears in single-player faction objective(s); not treated as a multiplayer forced-war lock,"Generic numeric aversion, opening treaties, all faction/lord/technology modifiers and multiplayer runtime behavior are not exhaustively exported; classes are analytical, not verified team legality.",wh3_dlc23_chd_legion_of_azgorh:short:001:DESTROY_FACTION,Tower-seat usurpation causes a five-turn diplomatic penalty; coordinate seat claims. Vermintide war declaration explicitly excludes teammates; this is not blanket protection against all Under-City damage.,True,
wh2_dlc09_skv_clan_rictus,wh3_dlc26_grn_gorbad_ironclaw,wh3_main_combi_region_crookback_mountain,wh3_main_combi_region_iron_rock,wh3_main_combi_province_the_desolation_of_azgorh,wh3_main_combi_province_death_pass,82.634772,primary human army world coordinates,83.990334,555.8037719726562,407.2878112792969,486.3282775878906,362.5478820800781,wh3_main_combi_region_crookback_mountain,wh3_main_combi_region_iron_rock,2,0.0,0.0,False,,2,False,True,,darklands <-> dwarf_empire,Regional,True,Within 100 units with neighboring provinces or at most four raster borders,land_raster_point,land_raster_point,,,Caravan/convoy links are context only; portal nodes lack general traversal eligibility; no shortcut inferred,Static human startup rules; later choices excluded. Maritime land anchors are descriptive; not movement routes. Secondary forces do not set primary distance.,False,Clan Rictus,skaven,wh2_main_sc_skv_skaven,Ironclaw Orcs,greenskins,wh_main_sc_grn_greenskins,Workable,False,Partial: guide evidence plus analytical prior; generic modifier matrix unmeasured,greenskins_0;skaven_0,Non-Order pragmatic-alliance prior; not a numeric diplomatic guarantee,"Generic numeric aversion, opening treaties, all faction/lord/technology modifiers and multiplayer runtime behavior are not exhaustively exported; classes are analytical, not verified team legality.",,Leader-defeat confederation requires an AI loser; it cannot consume the human teammate. Vermintide war declaration explicitly excludes teammates; this is not blanket protection against all Under-City damage.,True,
wh2_dlc09_skv_clan_rictus,wh_main_grn_crooked_moon,wh3_main_combi_region_crookback_mountain,wh3_main_combi_region_mount_gunbad,wh3_main_combi_province_the_desolation_of_azgorh,wh3_main_combi_province_deadrock_gap,36.205539,primary human army world coordinates,64.236634,555.8037719726562,407.2878112792969,535.0947265625,436.98590087890625,wh3_main_combi_region_crookback_mountain,wh3_main_combi_region_mount_gunbad,2,0.0,0.0,False,,2,False,True,,darklands <-> dwarf_empire,Regional,True,Within 100 units with neighboring provinces or at most four raster borders,land_raster_point,land_raster_point,,,Caravan/convoy links are context only; portal nodes lack general traversal eligibility; no shortcut inferred,Static human startup rules; later choices excluded. Maritime land anchors are descriptive; not movement routes. Secondary forces do not set primary distance.,False,Clan Rictus,skaven,wh2_main_sc_skv_skaven,Crooked Moon,greenskins,wh_main_sc_grn_greenskins,Workable,False,Partial: guide evidence plus analytical prior; generic modifier matrix unmeasured,greenskins_0;skaven_0,Non-Order pragmatic-alliance prior; not a numeric diplomatic guarantee,"Generic numeric aversion, opening treaties, all faction/lord/technology modifiers and multiplayer runtime behavior are not exhaustively exported; classes are analytical, not verified team legality.",,Leader-defeat confederation requires an AI loser; it cannot consume the human teammate. Vermintide war declaration explicitly excludes teammates; this is not blanket protection against all Under-City damage.,True,
wh2_dlc09_tmb_exiles_of_nehek,wh2_dlc16_wef_sisters_of_twilight,wh3_main_combi_region_clarak_spire,wh3_main_combi_region_the_witchwood,wh3_main_combi_province_red_desert,wh3_main_combi_province_the_witchwood,39.506327,primary human army world coordinates,40.193375,15.364767074584961,511.8096008300781,54.11070251464844,519.5233764648438,wh3_main_combi_region_clarak_spire,wh3_main_combi_region_the_witchwood,2,0.0,0.0,False,,2,False,True,cai_region_hint_area_naggarond,naggarond,Regional,True,Within 100 units with neighboring provinces or at most four raster borders,land_raster_point,land_raster_point,,,Caravan/convoy links are context only; portal nodes lack general traversal eligibility; no shortcut inferred,Static human startup rules; later choices excluded. Maritime land anchors are descriptive; not movement routes. Secondary forces do not set primary distance.,False,Exiles of Nehek,tomb_kings,wh2_dlc09_sc_tmb_tomb_kings,Heralds of Ariel,wood_elves,wh_dlc05_sc_wef_wood_elves,Workable,False,Partial: guide evidence plus analytical prior; generic modifier matrix unmeasured,tomb_kings_0;tomb_kings_1;wood_elves_0;wood_elves_1,Independent Tomb King coexistence prior,"Generic numeric aversion, opening treaties, all faction/lord/technology modifiers and multiplayer runtime behavior are not exhaustively exported; classes are analytical, not verified team legality.",,Human participants lock Cult confederation rituals. Books of Nagash are competitive shared multiplayer rewards; team ownership does not duplicate them. Rebirth completion is global and one-time in co-op; Ariel is globally unique. Drycha can confederate only Argwylon; not a general ban on Wood Elf alliances.,True,
wh2_dlc09_tmb_exiles_of_nehek,wh2_main_def_cult_of_pleasure,wh3_main_combi_region_clarak_spire,wh3_main_combi_region_ancient_city_of_quintex,wh3_main_combi_province_red_desert,wh3_main_combi_province_titan_peaks,76.98727,primary human army world coordinates,53.902634,15.364767074584961,511.8096008300781,49.43446731567383,442.771240234375,wh3_main_combi_region_clarak_spire,wh3_main_combi_region_ancient_city_of_quintex,4,0.0,0.0,False,,4,False,False,cai_region_hint_area_naggarond,naggarond,Regional,True,Within 100 units with neighboring provinces or at most four raster borders,land_raster_point,land_raster_point,,,Caravan/convoy links are context only; portal nodes lack general traversal eligibility; no shortcut inferred,Static human startup rules; later choices excluded. Maritime land anchors are descriptive; not movement routes. Secondary forces do not set primary distance.,False,Exiles of Nehek,tomb_kings,wh2_dlc09_sc_tmb_tomb_kings,Cult of Pleasure,dark_elves,wh2_main_sc_def_dark_elves,Workable,False,Partial: guide evidence plus analytical prior; generic modifier matrix unmeasured,dark_elves_0;dark_elves_1;tomb_kings_0;tomb_kings_1,Independent Tomb King coexistence prior,"Generic numeric aversion, opening treaties, all faction/lord/technology modifiers and multiplayer runtime behavior are not exhaustively exported; classes are analytical, not verified team legality.",,Har Ganeth Blood Voyage is a forced vassal targeting occupied Ulthuan settlements; not a general alliance ban. Hag Graef gains conditional +25/+50 daemon relations at high possession; not a permanent faction-wide alliance guarantee. Human participants lock Cult confederation rituals. Books of Nagash are competitive shared multiplayer rewards; team ownership does not duplicate them.,True,
wh2_dlc09_tmb_exiles_of_nehek,wh2_main_def_naggarond,wh3_main_combi_region_clarak_spire,wh3_main_combi_region_har_kaldra,wh3_main_combi_province_red_desert,wh3_main_combi_province_iron_foothills,142.059347,primary human army world coordinates,158.569189,15.364767074584961,511.8096008300781,66.13529968261719,644.4866943359375,wh3_main_combi_region_clarak_spire,wh3_main_combi_region_har_kaldra,5,0.0,0.0,False,,5,False,False,cai_region_hint_area_naggarond,naggarond,Extended,True,Shared atlas theater and either at most six raster borders or at most 75 world units,land_raster_point,land_raster_point,,,Caravan/convoy links are context only; portal nodes lack general traversal eligibility; no shortcut inferred,Static human startup rules; later choices excluded. Maritime land anchors are descriptive; not movement routes. Secondary forces do not set primary distance.,False,Exiles of Nehek,tomb_kings,wh2_dlc09_sc_tmb_tomb_kings,Naggarond,dark_elves,wh2_main_sc_def_dark_elves,Workable,False,Partial: guide evidence plus analytical prior; generic modifier matrix unmeasured,dark_elves_0;dark_elves_1;tomb_kings_0;tomb_kings_1,Independent Tomb King coexistence prior,"Generic numeric aversion, opening treaties, all faction/lord/technology modifiers and multiplayer runtime behavior are not exhaustively exported; classes are analytical, not verified team legality.",,Har Ganeth Blood Voyage is a forced vassal targeting occupied Ulthuan settlements; not a general alliance ban. Hag Graef gains conditional +25/+50 daemon relations at high possession; not a permanent faction-wide alliance guarantee. Human participants lock Cult confederation rituals. Books of Nagash are competitive shared multiplayer rewards; team ownership does not duplicate them.,True,
wh2_dlc09_tmb_exiles_of_nehek,wh2_main_hef_nagarythe,wh3_main_combi_region_clarak_spire,wh3_main_combi_region_the_monoliths,wh3_main_combi_province_red_desert,wh3_main_combi_province_granite_hills,147.357537,primary human army world coordinates,139.890092,15.364767074584961,511.8096008300781,141.62307739257812,587.7904052734375,wh3_main_combi_region_clarak_spire,wh3_main_combi_region_the_monoliths,5,0.0,0.0,False,,5,False,False,cai_region_hint_area_naggarond,naggarond,Extended,True,Shared atlas theater and either at most six raster borders or at most 75 world units,land_raster_point,land_raster_point,,,Caravan/convoy links are context only; portal nodes lack general traversal eligibility; no shortcut inferred,Static human startup rules; later choices excluded. Maritime land anchors are descriptive; not movement routes. Secondary forces do not set primary distance.,False,Exiles of Nehek,tomb_kings,wh2_dlc09_sc_tmb_tomb_kings,Nagarythe,high_elves,wh2_main_sc_hef_high_elves,Workable,False,Partial: guide evidence plus analytical prior; generic modifier matrix unmeasured,high_elves_0;tomb_kings_0;tomb_kings_1,Independent Tomb King coexistence prior,"Generic numeric aversion, opening treaties, all faction/lord/technology modifiers and multiplayer runtime behavior are not exhaustively exported; classes are analytical, not verified team legality.",,Eataine can unlock Champion actions through alliances with other legendary High Elf factions. Human participants lock Cult confederation rituals. Books of Nagash are competitive shared multiplayer rewards; team ownership does not duplicate them.,True,
wh2_dlc09_tmb_exiles_of_nehek,wh3_dlc24_ksl_daughters_of_the_forest,wh3_main_combi_region_clarak_spire,wh3_main_combi_region_bleak_hold_fortress,wh3_main_combi_province_red_desert,wh3_main_combi_province_the_bleak_coast,61.763277,primary human army world coordinates,57.022318,15.364767074584961,511.8096008300781,64.79923248291016,474.783447265625,wh3_main_combi_region_clarak_spire,wh3_main_combi_region_bleak_hold_fortress,4,0.0,0.0,False,,4,False,False,cai_region_hint_area_naggarond,naggarond,Regional,True,Within 100 units with neighboring provinces or at most four raster borders,land_raster_point,land_raster_point,,,Caravan/convoy links are context only; portal nodes lack general traversal eligibility; no shortcut inferred,Static human startup rules; later choices excluded. Maritime land anchors are descriptive; not movement routes. Secondary forces do not set primary distance.,False,Exiles of Nehek,tomb_kings,wh2_dlc09_sc_tmb_tomb_kings,Daughters of the Forest,kislev,wh3_main_sc_ksl_kislev,Workable,False,Partial: guide evidence plus analytical prior; generic modifier matrix unmeasured,kislev_0;tomb_kings_0;tomb_kings_1,Independent Tomb King coexistence prior,"Generic numeric aversion, opening treaties, all faction/lord/technology modifiers and multiplayer runtime behavior are not exhaustively exported; classes are analytical, not verified team legality.",,Old supporter-race forced confederation and intra-Kislev war ban are obsolete; ordinary diplomacy applies. Human participants lock Cult confederation rituals. Books of Nagash are competitive shared multiplayer rewards; team ownership does not duplicate them.,True,
wh2_dlc09_tmb_exiles_of_nehek,wh3_main_dwf_the_ancestral_throng,wh3_main_combi_region_clarak_spire,wh3_main_combi_region_eldar_spire,wh3_main_combi_province_red_desert,wh3_main_combi_province_iron_coast,102.671621,primary human army world coordinates,130.280109,15.364767074584961,511.8096008300781,11.3565673828125,614.4029541015625,wh3_main_combi_region_clarak_spire,wh3_main_combi_region_eldar_spire,5,0.0,0.0,False,,5,False,True,cai_region_hint_area_naggarond,naggarond,Extended,True,Shared atlas theater and either at most six raster borders or at most 75 world units,land_raster_point,land_raster_point,,,Caravan/convoy links are context only; portal nodes lack general traversal eligibility; no shortcut inferred,Static human startup rules; later choices excluded. Maritime land anchors are descriptive; not movement routes. Secondary forces do not set primary distance.,False,Exiles of Nehek,tomb_kings,wh2_dlc09_sc_tmb_tomb_kings,The Ancestral Throng,dwarfs,wh_main_sc_dwf_dwarfs,Workable,False,Partial: guide evidence plus analytical prior; generic modifier matrix unmeasured,dwarfs_0;dwarfs_1;tomb_kings_0;tomb_kings_1,Independent Tomb King coexistence prior,"Generic numeric aversion, opening treaties, all faction/lord/technology modifiers and multiplayer runtime behavior are not exhaustively exported; classes are analytical, not verified team legality.",,Grudge accumulation responds to hostile conduct; positive diplomacy reduces it. Different allied Dwarf owners can enable conditional Deeps trade/diplomacy benefits. Human participants lock Cult confederation rituals. Books of Nagash are competitive shared multiplayer rewards; team ownership does not duplicate them.,True,
wh2_dlc09_tmb_followers_of_nagash,wh_main_vmp_vampire_counts,wh3_main_combi_region_lashiek,wh3_main_combi_region_ka_sabar,wh3_main_combi_province_land_of_assassins,wh3_main_combi_province_shifting_sands,123.788849,primary human army world coordinates,142.656936,298.61090087890625,233.3419952392578,414.1806945800781,188.9877166748047,wh3_main_combi_region_lashiek,wh3_main_combi_region_ka_sabar,6,0.0,0.0,False,,6,False,False,cai_region_hint_area_southlands,southlands,Extended,True,Shared atlas theater and either at most six raster borders or at most 75 world units,land_raster_point,land_raster_point,,,Caravan/convoy links are context only; portal nodes lack general traversal eligibility; no shortcut inferred,Static human startup rules; later choices excluded. Maritime land anchors are descriptive; not movement routes. Secondary forces do not set primary distance.,False,Followers of Nagash,tomb_kings,wh2_dlc09_sc_tmb_tomb_kings,The Drakenhof Conclave,vampire_counts,wh_main_sc_vmp_vampire_counts,Clean,False,Partial: guide evidence plus analytical prior; generic modifier matrix unmeasured,arkhan_vampires;tomb_kings_0;tomb_kings_1;vampire_counts_0,Opposed Tomb King ecosystem prior Positive cross-race bridge supports a shared undead ecosystem.,"Generic numeric aversion, opening treaties, all faction/lord/technology modifiers and multiplayer runtime behavior are not exhaustively exported; classes are analytical, not verified team legality.",,Arkhan starts with +40 Vampiric Undead relations. Human participants lock Cult confederation rituals. Books of Nagash are competitive shared multiplayer rewards; team ownership does not duplicate them. Barrow Legion has +30 WoC/Beastmen/Norsca relations and faction Chaos-attrition immunity.,True,
wh2_dlc09_tmb_khemri,wh2_dlc09_tmb_lybaras,wh3_main_combi_region_khemri,wh3_main_combi_region_lybaras,wh3_main_combi_province_land_of_the_dead,wh3_main_combi_province_crater_of_the_waking_dead,118.699592,primary human army world coordinates,137.160847,417.5208435058594,224.85682678222656,535.7627563476562,235.2704315185547,wh3_main_combi_region_khemri,wh3_main_combi_region_lybaras,5,0.0,0.0,False,,5,False,False,cai_region_hint_area_southlands,southlands,Extended,True,Shared atlas theater and either at most six raster borders or at most 75 world units,land_raster_point,land_raster_point,convoy_road_combi,,Caravan/convoy links are context only; portal nodes lack general traversal eligibility; no shortcut inferred,Static human startup rules; later choices excluded. Maritime land anchors are descriptive; not movement routes. Secondary forces do not set primary distance.,False,Khemri,tomb_kings,wh2_dlc09_sc_tmb_tomb_kings,Court of Lybaras,tomb_kings,wh2_dlc09_sc_tmb_tomb_kings,Workable,False,Partial: guide evidence plus analytical prior; generic modifier matrix unmeasured,khalida_lahmia;settra_vassal;tomb_kings_0;tomb_kings_1,"Same-race ecosystem prior Pairings must use independent teammates, not a proposed Settra-vassal workaround. Do not generalize this scripted lock to every playable vampire. Shared seat/Book/forest progression requires coordination","Generic numeric aversion, opening treaties, all faction/lord/technology modifiers and multiplayer runtime behavior are not exhaustively exported; classes are analytical, not verified team legality.",,Khalida has permanent no-peace with the nonplayable Lahmian Sisterhood. All vassal actions against Khemri are disabled. Human participants lock Cult confederation rituals. Books of Nagash are competitive shared multiplayer rewards; team ownership does not duplicate them.,True,
wh2_dlc09_tmb_khemri,wh2_dlc17_dwf_thorek_ironbrow,wh3_main_combi_region_khemri,wh3_main_combi_region_karak_zorn,wh3_main_combi_province_land_of_the_dead,wh3_main_combi_province_southlands_worlds_edge_mountains,65.166665,primary human army world coordinates,81.027618,417.5208435058594,224.85682678222656,459.6069641113281,175.1029052734375,wh3_main_combi_region_khemri,wh3_main_combi_region_karak_zorn,3,0.0,0.0,False,,3,False,True,cai_region_hint_area_southlands,southlands,Regional,True,Within 100 units with neighboring provinces or at most four raster borders,land_raster_point,land_raster_point,convoy_road_combi,,Caravan/convoy links are context only; portal nodes lack general traversal eligibility; no shortcut inferred,Static human startup rules; later choices excluded. Maritime land anchors are descriptive; not movement routes. Secondary forces do not set primary distance.,False,Khemri,tomb_kings,wh2_dlc09_sc_tmb_tomb_kings,Ironbrow's Expedition,dwarfs,wh_main_sc_dwf_dwarfs,Workable,False,Partial: guide evidence plus analytical prior; generic modifier matrix unmeasured,dwarfs_0;dwarfs_1;settra_vassal;tomb_kings_0;tomb_kings_1,"Independent Tomb King coexistence prior Pairings must use independent teammates, not a proposed Settra-vassal workaround.","Generic numeric aversion, opening treaties, all faction/lord/technology modifiers and multiplayer runtime behavior are not exhaustively exported; classes are analytical, not verified team legality.",,Grudge accumulation responds to hostile conduct; positive diplomacy reduces it. Different allied Dwarf owners can enable conditional Deeps trade/diplomacy benefits. All vassal actions against Khemri are disabled. Human participants lock Cult confederation rituals. Books of Nagash are competitive shared multiplayer rewards; team ownership does not duplicate them.,True,
wh2_dlc09_tmb_khemri,wh2_main_hef_yvresse,wh3_main_combi_region_khemri,,wh3_main_combi_province_land_of_the_dead,,95.986253,primary human army world coordinates,,417.5208435058594,224.85682678222656,382.7831160052225,314.33671878593975,wh3_main_combi_region_khemri,wh3_main_combi_region_gronti_mingol,3,0.0,3.1964670744364443,True,,,False,False,,badlands <-> southlands,Regional,True,"Within 100 units with neighboring provinces or at most four raster borders; topology/theaters use descriptive coastal anchors, not a verified sea route",land_raster_point,maritime_point_no_distinct_region,convoy_road_combi,,Caravan/convoy links are context only; portal nodes lack general traversal eligibility; no shortcut inferred,Static human startup rules; later choices excluded. Maritime land anchors are descriptive; not movement routes. Secondary forces do not set primary distance.,True,Khemri,tomb_kings,wh2_dlc09_sc_tmb_tomb_kings,Yvresse,high_elves,wh2_main_sc_hef_high_elves,Workable,False,Partial: guide evidence plus analytical prior; generic modifier matrix unmeasured,high_elves_0;settra_vassal;tomb_kings_0;tomb_kings_1,"Independent Tomb King coexistence prior Pairings must use independent teammates, not a proposed Settra-vassal workaround.","Generic numeric aversion, opening treaties, all faction/lord/technology modifiers and multiplayer runtime behavior are not exhaustively exported; classes are analytical, not verified team legality.",,Eataine can unlock Champion actions through alliances with other legendary High Elf factions. All vassal actions against Khemri are disabled. Human participants lock Cult confederation rituals. Books of Nagash are competitive shared multiplayer rewards; team ownership does not duplicate them.,True,
wh2_dlc09_tmb_khemri,wh2_main_lzd_last_defenders,wh3_main_combi_region_khemri,wh3_main_combi_region_teotiqua,wh3_main_combi_province_land_of_the_dead,wh3_main_combi_province_the_golden_pass,103.425157,primary human army world coordinates,122.769488,417.5208435058594,224.85682678222656,482.3200988769531,144.24777221679688,wh3_main_combi_region_khemri,wh3_main_combi_region_teotiqua,4,0.0,0.0,False,,4,False,False,cai_region_hint_area_southlands,southlands,Extended,True,Shared atlas theater and either at most six raster borders or at most 75 world units,land_raster_point,land_raster_point,convoy_road_combi,,Caravan/convoy links are context only; portal nodes lack general traversal eligibility; no shortcut inferred,Static human startup rules; later choices excluded. Maritime land anchors are descriptive; not movement routes. Secondary forces do not set primary distance.,False,Khemri,tomb_kings,wh2_dlc09_sc_tmb_tomb_kings,Last Defenders,lizardmen,wh2_main_sc_lzd_lizardmen,Workable,False,Partial: guide evidence plus analytical prior; generic modifier matrix unmeasured,lizardmen_0;settra_vassal;tomb_kings_0;tomb_kings_1,"Independent Tomb King coexistence prior Pairings must use independent teammates, not a proposed Settra-vassal workaround.","Generic numeric aversion, opening treaties, all faction/lord/technology modifiers and multiplayer runtime behavior are not exhaustively exported; classes are analytical, not verified team legality.",,Allied province capitals support the Geomantic Web; Nakai and Oxyotl use documented variants. All vassal actions against Khemri are disabled. Human participants lock Cult confederation rituals. Books of Nagash are competitive shared multiplayer rewards; team ownership does not duplicate them.,True,
wh2_dlc09_tmb_khemri,wh2_main_lzd_tlaqua,wh3_main_combi_region_khemri,wh3_main_combi_region_deaths_head_monoliths,wh3_main_combi_province_land_of_the_dead,wh3_main_combi_province_western_jungles,96.459314,primary human army world coordinates,97.807332,417.5208435058594,224.85682678222656,345.3732604980469,160.83241271972656,wh3_main_combi_region_khemri,wh3_main_combi_region_deaths_head_monoliths,5,0.0,0.0,False,,5,False,False,cai_region_hint_area_southlands,southlands,Extended,True,Shared atlas theater and either at most six raster borders or at most 75 world units,land_raster_point,land_raster_point,convoy_road_combi,,Caravan/convoy links are context only; portal nodes lack general traversal eligibility; no shortcut inferred,Static human startup rules; later choices excluded. Maritime land anchors are descriptive; not movement routes. Secondary forces do not set primary distance.,False,Khemri,tomb_kings,wh2_dlc09_sc_tmb_tomb_kings,Tlaqua,lizardmen,wh2_main_sc_lzd_lizardmen,Workable,False,Partial: guide evidence plus analytical prior; generic modifier matrix unmeasured,lizardmen_0;settra_vassal;tomb_kings_0;tomb_kings_1,"Independent Tomb King coexistence prior Pairings must use independent teammates, not a proposed Settra-vassal workaround.","Generic numeric aversion, opening treaties, all faction/lord/technology modifiers and multiplayer runtime behavior are not exhaustively exported; classes are analytical, not verified team legality.",,Allied province capitals support the Geomantic Web; Nakai and Oxyotl use documented variants. All vassal actions against Khemri are disabled. Human participants lock Cult confederation rituals. Books of Nagash are competitive shared multiplayer rewards; team ownership does not duplicate them.,True,
wh2_dlc09_tmb_khemri,wh3_main_emp_cult_of_sigmar,wh3_main_combi_region_khemri,wh3_main_combi_region_sudenburg,wh3_main_combi_province_land_of_the_dead,wh3_main_combi_province_land_of_the_dervishes,57.35759,primary human army world coordinates,47.295665,417.5208435058594,224.85682678222656,372.7626037597656,188.9877166748047,wh3_main_combi_region_khemri,wh3_main_combi_region_sudenburg,2,0.0,0.0,False,,2,False,False,cai_region_hint_area_southlands,southlands,Regional,True,Within 100 units with neighboring provinces or at most four raster borders,land_raster_point,land_raster_point,convoy_road_combi,,Caravan/convoy links are context only; portal nodes lack general traversal eligibility; no shortcut inferred,Static human startup rules; later choices excluded. Maritime land anchors are descriptive; not movement routes. Secondary forces do not set primary distance.,False,Khemri,tomb_kings,wh2_dlc09_sc_tmb_tomb_kings,Cult of Sigmar,empire,wh_main_sc_emp_empire,Workable,False,Partial: guide evidence plus analytical prior; generic modifier matrix unmeasured,empire_0;settra_vassal;tomb_kings_0;tomb_kings_1,"Independent Tomb King coexistence prior Pairings must use independent teammates, not a proposed Settra-vassal workaround. Partner appears in single-player faction objective(s); not treated as a multiplayer forced-war lock","Generic numeric aversion, opening treaties, all faction/lord/technology modifiers and multiplayer runtime behavior are not exhaustively exported; classes are analytical, not verified team legality.",wh2_dlc09_tmb_khemri:short:001:DESTROY_FACTION,Reikland Elector politics replaces ordinary confederation/NAP paths; does not establish a general military-alliance ban. All vassal actions against Khemri are disabled. Human participants lock Cult confederation rituals. Books of Nagash are competitive shared multiplayer rewards; team ownership does not duplicate them.,True,
wh2_dlc09_tmb_lybaras,wh2_dlc17_dwf_thorek_ironbrow,wh3_main_combi_region_lybaras,wh3_main_combi_region_karak_zorn,wh3_main_combi_province_crater_of_the_waking_dead,wh3_main_combi_province_southlands_worlds_edge_mountains,97.055839,primary human army world coordinates,114.529167,535.7627563476562,235.2704315185547,459.6069641113281,175.1029052734375,wh3_main_combi_region_lybaras,wh3_main_combi_region_karak_zorn,4,0.0,0.0,False,,4,False,False,cai_region_hint_area_southlands,southlands,Regional,True,Within 100 units with neighboring provinces or at most four raster borders,land_raster_point,land_raster_point,,,Caravan/convoy links are context only; portal nodes lack general traversal eligibility; no shortcut inferred,Static human startup rules; later choices excluded. Maritime land anchors are descriptive; not movement routes. Secondary forces do not set primary distance.,False,Court of Lybaras,tomb_kings,wh2_dlc09_sc_tmb_tomb_kings,Ironbrow's Expedition,dwarfs,wh_main_sc_dwf_dwarfs,Workable,False,Partial: guide evidence plus analytical prior; generic modifier matrix unmeasured,dwarfs_0;dwarfs_1;khalida_lahmia;tomb_kings_0;tomb_kings_1,Independent Tomb King coexistence prior Do not generalize this scripted lock to every playable vampire.,"Generic numeric aversion, opening treaties, all faction/lord/technology modifiers and multiplayer runtime behavior are not exhaustively exported; classes are analytical, not verified team legality.",,Grudge accumulation responds to hostile conduct; positive diplomacy reduces it. Different allied Dwarf owners can enable conditional Deeps trade/diplomacy benefits. Khalida has permanent no-peace with the nonplayable Lahmian Sisterhood. Human participants lock Cult confederation rituals. Books of Nagash are competitive shared multiplayer rewards; team ownership does not duplicate them.,True,
wh2_dlc09_tmb_lybaras,wh2_main_lzd_last_defenders,wh3_main_combi_region_lybaras,wh3_main_combi_region_teotiqua,wh3_main_combi_province_crater_of_the_waking_dead,wh3_main_combi_province_the_golden_pass,105.552083,primary human army world coordinates,120.049535,535.7627563476562,235.2704315185547,482.3200988769531,144.24777221679688,wh3_main_combi_region_lybaras,wh3_main_combi_region_teotiqua,4,0.0,0.0,False,,4,False,False,cai_region_hint_area_southlands,southlands,Extended,True,Shared atlas theater and either at most six raster borders or at most 75 world units,land_raster_point,land_raster_point,,,Caravan/convoy links are context only; portal nodes lack general traversal eligibility; no shortcut inferred,Static human startup rules; later choices excluded. Maritime land anchors are descriptive; not movement routes. Secondary forces do not set primary distance.,False,Court of Lybaras,tomb_kings,wh2_dlc09_sc_tmb_tomb_kings,Last Defenders,lizardmen,wh2_main_sc_lzd_lizardmen,Workable,False,Partial: guide evidence plus analytical prior; generic modifier matrix unmeasured,khalida_lahmia;lizardmen_0;tomb_kings_0;tomb_kings_1,Independent Tomb King coexistence prior Do not generalize this scripted lock to every playable vampire.,"Generic numeric aversion, opening treaties, all faction/lord/technology modifiers and multiplayer runtime behavior are not exhaustively exported; classes are analytical, not verified team legality.",,Khalida has permanent no-peace with the nonplayable Lahmian Sisterhood. Allied province capitals support the Geomantic Web; Nakai and Oxyotl use documented variants. Human participants lock Cult confederation rituals. Books of Nagash are competitive shared multiplayer rewards; team ownership does not duplicate them.,True,
wh2_dlc11_cst_noctilus,wh3_main_sla_seducers_of_slaanesh,,wh3_main_combi_region_tor_achare,,wh3_main_combi_province_chrace,109.20932,primary human army world coordinates,,120.24600219726562,398.0312805175781,187.04934692382812,484.4256591796875,wh3_main_combi_region_vauls_anvil_ulthuan,wh3_main_combi_region_tor_achare,6,11.382557820524548,0.0,True,,,False,False,cai_region_hint_area_ulthuan,ulthuan,Extended,True,"Shared atlas theater and either at most six raster borders or at most 75 world units; topology/theaters use descriptive coastal anchors, not a verified sea route",maritime_point_no_distinct_region,land_raster_point,,,Caravan/convoy links are context only; portal nodes lack general traversal eligibility; no shortcut inferred,Static human startup rules; later choices excluded. Maritime land anchors are descriptive; not movement routes. Secondary forces do not set primary distance.,True,The Dreadfleet,vampire_coast,wh2_dlc11_sc_cst_vampire_coast,Seducers of Slaanesh,slaanesh,wh3_main_sc_sla_slaanesh,Workable,False,Partial: guide evidence plus analytical prior; generic modifier matrix unmeasured,slaanesh_0;vampire_coast_0,Non-Order pragmatic-alliance prior; not a numeric diplomatic guarantee,"Generic numeric aversion, opening treaties, all faction/lord/technology modifiers and multiplayer runtime behavior are not exhaustively exported; classes are analytical, not verified team legality.",,N'Kari forced seduction cannot target humans; this does not make third-party vassal diplomacy harmless. Coast cannot confederate; alliances can transfer Shanty verses.,True,
wh2_dlc11_cst_pirates_of_sartosa,wh2_main_skv_clan_skryre,wh3_main_combi_region_luccini,wh3_main_combi_region_tobaro,wh3_main_combi_province_tilea,wh3_main_combi_province_estalia,49.919583,primary human army world coordinates,51.309147,339.3609619140625,307.0086364746094,308.63140869140625,346.34893798828125,wh3_main_combi_region_luccini,wh3_main_combi_region_tobaro,4,0.0,0.0,False,,4,False,False,cai_region_hint_area_border_princes,border_princes,Regional,True,Within 100 units with neighboring provinces or at most four raster borders,land_raster_point,land_raster_point,,,Caravan/convoy links are context only; portal nodes lack general traversal eligibility; no shortcut inferred,Static human startup rules; later choices excluded. Maritime land anchors are descriptive; not movement routes. Secondary forces do not set primary distance.,False,Pirates of Sartosa,vampire_coast,wh2_dlc11_sc_cst_vampire_coast,Clan Skryre,skaven,wh2_main_sc_skv_skaven,Workable,False,Partial: guide evidence plus analytical prior; generic modifier matrix unmeasured,skaven_0;vampire_coast_0,Non-Order pragmatic-alliance prior; not a numeric diplomatic guarantee,"Generic numeric aversion, opening treaties, all faction/lord/technology modifiers and multiplayer runtime behavior are not exhaustively exported; classes are analytical, not verified team legality.",,Vermintide war declaration explicitly excludes teammates; this is not blanket protection against all Under-City damage. Coast cannot confederate; alliances can transfer Shanty verses.,True,
wh2_dlc11_cst_pirates_of_sartosa,wh3_main_ogr_disciples_of_the_maw,wh3_main_combi_region_luccini,wh3_main_combi_region_matorca,wh3_main_combi_province_tilea,wh3_main_combi_province_eastern_border_princes,126.977875,primary human army world coordinates,108.669116,339.3609619140625,307.0086364746094,421.529052734375,403.8166198730469,wh3_main_combi_region_luccini,wh3_main_combi_region_matorca,4,0.0,0.0,False,,4,False,False,cai_region_hint_area_border_princes,border_princes,Extended,True,Shared atlas theater and either at most six raster borders or at most 75 world units,land_raster_point,land_raster_point,,,Caravan/convoy links are context only; portal nodes lack general traversal eligibility; no shortcut inferred,Static human startup rules; later choices excluded. Maritime land anchors are descriptive; not movement routes. Secondary forces do not set primary distance.,False,Pirates of Sartosa,vampire_coast,wh2_dlc11_sc_cst_vampire_coast,Disciples of the Maw,ogre_kingdoms,wh3_main_sc_ogr_ogre_kingdoms,Workable,False,Partial: guide evidence plus analytical prior; generic modifier matrix unmeasured,ogre_kingdoms_0;vampire_coast_0,Ogre mercenary-neutral ecosystem prior; faction restrictions take precedence,"Generic numeric aversion, opening treaties, all faction/lord/technology modifiers and multiplayer runtime behavior are not exhaustively exported; classes are analytical, not verified team legality.",,Ogre trespass diplomacy immunity is official-source-only in the guide; battle confederation requires an AI loser. Coast cannot confederate; alliances can transfer Shanty verses.,True,
wh2_dlc11_cst_the_drowned,wh2_main_def_cult_of_pleasure,wh3_main_combi_region_the_twisted_glade,wh3_main_combi_region_ancient_city_of_quintex,wh3_main_combi_province_the_clawed_coast,wh3_main_combi_province_titan_peaks,131.5217,primary human army world coordinates,120.115652,130.26651000976562,546.5216064453125,49.43446731567383,442.771240234375,wh3_main_combi_region_the_twisted_glade,wh3_main_combi_region_ancient_city_of_quintex,5,0.0,0.0,False,,5,False,False,cai_region_hint_area_naggarond,naggarond,Extended,True,Shared atlas theater and either at most six raster borders or at most 75 world units,land_raster_point,land_raster_point,,,Caravan/convoy links are context only; portal nodes lack general traversal eligibility; no shortcut inferred,Static human startup rules; later choices excluded. Maritime land anchors are descriptive; not movement routes. Secondary forces do not set primary distance.,False,The Drowned,vampire_coast,wh2_dlc11_sc_cst_vampire_coast,Cult of Pleasure,dark_elves,wh2_main_sc_def_dark_elves,Workable,False,Partial: guide evidence plus analytical prior; generic modifier matrix unmeasured,dark_elves_0;dark_elves_1;vampire_coast_0,Non-Order pragmatic-alliance prior; not a numeric diplomatic guarantee,"Generic numeric aversion, opening treaties, all faction/lord/technology modifiers and multiplayer runtime behavior are not exhaustively exported; classes are analytical, not verified team legality.",,Har Ganeth Blood Voyage is a forced vassal targeting occupied Ulthuan settlements; not a general alliance ban. Hag Graef gains conditional +25/+50 daemon relations at high possession; not a permanent faction-wide alliance guarantee. Coast cannot confederate; alliances can transfer Shanty verses.,True,
wh2_dlc11_cst_the_drowned,wh2_main_def_naggarond,wh3_main_combi_region_the_twisted_glade,wh3_main_combi_region_har_kaldra,wh3_main_combi_province_the_clawed_coast,wh3_main_combi_province_iron_foothills,117.089584,primary human army world coordinates,134.443984,130.26651000976562,546.5216064453125,66.13529968261719,644.4866943359375,wh3_main_combi_region_the_twisted_glade,wh3_main_combi_region_har_kaldra,5,0.0,0.0,False,,5,False,False,cai_region_hint_area_naggarond,naggarond,Extended,True,Shared atlas theater and either at most six raster borders or at most 75 world units,land_raster_point,land_raster_point,,,Caravan/convoy links are context only; portal nodes lack general traversal eligibility; no shortcut inferred,Static human startup rules; later choices excluded. Maritime land anchors are descriptive; not movement routes. Secondary forces do not set primary distance.,False,The Drowned,vampire_coast,wh2_dlc11_sc_cst_vampire_coast,Naggarond,dark_elves,wh2_main_sc_def_dark_elves,Workable,False,Partial: guide evidence plus analytical prior; generic modifier matrix unmeasured,dark_elves_0;dark_elves_1;vampire_coast_0,Non-Order pragmatic-alliance prior; not a numeric diplomatic guarantee,"Generic numeric aversion, opening treaties, all faction/lord/technology modifiers and multiplayer runtime behavior are not exhaustively exported; classes are analytical, not verified team legality.",,Har Ganeth Blood Voyage is a forced vassal targeting occupied Ulthuan settlements; not a general alliance ban. Hag Graef gains conditional +25/+50 daemon relations at high possession; not a permanent faction-wide alliance guarantee. Coast cannot confederate; alliances can transfer Shanty verses.,True,
wh2_dlc11_cst_vampire_coast,wh2_main_skv_clan_pestilens,wh3_main_combi_region_the_awakening,wh3_main_combi_region_oyxl,wh3_main_combi_province_vampire_coast,wh3_main_combi_province_the_lost_valley,100.785246,primary human army world coordinates,81.369424,188.38540649414062,207.5008087158203,124.9222412109375,129.20590209960938,wh3_main_combi_region_the_awakening,wh3_main_combi_region_oyxl,4,0.0,0.0,False,,4,False,False,cai_region_hint_area_lustria,lustria,Extended,True,Shared atlas theater and either at most six raster borders or at most 75 world units,land_raster_point,land_raster_point,,,Caravan/convoy links are context only; portal nodes lack general traversal eligibility; no shortcut inferred,Static human startup rules; later choices excluded. Maritime land anchors are descriptive; not movement routes. Secondary forces do not set primary distance.,False,The Awakened,vampire_coast,wh2_dlc11_sc_cst_vampire_coast,Clan Pestilens,skaven,wh2_main_sc_skv_skaven,Workable,False,Partial: guide evidence plus analytical prior; generic modifier matrix unmeasured,skaven_0;vampire_coast_0,Non-Order pragmatic-alliance prior; not a numeric diplomatic guarantee,"Generic numeric aversion, opening treaties, all faction/lord/technology modifiers and multiplayer runtime behavior are not exhaustively exported; classes are analytical, not verified team legality.",,Vermintide war declaration explicitly excludes teammates; this is not blanket protection against all Under-City damage. Coast cannot confederate; alliances can transfer Shanty verses.,True,
wh2_dlc11_cst_vampire_coast,wh3_dlc26_kho_skulltaker,wh3_main_combi_region_the_awakening,wh3_main_combi_region_hualotal,wh3_main_combi_province_vampire_coast,wh3_main_combi_province_the_gwangee_valley,120.24848,primary human army world coordinates,117.458583,188.38540649414062,207.5008087158203,71.47956848144531,235.6561279296875,wh3_main_combi_region_the_awakening,wh3_main_combi_region_hualotal,4,0.0,0.0,False,,4,False,False,cai_region_hint_area_lustria,lustria,Extended,True,Shared atlas theater and either at most six raster borders or at most 75 world units,land_raster_point,land_raster_point,,,Caravan/convoy links are context only; portal nodes lack general traversal eligibility; no shortcut inferred,Static human startup rules; later choices excluded. Maritime land anchors are descriptive; not movement routes. Secondary forces do not set primary distance.,False,The Awakened,vampire_coast,wh2_dlc11_sc_cst_vampire_coast,Blooded Wanderers,khorne,wh3_main_sc_kho_khorne,Workable,False,Partial: guide evidence plus analytical prior; generic modifier matrix unmeasured,khorne_0;vampire_coast_0,Non-Order pragmatic-alliance prior; not a numeric diplomatic guarantee,"Generic numeric aversion, opening treaties, all faction/lord/technology modifiers and multiplayer runtime behavior are not exhaustively exported; classes are analytical, not verified team legality.",,No bespoke diplomacy override established; absence does not imply zero generic aversion. Coast cannot confederate; alliances can transfer Shanty verses.,True,
wh2_dlc11_cst_vampire_coast,wh3_dlc27_sla_masque_of_slaanesh,wh3_main_combi_region_the_awakening,wh3_main_combi_region_pillars_of_unseen_constellations,wh3_main_combi_province_vampire_coast,wh3_main_combi_province_jungles_of_green_mist,147.871462,primary human army world coordinates,142.666282,188.38540649414062,207.5008087158203,45.42626953125,245.29835510253906,wh3_main_combi_region_the_awakening,wh3_main_combi_region_pillars_of_unseen_constellations,5,0.0,0.0,False,,5,False,False,cai_region_hint_area_lustria,lustria,Extended,True,Shared atlas theater and either at most six raster borders or at most 75 world units,land_raster_point,land_raster_point,,,Caravan/convoy links are context only; portal nodes lack general traversal eligibility; no shortcut inferred,Static human startup rules; later choices excluded. Maritime land anchors are descriptive; not movement routes. Secondary forces do not set primary distance.,False,The Awakened,vampire_coast,wh2_dlc11_sc_cst_vampire_coast,The Accursed Troupe,slaanesh,wh3_main_sc_sla_slaanesh,Workable,False,Partial: guide evidence plus analytical prior; generic modifier matrix unmeasured,slaanesh_0;vampire_coast_0,Non-Order pragmatic-alliance prior; not a numeric diplomatic guarantee,"Generic numeric aversion, opening treaties, all faction/lord/technology modifiers and multiplayer runtime behavior are not exhaustively exported; classes are analytical, not verified team legality.",,N'Kari forced seduction cannot target humans; this does not make third-party vassal diplomacy harmless. Coast cannot confederate; alliances can transfer Shanty verses.,True,
wh2_dlc11_def_the_blessed_dread,wh2_main_skv_clan_eshin,wh3_main_combi_region_zhizhu,wh3_main_combi_region_village_of_the_moon,wh3_main_combi_province_plains_of_xen,wh3_main_combi_province_forests_of_the_moon,82.038584,primary human army world coordinates,63.469997,896.5007934570312,456.6560363769531,822.3490600585938,421.5583190917969,wh3_main_combi_region_zhizhu,wh3_main_combi_region_village_of_the_moon,2,0.0,0.0,False,,2,False,True,cai_region_hint_area_cathay,cathay,Regional,True,Within 100 units with neighboring provinces or at most four raster borders,land_raster_point,land_raster_point,,,Caravan/convoy links are context only; portal nodes lack general traversal eligibility; no shortcut inferred,Static human startup rules; later choices excluded. Maritime land anchors are descriptive; not movement routes. Secondary forces do not set primary distance.,False,The Blessed Dread,dark_elves,wh2_main_sc_def_dark_elves,Clan Eshin,skaven,wh2_main_sc_skv_skaven,Workable,False,Partial: guide evidence plus analytical prior; generic modifier matrix unmeasured,dark_elves_0;dark_elves_1;skaven_0,Non-Order pragmatic-alliance prior; not a numeric diplomatic guarantee,"Generic numeric aversion, opening treaties, all faction/lord/technology modifiers and multiplayer runtime behavior are not exhaustively exported; classes are analytical, not verified team legality.",,Har Ganeth Blood Voyage is a forced vassal targeting occupied Ulthuan settlements; not a general alliance ban. Hag Graef gains conditional +25/+50 daemon relations at high possession; not a permanent faction-wide alliance guarantee. Vermintide war declaration explicitly excludes teammates; this is not blanket protection against all Under-City damage.,True,
wh2_dlc11_def_the_blessed_dread,wh3_dlc20_chs_vilitch,wh3_main_combi_region_zhizhu,wh3_main_combi_region_red_fortress,wh3_main_combi_province_plains_of_xen,wh3_main_combi_province_the_red_wastes,55.351451,primary human army world coordinates,64.888646,896.5007934570312,456.6560363769531,891.8245239257812,511.8096008300781,wh3_main_combi_region_zhizhu,wh3_main_combi_region_red_fortress,3,0.0,0.0,False,,3,False,False,cai_region_hint_area_cathay,cathay,Regional,True,Within 100 units with neighboring provinces or at most four raster borders,land_raster_point,land_raster_point,,,Caravan/convoy links are context only; portal nodes lack general traversal eligibility; no shortcut inferred,Static human startup rules; later choices excluded. Maritime land anchors are descriptive; not movement routes. Secondary forces do not set primary distance.,False,The Blessed Dread,dark_elves,wh2_main_sc_def_dark_elves,Puppets of Misrule,warriors_of_chaos,wh_main_sc_chs_chaos,Workable,False,Partial: guide evidence plus analytical prior; generic modifier matrix unmeasured,dark_elves_0;dark_elves_1;warriors_of_chaos_0;warriors_of_chaos_1,Non-Order pragmatic-alliance prior; not a numeric diplomatic guarantee,"Generic numeric aversion, opening treaties, all faction/lord/technology modifiers and multiplayer runtime behavior are not exhaustively exported; classes are analytical, not verified team legality.",,Har Ganeth Blood Voyage is a forced vassal targeting occupied Ulthuan settlements; not a general alliance ban. Hag Graef gains conditional +25/+50 daemon relations at high possession; not a permanent faction-wide alliance guarantee. Homeland vassalization is faction/settlement-specific and does not guarantee revival. Only Archaon/Be'lakor have the final-settlement forced WoC confederation route; other WoC do not.,True,
wh2_dlc11_def_the_blessed_dread,wh3_dlc27_nor_sayl,wh3_main_combi_region_zhizhu,wh3_main_combi_region_dark_tower,wh3_main_combi_province_plains_of_xen,wh3_main_combi_province_mountains_end,125.87657,primary human army world coordinates,109.090963,896.5007934570312,456.6560363769531,841.0540161132812,569.6629638671875,wh3_main_combi_region_zhizhu,wh3_main_combi_region_dark_tower,5,0.0,0.0,False,,5,False,False,cai_region_hint_area_cathay,cathay,Extended,True,Shared atlas theater and either at most six raster borders or at most 75 world units,land_raster_point,land_raster_point,,,Caravan/convoy links are context only; portal nodes lack general traversal eligibility; no shortcut inferred,Static human startup rules; later choices excluded. Maritime land anchors are descriptive; not movement routes. Secondary forces do not set primary distance.,False,The Blessed Dread,dark_elves,wh2_main_sc_def_dark_elves,Dolgan,norsca,wh_dlc08_sc_nor_norsca,Workable,False,Partial: guide evidence plus analytical prior; generic modifier matrix unmeasured,dark_elves_0;dark_elves_1;norsca_0;sayl_treaties,Non-Order pragmatic-alliance prior; not a numeric diplomatic guarantee Coordinate manipulation targets; do not infer compulsory teammate war from the stale listener.,"Generic numeric aversion, opening treaties, all faction/lord/technology modifiers and multiplayer runtime behavior are not exhaustively exported; classes are analytical, not verified team legality.",,Har Ganeth Blood Voyage is a forced vassal targeting occupied Ulthuan settlements; not a general alliance ban. Hag Graef gains conditional +25/+50 daemon relations at high possession; not a permanent faction-wide alliance guarantee. Leader-defeat tribal confederation is not an ordinary alliance restriction; human-target applicability is not proven here. Sayl Manipulations alter treaties; automatic below-zero Confidence war listener is inert in 8.1.1.,True,
wh2_dlc11_vmp_the_barrow_legion,wh2_dlc15_grn_broken_axe,wh3_main_combi_region_blackstone_post,wh3_main_combi_region_quenelles,wh3_main_combi_province_northern_grey_mountains,wh3_main_combi_province_forest_of_chalons,46.462372,primary human army world coordinates,62.93212,301.9510803222656,477.4832763671875,292.5986022949219,431.971923828125,wh3_main_combi_region_blackstone_post,wh3_main_combi_region_quenelles,3,0.0,0.0,False,,3,False,False,cai_region_hint_area_bretonnia,bretonnia,Regional,True,Within 100 units with neighboring provinces or at most four raster borders,land_raster_point,land_raster_point,,,Caravan/convoy links are context only; portal nodes lack general traversal eligibility; no shortcut inferred,Static human startup rules; later choices excluded. Maritime land anchors are descriptive; not movement routes. Secondary forces do not set primary distance.,False,The Barrow Legion,vampire_counts,wh_main_sc_vmp_vampire_counts,Broken Axe,greenskins,wh_main_sc_grn_greenskins,Workable,False,Partial: guide evidence plus analytical prior; generic modifier matrix unmeasured,greenskins_0;vampire_counts_0,Non-Order pragmatic-alliance prior; not a numeric diplomatic guarantee,"Generic numeric aversion, opening treaties, all faction/lord/technology modifiers and multiplayer runtime behavior are not exhaustively exported; classes are analytical, not verified team legality.",,Leader-defeat confederation requires an AI loser; it cannot consume the human teammate. Barrow Legion has +30 WoC/Beastmen/Norsca relations and faction Chaos-attrition immunity.,True,
wh2_dlc12_lzd_cult_of_sotek,wh2_main_lzd_itza,wh3_main_combi_region_kaiax,wh3_main_combi_region_itza,wh3_main_combi_province_the_night_forest_road,wh3_main_combi_province_river_qurveza,107.885496,primary human army world coordinates,95.33738,141.62307739257812,86.3943862915039,100.87303924560547,186.28790283203125,wh3_main_combi_region_kaiax,wh3_main_combi_region_itza,4,0.0,0.0,False,,4,False,False,cai_region_hint_area_lustria,lustria,Extended,True,Shared atlas theater and either at most six raster borders or at most 75 world units,land_raster_point,land_raster_point,,,Caravan/convoy links are context only; portal nodes lack general traversal eligibility; no shortcut inferred,Static human startup rules; later choices excluded. Maritime land anchors are descriptive; not movement routes. Secondary forces do not set primary distance.,False,Cult of Sotek,lizardmen,wh2_main_sc_lzd_lizardmen,Itza,lizardmen,wh2_main_sc_lzd_lizardmen,Clean,False,Partial: guide evidence plus analytical prior; generic modifier matrix unmeasured,lizardmen_0,Same-race ecosystem prior,"Generic numeric aversion, opening treaties, all faction/lord/technology modifiers and multiplayer runtime behavior are not exhaustively exported; classes are analytical, not verified team legality.",,Allied province capitals support the Geomantic Web; Nakai and Oxyotl use documented variants.,True,
wh2_dlc13_emp_golden_order,wh2_dlc13_lzd_spirits_of_the_jungle,wh3_main_combi_region_temple_of_elemental_winds,wh3_main_combi_region_tower_of_ashung,wh3_main_combi_province_broken_lands_of_tian_li,wh3_main_combi_province_serpent_estuary,133.104695,primary human army world coordinates,129.671571,759.553955078125,348.2773742675781,876.4597778320312,284.6386413574219,wh3_main_combi_region_temple_of_elemental_winds,wh3_main_combi_region_tower_of_ashung,4,0.0,0.0,False,,4,False,False,cai_region_hint_area_cathay,cathay,Extended,True,Shared atlas theater and either at most six raster borders or at most 75 world units,land_raster_point,land_raster_point,,,Caravan/convoy links are context only; portal nodes lack general traversal eligibility; no shortcut inferred,Static human startup rules; later choices excluded. Maritime land anchors are descriptive; not movement routes. Secondary forces do not set primary distance.,False,The Golden Order,empire,wh_main_sc_emp_empire,Spirit of the Jungle,lizardmen,wh2_main_sc_lzd_lizardmen,Workable,False,Partial: guide evidence plus analytical prior; generic modifier matrix unmeasured,empire_0;lizardmen_0;nakai_vassal,Order-adjacent but distinct territorial/diplomatic ecosystem prior Coordinate settlement gifting; no general anti-co-op restriction inferred.,"Generic numeric aversion, opening treaties, all faction/lord/technology modifiers and multiplayer runtime behavior are not exhaustively exported; classes are analytical, not verified team legality.",,Reikland Elector politics replaces ordinary confederation/NAP paths; does not establish a general military-alliance ban. Allied province capitals support the Geomantic Web; Nakai and Oxyotl use documented variants. Defenders forced vassal has locked war/peace and cannot break from Nakai.,True,
wh2_dlc13_emp_golden_order,wh3_cp1_cth_tiger_warriors,wh3_main_combi_region_temple_of_elemental_winds,wh3_main_combi_region_vale_of_titans,wh3_main_combi_province_broken_lands_of_tian_li,wh3_main_combi_province_bone_road,97.535936,primary human army world coordinates,90.993389,759.553955078125,348.2773742675781,711.4555053710938,433.1289978027344,wh3_main_combi_region_temple_of_elemental_winds,wh3_main_combi_region_vale_of_titans,2,0.0,0.0,False,,2,False,False,,cathay <-> mountains_of_mourn,Regional,True,Within 100 units with neighboring provinces or at most four raster borders,land_raster_point,land_raster_point,,,Caravan/convoy links are context only; portal nodes lack general traversal eligibility; no shortcut inferred,Static human startup rules; later choices excluded. Maritime land anchors are descriptive; not movement routes. Secondary forces do not set primary distance.,False,The Golden Order,empire,wh_main_sc_emp_empire,Claws of the White Tiger,grand_cathay,wh3_main_sc_cth_cathay,Clean,False,Partial: guide evidence plus analytical prior; generic modifier matrix unmeasured,empire_0;grand_cathay_0,Compatible Order ecosystem prior,"Generic numeric aversion, opening treaties, all faction/lord/technology modifiers and multiplayer runtime behavior are not exhaustively exported; classes are analytical, not verified team legality.",,Reikland Elector politics replaces ordinary confederation/NAP paths; does not establish a general military-alliance ban. Guide found no distinct diplomatic replacement; generic faction modifiers remain outside coverage.,True,
wh2_dlc13_emp_golden_order,wh3_main_cth_the_northern_provinces,wh3_main_combi_region_temple_of_elemental_winds,wh3_main_combi_region_nan_gau,wh3_main_combi_province_broken_lands_of_tian_li,wh3_main_combi_province_gunpowder_road,149.275172,primary human army world coordinates,156.299219,759.553955078125,348.2773742675781,761.5580444335938,497.5390930175781,wh3_main_combi_region_temple_of_elemental_winds,wh3_main_combi_region_nan_gau,4,0.0,0.0,False,,4,False,False,cai_region_hint_area_cathay,cathay,Extended,True,Shared atlas theater and either at most six raster borders or at most 75 world units,land_raster_point,land_raster_point,,,Caravan/convoy links are context only; portal nodes lack general traversal eligibility; no shortcut inferred,Static human startup rules; later choices excluded. Maritime land anchors are descriptive; not movement routes. Secondary forces do not set primary distance.,False,The Golden Order,empire,wh_main_sc_emp_empire,The Northern Provinces,grand_cathay,wh3_main_sc_cth_cathay,Clean,False,Partial: guide evidence plus analytical prior; generic modifier matrix unmeasured,empire_0;grand_cathay_0,Compatible Order ecosystem prior,"Generic numeric aversion, opening treaties, all faction/lord/technology modifiers and multiplayer runtime behavior are not exhaustively exported; classes are analytical, not verified team legality.",,Reikland Elector politics replaces ordinary confederation/NAP paths; does not establish a general military-alliance ban. Guide found no distinct diplomatic replacement; generic faction modifiers remain outside coverage.,True,
wh2_dlc13_emp_golden_order,wh3_main_cth_the_western_provinces,wh3_main_combi_region_temple_of_elemental_winds,wh3_main_combi_region_qiang,wh3_main_combi_province_broken_lands_of_tian_li,wh3_main_combi_province_wastelands_of_jinshen,41.42526,primary human army world coordinates,34.944291,759.553955078125,348.2773742675781,739.512939453125,384.53216552734375,wh3_main_combi_region_temple_of_elemental_winds,wh3_main_combi_region_qiang,1,0.0,0.0,False,,1,False,True,cai_region_hint_area_cathay,cathay,Immediate,True,Same province or adjacent starts within 100 world units,land_raster_point,land_raster_point,,irory_road_bhashiva;ivory_road_combi,Caravan/convoy links are context only; portal nodes lack general traversal eligibility; no shortcut inferred,Static human startup rules; later choices excluded. Maritime land anchors are descriptive; not movement routes. Secondary forces do not set primary distance.,False,The Golden Order,empire,wh_main_sc_emp_empire,The Western Provinces,grand_cathay,wh3_main_sc_cth_cathay,Clean,False,Partial: guide evidence plus analytical prior; generic modifier matrix unmeasured,empire_0;grand_cathay_0,Compatible Order ecosystem prior,"Generic numeric aversion, opening treaties, all faction/lord/technology modifiers and multiplayer runtime behavior are not exhaustively exported; classes are analytical, not verified team legality.",,Reikland Elector politics replaces ordinary confederation/NAP paths; does not establish a general military-alliance ban. Guide found no distinct diplomatic replacement; generic faction modifiers remain outside coverage.,True,
wh2_dlc13_emp_golden_order,wh3_main_ogr_goldtooth,wh3_main_combi_region_temple_of_elemental_winds,wh3_main_combi_region_great_hall_of_greasus,wh3_main_combi_province_broken_lands_of_tian_li,wh3_main_combi_province_ivory_road,79.451977,primary human army world coordinates,103.231298,759.553955078125,348.2773742675781,690.7465209960938,388.00335693359375,wh3_main_combi_region_temple_of_elemental_winds,wh3_main_combi_region_great_hall_of_greasus,3,0.0,0.0,False,,3,False,False,,cathay <-> mountains_of_mourn,Regional,True,Within 100 units with neighboring provinces or at most four raster borders,land_raster_point,land_raster_point,,convoy_road_combi;irory_road_bhashiva;ivory_road_combi,Caravan/convoy links are context only; portal nodes lack general traversal eligibility; no shortcut inferred,Static human startup rules; later choices excluded. Maritime land anchors are descriptive; not movement routes. Secondary forces do not set primary distance.,False,The Golden Order,empire,wh_main_sc_emp_empire,Goldtooth,ogre_kingdoms,wh3_main_sc_ogr_ogre_kingdoms,Workable,False,Partial: guide evidence plus analytical prior; generic modifier matrix unmeasured,empire_0;ogre_kingdoms_0,Ogre mercenary-neutral ecosystem prior; faction restrictions take precedence,"Generic numeric aversion, opening treaties, all faction/lord/technology modifiers and multiplayer runtime behavior are not exhaustively exported; classes are analytical, not verified team legality.",,Reikland Elector politics replaces ordinary confederation/NAP paths; does not establish a general military-alliance ban. Ogre trespass diplomacy immunity is official-source-only in the guide; battle confederation requires an AI loser.,True,
wh2_dlc13_emp_the_huntmarshals_expedition,wh2_main_lzd_itza,wh3_main_combi_region_temple_of_kara,wh3_main_combi_region_itza,wh3_main_combi_province_the_creeping_jungle,wh3_main_combi_province_river_qurveza,93.724849,primary human army world coordinates,91.236538,86.17630004882812,278.8533020019531,100.87303924560547,186.28790283203125,wh3_main_combi_region_temple_of_kara,wh3_main_combi_region_itza,4,0.0,0.0,False,,4,False,False,cai_region_hint_area_lustria,lustria,Regional,True,Within 100 units with neighboring provinces or at most four raster borders,land_raster_point,land_raster_point,,,Caravan/convoy links are context only; portal nodes lack general traversal eligibility; no shortcut inferred,Static human startup rules; later choices excluded. Maritime land anchors are descriptive; not movement routes. Secondary forces do not set primary distance.,False,The Huntsmarshal's Expedition,empire,wh_main_sc_emp_empire,Itza,lizardmen,wh2_main_sc_lzd_lizardmen,Special,False,Partial: guide evidence plus analytical prior; generic modifier matrix unmeasured,empire_0;huntsmarshal_lizards;lizardmen_0,Order-adjacent but distinct territorial/diplomatic ecosystem prior Team exception permits pairing; surrounding Lizardmen diplomacy and Hostility still need coordination. Partner appears in single-player faction objective(s); not treated as a multiplayer forced-war lock,"Generic numeric aversion, opening treaties, all faction/lord/technology modifiers and multiplayer runtime behavior are not exhaustively exported; classes are analytical, not verified team legality.",wh2_dlc13_emp_the_huntmarshals_expedition:short:002:DESTROY_FACTION,"Reikland Elector politics replaces ordinary confederation/NAP paths; does not establish a general military-alliance ban. Lizardmen diplomacy disabled except payments/war/peace, with explicit teammate exception. Allied province capitals support the Geomantic Web; Nakai and Oxyotl use documented variants.",True,
wh2_dlc13_emp_the_huntmarshals_expedition,wh3_dlc24_cth_the_celestial_court,wh3_main_combi_region_temple_of_kara,wh3_main_combi_region_isle_of_the_crimson_skull,wh3_main_combi_province_the_creeping_jungle,wh3_main_combi_province_aymara_swamps,63.642236,primary human army world coordinates,66.382691,86.17630004882812,278.8533020019531,30.729534149169922,310.0941467285156,wh3_main_combi_region_temple_of_kara,wh3_main_combi_region_isle_of_the_crimson_skull,,0.0,0.0,False,,,False,True,cai_region_hint_area_lustria,lustria,Regional,True,Within 100 units with neighboring provinces or at most four raster borders,land_raster_point,land_raster_point,,,Caravan/convoy links are context only; portal nodes lack general traversal eligibility; no shortcut inferred,Static human startup rules; later choices excluded. Maritime land anchors are descriptive; not movement routes. Secondary forces do not set primary distance.,True,The Huntsmarshal's Expedition,empire,wh_main_sc_emp_empire,The Jade Court,grand_cathay,wh3_main_sc_cth_cathay,Clean,False,Partial: guide evidence plus analytical prior; generic modifier matrix unmeasured,empire_0;grand_cathay_0,Compatible Order ecosystem prior,"Generic numeric aversion, opening treaties, all faction/lord/technology modifiers and multiplayer runtime behavior are not exhaustively exported; classes are analytical, not verified team legality.",,Reikland Elector politics replaces ordinary confederation/NAP paths; does not establish a general military-alliance ban. Guide found no distinct diplomatic replacement; generic faction modifiers remain outside coverage.,True,
wh2_dlc13_emp_the_huntmarshals_expedition,wh_main_brt_bordeleaux,wh3_main_combi_region_temple_of_kara,wh3_main_combi_region_temple_of_tlencan,wh3_main_combi_province_the_creeping_jungle,wh3_main_combi_province_scorpion_coast,61.070565,primary human army world coordinates,49.302197,86.17630004882812,278.8533020019531,140.9550323486328,251.85507202148438,wh3_main_combi_region_temple_of_kara,wh3_main_combi_region_temple_of_tlencan,3,0.0,0.0,False,,3,False,True,cai_region_hint_area_lustria,lustria,Regional,True,Within 100 units with neighboring provinces or at most four raster borders,land_raster_point,land_raster_point,,,Caravan/convoy links are context only; portal nodes lack general traversal eligibility; no shortcut inferred,Static human startup rules; later choices excluded. Maritime land anchors are descriptive; not movement routes. Secondary forces do not set primary distance.,False,The Huntsmarshal's Expedition,empire,wh_main_sc_emp_empire,Bordeleaux Errant,bretonnia,wh_main_sc_brt_bretonnia,Clean,False,Partial: guide evidence plus analytical prior; generic modifier matrix unmeasured,bretonnia_0;empire_0,Compatible Order ecosystem prior,"Generic numeric aversion, opening treaties, all faction/lord/technology modifiers and multiplayer runtime behavior are not exhaustively exported; classes are analytical, not verified team legality.",,Human confederation cooldown exemption is not permission to absorb a human teammate. Reikland Elector politics replaces ordinary confederation/NAP paths; does not establish a general military-alliance ban.,True,
wh2_dlc14_brt_chevaliers_de_lyonesse,wh3_main_emp_cult_of_sigmar,wh3_main_combi_region_copher,wh3_main_combi_region_sudenburg,wh3_main_combi_province_coast_of_araby,wh3_main_combi_province_land_of_the_dervishes,84.398095,primary human army world coordinates,81.352117,325.3322448730469,258.7974548339844,372.7626037597656,188.9877166748047,wh3_main_combi_region_copher,wh3_main_combi_region_sudenburg,4,0.0,0.0,False,,4,False,False,cai_region_hint_area_southlands,southlands,Regional,True,Within 100 units with neighboring provinces or at most four raster borders,land_raster_point,land_raster_point,,,Caravan/convoy links are context only; portal nodes lack general traversal eligibility; no shortcut inferred,Static human startup rules; later choices excluded. Maritime land anchors are descriptive; not movement routes. Secondary forces do not set primary distance.,False,Chevaliers de Lyonesse,bretonnia,wh_main_sc_brt_bretonnia,Cult of Sigmar,empire,wh_main_sc_emp_empire,Clean,False,Partial: guide evidence plus analytical prior; generic modifier matrix unmeasured,bretonnia_0;empire_0,Compatible Order ecosystem prior,"Generic numeric aversion, opening treaties, all faction/lord/technology modifiers and multiplayer runtime behavior are not exhaustively exported; classes are analytical, not verified team legality.",,Human confederation cooldown exemption is not permission to absorb a human teammate. Reikland Elector politics replaces ordinary confederation/NAP paths; does not establish a general military-alliance ban.,True,
wh2_dlc15_grn_bonerattlaz,wh3_dlc23_chd_astragoth,wh3_main_combi_region_khazid_irkulaz,wh3_main_combi_region_uzkulak,wh3_main_combi_province_northern_worlds_edge_mountains,wh3_main_combi_province_zorn_uzkul,46.462356,primary human army world coordinates,54.762847,529.7504272460938,534.1795654296875,573.8406372070312,548.8357543945312,wh3_main_combi_region_khazid_irkulaz,wh3_main_combi_region_uzkulak,1,0.0,0.0,False,,1,False,True,,darklands <-> dwarf_empire,Immediate,True,Same province or adjacent starts within 100 world units,land_raster_point,land_raster_point,,convoy_road_combi;irory_road_bhashiva;ivory_road_combi,Caravan/convoy links are context only; portal nodes lack general traversal eligibility; no shortcut inferred,Static human startup rules; later choices excluded. Maritime land anchors are descriptive; not movement routes. Secondary forces do not set primary distance.,False,Bonerattlaz,greenskins,wh_main_sc_grn_greenskins,Disciples of Hashut,chaos_dwarfs,wh3_dlc23_sc_chd_chaos_dwarfs,Workable,False,Partial: guide evidence plus analytical prior; generic modifier matrix unmeasured,chaos_dwarfs_0;greenskins_0,Non-Order pragmatic-alliance prior; not a numeric diplomatic guarantee,"Generic numeric aversion, opening treaties, all faction/lord/technology modifiers and multiplayer runtime behavior are not exhaustively exported; classes are analytical, not verified team legality.",,Tower-seat usurpation causes a five-turn diplomatic penalty; coordinate seat claims. Leader-defeat confederation requires an AI loser; it cannot consume the human teammate.,True,
wh2_dlc15_grn_bonerattlaz,wh3_dlc26_kho_arbaal,wh3_main_combi_region_khazid_irkulaz,wh3_main_combi_region_pillar_of_skulls,wh3_main_combi_province_northern_worlds_edge_mountains,wh3_main_combi_province_the_skull_road,96.505596,primary human army world coordinates,117.209026,529.7504272460938,534.1795654296875,571.1685180664062,621.3453369140625,wh3_main_combi_region_khazid_irkulaz,wh3_main_combi_region_pillar_of_skulls,3,0.0,0.0,False,,3,False,False,,chaos_wastes <-> dwarf_empire,Regional,True,Within 100 units with neighboring provinces or at most four raster borders,land_raster_point,land_raster_point,,,Caravan/convoy links are context only; portal nodes lack general traversal eligibility; no shortcut inferred,Static human startup rules; later choices excluded. Maritime land anchors are descriptive; not movement routes. Secondary forces do not set primary distance.,False,Bonerattlaz,greenskins,wh_main_sc_grn_greenskins,Challengers of Khorne,khorne,wh3_main_sc_kho_khorne,Workable,False,Partial: guide evidence plus analytical prior; generic modifier matrix unmeasured,greenskins_0;khorne_0,Non-Order pragmatic-alliance prior; not a numeric diplomatic guarantee,"Generic numeric aversion, opening treaties, all faction/lord/technology modifiers and multiplayer runtime behavior are not exhaustively exported; classes are analytical, not verified team legality.",,Leader-defeat confederation requires an AI loser; it cannot consume the human teammate. No bespoke diplomacy override established; absence does not imply zero generic aversion.,True,
wh2_dlc15_grn_bonerattlaz,wh_main_grn_crooked_moon,wh3_main_combi_region_khazid_irkulaz,wh3_main_combi_region_mount_gunbad,wh3_main_combi_province_northern_worlds_edge_mountains,wh3_main_combi_province_deadrock_gap,97.340485,primary human army world coordinates,66.850384,529.7504272460938,534.1795654296875,535.0947265625,436.98590087890625,wh3_main_combi_region_khazid_irkulaz,wh3_main_combi_region_mount_gunbad,3,0.0,0.0,False,,3,False,False,cai_region_hint_area_dwarf_empire,dwarf_empire,Regional,True,Within 100 units with neighboring provinces or at most four raster borders,land_raster_point,land_raster_point,,,Caravan/convoy links are context only; portal nodes lack general traversal eligibility; no shortcut inferred,Static human startup rules; later choices excluded. Maritime land anchors are descriptive; not movement routes. Secondary forces do not set primary distance.,False,Bonerattlaz,greenskins,wh_main_sc_grn_greenskins,Crooked Moon,greenskins,wh_main_sc_grn_greenskins,Clean,False,Partial: guide evidence plus analytical prior; generic modifier matrix unmeasured,greenskins_0,Same-race ecosystem prior,"Generic numeric aversion, opening treaties, all faction/lord/technology modifiers and multiplayer runtime behavior are not exhaustively exported; classes are analytical, not verified team legality.",,Leader-defeat confederation requires an AI loser; it cannot consume the human teammate.,True,
wh2_dlc15_grn_bonerattlaz,wh_main_vmp_schwartzhafen,wh3_main_combi_region_khazid_irkulaz,wh3_main_combi_region_castle_drakenhof,wh3_main_combi_province_northern_worlds_edge_mountains,wh3_main_combi_province_southern_sylvania,73.943755,primary human army world coordinates,72.86453,529.7504272460938,534.1795654296875,479.64794921875,479.7973937988281,wh3_main_combi_region_khazid_irkulaz,wh3_main_combi_region_castle_drakenhof,3,0.0,0.0,False,,3,False,False,,dwarf_empire <-> empire,Regional,True,Within 100 units with neighboring provinces or at most four raster borders,land_raster_point,land_raster_point,,ivory_road_combi,Caravan/convoy links are context only; portal nodes lack general traversal eligibility; no shortcut inferred,Static human startup rules; later choices excluded. Maritime land anchors are descriptive; not movement routes. Secondary forces do not set primary distance.,False,Bonerattlaz,greenskins,wh_main_sc_grn_greenskins,Sylvania,vampire_counts,wh_main_sc_vmp_vampire_counts,Workable,False,Partial: guide evidence plus analytical prior; generic modifier matrix unmeasured,greenskins_0;vampire_counts_0,Non-Order pragmatic-alliance prior; not a numeric diplomatic guarantee,"Generic numeric aversion, opening treaties, all faction/lord/technology modifiers and multiplayer runtime behavior are not exhaustively exported; classes are analytical, not verified team legality.",,Leader-defeat confederation requires an AI loser; it cannot consume the human teammate. Barrow Legion has +30 WoC/Beastmen/Norsca relations and faction Chaos-attrition immunity.,True,
wh2_dlc15_grn_broken_axe,wh2_main_skv_clan_skryre,wh3_main_combi_region_quenelles,wh3_main_combi_region_tobaro,wh3_main_combi_province_forest_of_chalons,wh3_main_combi_province_estalia,87.111116,primary human army world coordinates,85.332714,292.5986022949219,431.971923828125,308.63140869140625,346.34893798828125,wh3_main_combi_region_quenelles,wh3_main_combi_region_tobaro,3,0.0,0.0,False,,3,False,False,,border_princes <-> bretonnia,Regional,True,Within 100 units with neighboring provinces or at most four raster borders,land_raster_point,land_raster_point,,,Caravan/convoy links are context only; portal nodes lack general traversal eligibility; no shortcut inferred,Static human startup rules; later choices excluded. Maritime land anchors are descriptive; not movement routes. Secondary forces do not set primary distance.,False,Broken Axe,greenskins,wh_main_sc_grn_greenskins,Clan Skryre,skaven,wh2_main_sc_skv_skaven,Workable,False,Partial: guide evidence plus analytical prior; generic modifier matrix unmeasured,greenskins_0;skaven_0,Non-Order pragmatic-alliance prior; not a numeric diplomatic guarantee,"Generic numeric aversion, opening treaties, all faction/lord/technology modifiers and multiplayer runtime behavior are not exhaustively exported; classes are analytical, not verified team legality.",,Leader-defeat confederation requires an AI loser; it cannot consume the human teammate. Vermintide war declaration explicitly excludes teammates; this is not blanket protection against all Under-City damage.,True,
wh2_dlc16_wef_drycha,wh3_main_ksl_the_great_orthodoxy,wh3_main_combi_region_gryphon_wood,wh3_main_combi_region_erengrad,wh3_main_combi_province_gryphon_wood,wh3_main_combi_province_river_lynsk,88.936266,primary human army world coordinates,72.252816,444.91021728515625,521.4518432617188,420.86102294921875,607.0748291015625,wh3_main_combi_region_gryphon_wood,wh3_main_combi_region_erengrad,3,0.0,0.0,False,,3,False,False,,empire <-> kislev,Regional,True,Within 100 units with neighboring provinces or at most four raster borders,land_raster_point,land_raster_point,,ivory_road_combi,Caravan/convoy links are context only; portal nodes lack general traversal eligibility; no shortcut inferred,Static human startup rules; later choices excluded. Maritime land anchors are descriptive; not movement routes. Secondary forces do not set primary distance.,False,Wargrove of Woe,wood_elves,wh_dlc05_sc_wef_wood_elves,The Great Orthodoxy,kislev,wh3_main_sc_ksl_kislev,Workable,False,Partial: guide evidence plus analytical prior; generic modifier matrix unmeasured,kislev_0;wood_elves_0;wood_elves_1,Order-adjacent but distinct territorial/diplomatic ecosystem prior,"Generic numeric aversion, opening treaties, all faction/lord/technology modifiers and multiplayer runtime behavior are not exhaustively exported; classes are analytical, not verified team legality.",,Old supporter-race forced confederation and intra-Kislev war ban are obsolete; ordinary diplomacy applies. Rebirth completion is global and one-time in co-op; Ariel is globally unique. Drycha can confederate only Argwylon; not a general ban on Wood Elf alliances.,True,
wh2_dlc16_wef_drycha,wh3_main_ksl_the_ice_court,wh3_main_combi_region_gryphon_wood,wh3_main_combi_region_zavastra,wh3_main_combi_province_gryphon_wood,wh3_main_combi_province_southern_oblast,42.299388,primary human army world coordinates,44.172598,444.91021728515625,521.4518432617188,462.2790832519531,560.020751953125,wh3_main_combi_region_gryphon_wood,wh3_main_combi_region_zavastra,2,0.0,0.0,False,,2,False,False,,empire <-> kislev,Regional,True,Within 100 units with neighboring provinces or at most four raster borders,land_raster_point,land_raster_point,,,Caravan/convoy links are context only; portal nodes lack general traversal eligibility; no shortcut inferred,Static human startup rules; later choices excluded. Maritime land anchors are descriptive; not movement routes. Secondary forces do not set primary distance.,False,Wargrove of Woe,wood_elves,wh_dlc05_sc_wef_wood_elves,The Ice Court,kislev,wh3_main_sc_ksl_kislev,Workable,False,Partial: guide evidence plus analytical prior; generic modifier matrix unmeasured,kislev_0;wood_elves_0;wood_elves_1,Order-adjacent but distinct territorial/diplomatic ecosystem prior,"Generic numeric aversion, opening treaties, all faction/lord/technology modifiers and multiplayer runtime behavior are not exhaustively exported; classes are analytical, not verified team legality.",,Old supporter-race forced confederation and intra-Kislev war ban are obsolete; ordinary diplomacy applies. Rebirth completion is global and one-time in co-op; Ariel is globally unique. Drycha can confederate only Argwylon; not a general ban on Wood Elf alliances.,True,
wh2_dlc16_wef_drycha,wh_main_dwf_karak_kadrin,wh3_main_combi_region_gryphon_wood,wh3_main_combi_region_karak_kadrin,wh3_main_combi_province_gryphon_wood,wh3_main_combi_province_peak_pass,76.93702,primary human army world coordinates,61.825911,444.91021728515625,521.4518432617188,515.7217407226562,491.3680725097656,wh3_main_combi_region_gryphon_wood,wh3_main_combi_region_karak_kadrin,3,0.0,0.0,False,,3,False,False,,dwarf_empire <-> empire,Regional,True,Within 100 units with neighboring provinces or at most four raster borders,land_raster_point,land_raster_point,,,Caravan/convoy links are context only; portal nodes lack general traversal eligibility; no shortcut inferred,Static human startup rules; later choices excluded. Maritime land anchors are descriptive; not movement routes. Secondary forces do not set primary distance.,False,Wargrove of Woe,wood_elves,wh_dlc05_sc_wef_wood_elves,Karak Kadrin,dwarfs,wh_main_sc_dwf_dwarfs,Workable,False,Partial: guide evidence plus analytical prior; generic modifier matrix unmeasured,dwarfs_0;dwarfs_1;wood_elves_0;wood_elves_1,Order-adjacent but distinct territorial/diplomatic ecosystem prior,"Generic numeric aversion, opening treaties, all faction/lord/technology modifiers and multiplayer runtime behavior are not exhaustively exported; classes are analytical, not verified team legality.",,Grudge accumulation responds to hostile conduct; positive diplomacy reduces it. Different allied Dwarf owners can enable conditional Deeps trade/diplomacy benefits. Rebirth completion is global and one-time in co-op; Ariel is globally unique. Drycha can confederate only Argwylon; not a general ban on Wood Elf alliances.,True,
wh2_dlc16_wef_drycha,wh_main_emp_empire,wh3_main_combi_region_gryphon_wood,wh3_main_combi_region_altdorf,wh3_main_combi_province_gryphon_wood,wh3_main_combi_province_reikland,98.998232,primary human army world coordinates,106.507683,444.91021728515625,521.4518432617188,350.717529296875,490.9823913574219,wh3_main_combi_region_gryphon_wood,wh3_main_combi_region_altdorf,4,0.0,0.0,False,,4,False,False,cai_region_hint_area_empire,empire,Regional,True,Within 100 units with neighboring provinces or at most four raster borders,land_raster_point,land_raster_point,,ivory_road_combi,Caravan/convoy links are context only; portal nodes lack general traversal eligibility; no shortcut inferred,Static human startup rules; later choices excluded. Maritime land anchors are descriptive; not movement routes. Secondary forces do not set primary distance.,False,Wargrove of Woe,wood_elves,wh_dlc05_sc_wef_wood_elves,Reikland,empire,wh_main_sc_emp_empire,Workable,False,Partial: guide evidence plus analytical prior; generic modifier matrix unmeasured,empire_0;wood_elves_0;wood_elves_1,Order-adjacent but distinct territorial/diplomatic ecosystem prior,"Generic numeric aversion, opening treaties, all faction/lord/technology modifiers and multiplayer runtime behavior are not exhaustively exported; classes are analytical, not verified team legality.",,Reikland Elector politics replaces ordinary confederation/NAP paths; does not establish a general military-alliance ban. Rebirth completion is global and one-time in co-op; Ariel is globally unique. Drycha can confederate only Argwylon; not a general ban on Wood Elf alliances.,True,
wh2_dlc16_wef_drycha,wh_main_emp_wissenland,wh3_main_combi_region_gryphon_wood,wh3_main_combi_region_nuln,wh3_main_combi_province_gryphon_wood,wh3_main_combi_province_wissenland,96.557985,primary human army world coordinates,100.529833,444.91021728515625,521.4518432617188,366.75030517578125,464.7555236816406,wh3_main_combi_region_gryphon_wood,wh3_main_combi_region_nuln,4,0.0,0.0,False,,4,False,False,cai_region_hint_area_empire,empire,Regional,True,Within 100 units with neighboring provinces or at most four raster borders,land_raster_point,land_raster_point,,ivory_road_combi,Caravan/convoy links are context only; portal nodes lack general traversal eligibility; no shortcut inferred,Static human startup rules; later choices excluded. Maritime land anchors are descriptive; not movement routes. Secondary forces do not set primary distance.,False,Wargrove of Woe,wood_elves,wh_dlc05_sc_wef_wood_elves,Wissenland & Nuln,empire,wh_main_sc_emp_empire,Workable,False,Partial: guide evidence plus analytical prior; generic modifier matrix unmeasured,empire_0;wood_elves_0;wood_elves_1,Order-adjacent but distinct territorial/diplomatic ecosystem prior,"Generic numeric aversion, opening treaties, all faction/lord/technology modifiers and multiplayer runtime behavior are not exhaustively exported; classes are analytical, not verified team legality.",,Reikland Elector politics replaces ordinary confederation/NAP paths; does not establish a general military-alliance ban. Rebirth completion is global and one-time in co-op; Ariel is globally unique. Drycha can confederate only Argwylon; not a general ban on Wood Elf alliances.,True,
wh2_dlc16_wef_sisters_of_twilight,wh2_main_hef_nagarythe,wh3_main_combi_region_the_witchwood,wh3_main_combi_region_the_monoliths,wh3_main_combi_province_the_witchwood,wh3_main_combi_province_granite_hills,110.990103,primary human army world coordinates,103.2664,54.11070251464844,519.5233764648438,141.62307739257812,587.7904052734375,wh3_main_combi_region_the_witchwood,wh3_main_combi_region_the_monoliths,4,0.0,0.0,False,,4,False,False,cai_region_hint_area_naggarond,naggarond,Extended,True,Shared atlas theater and either at most six raster borders or at most 75 world units,land_raster_point,land_raster_point,,,Caravan/convoy links are context only; portal nodes lack general traversal eligibility; no shortcut inferred,Static human startup rules; later choices excluded. Maritime land anchors are descriptive; not movement routes. Secondary forces do not set primary distance.,False,Heralds of Ariel,wood_elves,wh_dlc05_sc_wef_wood_elves,Nagarythe,high_elves,wh2_main_sc_hef_high_elves,Workable,False,Partial: guide evidence plus analytical prior; generic modifier matrix unmeasured,high_elves_0;wood_elves_0;wood_elves_1,Order-adjacent but distinct territorial/diplomatic ecosystem prior,"Generic numeric aversion, opening treaties, all faction/lord/technology modifiers and multiplayer runtime behavior are not exhaustively exported; classes are analytical, not verified team legality.",,Eataine can unlock Champion actions through alliances with other legendary High Elf factions. Rebirth completion is global and one-time in co-op; Ariel is globally unique. Drycha can confederate only Argwylon; not a general ban on Wood Elf alliances.,True,
wh2_dlc16_wef_sisters_of_twilight,wh3_dlc24_ksl_daughters_of_the_forest,wh3_main_combi_region_the_witchwood,wh3_main_combi_region_bleak_hold_fortress,wh3_main_combi_province_the_witchwood,wh3_main_combi_province_the_bleak_coast,45.998978,primary human army world coordinates,34.830145,54.11070251464844,519.5233764648438,64.79923248291016,474.783447265625,wh3_main_combi_region_the_witchwood,wh3_main_combi_region_bleak_hold_fortress,2,0.0,0.0,False,,2,False,False,cai_region_hint_area_naggarond,naggarond,Regional,True,Within 100 units with neighboring provinces or at most four raster borders,land_raster_point,land_raster_point,,,Caravan/convoy links are context only; portal nodes lack general traversal eligibility; no shortcut inferred,Static human startup rules; later choices excluded. Maritime land anchors are descriptive; not movement routes. Secondary forces do not set primary distance.,False,Heralds of Ariel,wood_elves,wh_dlc05_sc_wef_wood_elves,Daughters of the Forest,kislev,wh3_main_sc_ksl_kislev,Workable,False,Partial: guide evidence plus analytical prior; generic modifier matrix unmeasured,kislev_0;wood_elves_0;wood_elves_1,Order-adjacent but distinct territorial/diplomatic ecosystem prior,"Generic numeric aversion, opening treaties, all faction/lord/technology modifiers and multiplayer runtime behavior are not exhaustively exported; classes are analytical, not verified team legality.",,Old supporter-race forced confederation and intra-Kislev war ban are obsolete; ordinary diplomacy applies. Rebirth completion is global and one-time in co-op; Ariel is globally unique. Drycha can confederate only Argwylon; not a general ban on Wood Elf alliances.,True,
wh2_dlc16_wef_sisters_of_twilight,wh3_main_dwf_the_ancestral_throng,wh3_main_combi_region_the_witchwood,wh3_main_combi_region_eldar_spire,wh3_main_combi_province_the_witchwood,wh3_main_combi_province_iron_coast,104.067528,primary human army world coordinates,127.825707,54.11070251464844,519.5233764648438,11.3565673828125,614.4029541015625,wh3_main_combi_region_the_witchwood,wh3_main_combi_region_eldar_spire,5,0.0,0.0,False,,5,False,False,cai_region_hint_area_naggarond,naggarond,Extended,True,Shared atlas theater and either at most six raster borders or at most 75 world units,land_raster_point,land_raster_point,,,Caravan/convoy links are context only; portal nodes lack general traversal eligibility; no shortcut inferred,Static human startup rules; later choices excluded. Maritime land anchors are descriptive; not movement routes. Secondary forces do not set primary distance.,False,Heralds of Ariel,wood_elves,wh_dlc05_sc_wef_wood_elves,The Ancestral Throng,dwarfs,wh_main_sc_dwf_dwarfs,Workable,False,Partial: guide evidence plus analytical prior; generic modifier matrix unmeasured,dwarfs_0;dwarfs_1;wood_elves_0;wood_elves_1,Order-adjacent but distinct territorial/diplomatic ecosystem prior,"Generic numeric aversion, opening treaties, all faction/lord/technology modifiers and multiplayer runtime behavior are not exhaustively exported; classes are analytical, not verified team legality.",,Grudge accumulation responds to hostile conduct; positive diplomacy reduces it. Different allied Dwarf owners can enable conditional Deeps trade/diplomacy benefits. Rebirth completion is global and one-time in co-op; Ariel is globally unique. Drycha can confederate only Argwylon; not a general ban on Wood Elf alliances.,True,
wh2_dlc17_dwf_thorek_ironbrow,wh2_main_hef_order_of_loremasters,wh3_main_combi_region_karak_zorn,wh3_main_combi_region_dawns_light,wh3_main_combi_province_southlands_worlds_edge_mountains,wh3_main_combi_province_dawns_landing,136.951722,primary human army world coordinates,130.896415,459.6069641113281,175.1029052734375,392.1355895996094,55.9249382019043,wh3_main_combi_region_karak_zorn,wh3_main_combi_region_dawns_light,5,0.0,0.0,False,,5,False,False,cai_region_hint_area_southlands,southlands,Extended,True,Shared atlas theater and either at most six raster borders or at most 75 world units,land_raster_point,land_raster_point,,,Caravan/convoy links are context only; portal nodes lack general traversal eligibility; no shortcut inferred,Static human startup rules; later choices excluded. Maritime land anchors are descriptive; not movement routes. Secondary forces do not set primary distance.,False,Ironbrow's Expedition,dwarfs,wh_main_sc_dwf_dwarfs,Order of Loremasters,high_elves,wh2_main_sc_hef_high_elves,Workable,False,Partial: guide evidence plus analytical prior; generic modifier matrix unmeasured,dwarfs_0;dwarfs_1;high_elves_0,Order-adjacent but distinct territorial/diplomatic ecosystem prior,"Generic numeric aversion, opening treaties, all faction/lord/technology modifiers and multiplayer runtime behavior are not exhaustively exported; classes are analytical, not verified team legality.",,Grudge accumulation responds to hostile conduct; positive diplomacy reduces it. Different allied Dwarf owners can enable conditional Deeps trade/diplomacy benefits. Eataine can unlock Champion actions through alliances with other legendary High Elf factions.,True,
wh2_dlc17_dwf_thorek_ironbrow,wh2_main_lzd_last_defenders,wh3_main_combi_region_karak_zorn,wh3_main_combi_region_teotiqua,wh3_main_combi_province_southlands_worlds_edge_mountains,wh3_main_combi_province_the_golden_pass,38.313519,primary human army world coordinates,41.86537,459.6069641113281,175.1029052734375,482.3200988769531,144.24777221679688,wh3_main_combi_region_karak_zorn,wh3_main_combi_region_teotiqua,1,0.0,0.0,False,,1,False,True,cai_region_hint_area_southlands,southlands,Immediate,True,Same province or adjacent starts within 100 world units,land_raster_point,land_raster_point,,,Caravan/convoy links are context only; portal nodes lack general traversal eligibility; no shortcut inferred,Static human startup rules; later choices excluded. Maritime land anchors are descriptive; not movement routes. Secondary forces do not set primary distance.,False,Ironbrow's Expedition,dwarfs,wh_main_sc_dwf_dwarfs,Last Defenders,lizardmen,wh2_main_sc_lzd_lizardmen,Workable,False,Partial: guide evidence plus analytical prior; generic modifier matrix unmeasured,dwarfs_0;dwarfs_1;lizardmen_0,Order-adjacent but distinct territorial/diplomatic ecosystem prior,"Generic numeric aversion, opening treaties, all faction/lord/technology modifiers and multiplayer runtime behavior are not exhaustively exported; classes are analytical, not verified team legality.",,Grudge accumulation responds to hostile conduct; positive diplomacy reduces it. Different allied Dwarf owners can enable conditional Deeps trade/diplomacy benefits. Allied province capitals support the Geomantic Web; Nakai and Oxyotl use documented variants.,True,
wh2_dlc17_dwf_thorek_ironbrow,wh2_main_lzd_tlaqua,wh3_main_combi_region_karak_zorn,wh3_main_combi_region_deaths_head_monoliths,wh3_main_combi_province_southlands_worlds_edge_mountains,wh3_main_combi_province_western_jungles,115.121614,primary human army world coordinates,120.955723,459.6069641113281,175.1029052734375,345.3732604980469,160.83241271972656,wh3_main_combi_region_karak_zorn,wh3_main_combi_region_deaths_head_monoliths,4,0.0,0.0,False,,4,False,False,cai_region_hint_area_southlands,southlands,Extended,True,Shared atlas theater and either at most six raster borders or at most 75 world units,land_raster_point,land_raster_point,,,Caravan/convoy links are context only; portal nodes lack general traversal eligibility; no shortcut inferred,Static human startup rules; later choices excluded. Maritime land anchors are descriptive; not movement routes. Secondary forces do not set primary distance.,False,Ironbrow's Expedition,dwarfs,wh_main_sc_dwf_dwarfs,Tlaqua,lizardmen,wh2_main_sc_lzd_lizardmen,Workable,False,Partial: guide evidence plus analytical prior; generic modifier matrix unmeasured,dwarfs_0;dwarfs_1;lizardmen_0,Order-adjacent but distinct territorial/diplomatic ecosystem prior,"Generic numeric aversion, opening treaties, all faction/lord/technology modifiers and multiplayer runtime behavior are not exhaustively exported; classes are analytical, not verified team legality.",,Grudge accumulation responds to hostile conduct; positive diplomacy reduces it. Different allied Dwarf owners can enable conditional Deeps trade/diplomacy benefits. Allied province capitals support the Geomantic Web; Nakai and Oxyotl use documented variants.,True,
wh2_dlc17_dwf_thorek_ironbrow,wh3_main_emp_cult_of_sigmar,wh3_main_combi_region_karak_zorn,wh3_main_combi_region_sudenburg,wh3_main_combi_province_southlands_worlds_edge_mountains,wh3_main_combi_province_land_of_the_dervishes,87.947319,primary human army world coordinates,91.32526,459.6069641113281,175.1029052734375,372.7626037597656,188.9877166748047,wh3_main_combi_region_karak_zorn,wh3_main_combi_region_sudenburg,3,0.0,0.0,False,,3,False,False,cai_region_hint_area_southlands,southlands,Regional,True,Within 100 units with neighboring provinces or at most four raster borders,land_raster_point,land_raster_point,,,Caravan/convoy links are context only; portal nodes lack general traversal eligibility; no shortcut inferred,Static human startup rules; later choices excluded. Maritime land anchors are descriptive; not movement routes. Secondary forces do not set primary distance.,False,Ironbrow's Expedition,dwarfs,wh_main_sc_dwf_dwarfs,Cult of Sigmar,empire,wh_main_sc_emp_empire,Clean,False,Partial: guide evidence plus analytical prior; generic modifier matrix unmeasured,dwarfs_0;dwarfs_1;empire_0,Compatible Order ecosystem prior,"Generic numeric aversion, opening treaties, all faction/lord/technology modifiers and multiplayer runtime behavior are not exhaustively exported; classes are analytical, not verified team legality.",,Grudge accumulation responds to hostile conduct; positive diplomacy reduces it. Different allied Dwarf owners can enable conditional Deeps trade/diplomacy benefits. Reikland Elector politics replaces ordinary confederation/NAP paths; does not establish a general military-alliance ban.,True,
wh2_main_def_hag_graef,wh3_dlc25_nur_epidemius,wh3_main_combi_region_black_rock,wh3_main_combi_region_bilious_cliffs,wh3_main_combi_province_the_eternal_lagoon,wh3_main_combi_province_the_noisome_tumour,31.926128,primary human army world coordinates,27.933392,389.46343994140625,718.5390014648438,420.86102294921875,712.7537231445312,wh3_main_combi_region_black_rock,wh3_main_combi_region_bilious_cliffs,1,0.0,0.0,False,,1,False,True,cai_region_hint_area_chaos_wastes,chaos_wastes,Immediate,True,Same province or adjacent starts within 100 world units,land_raster_point,land_raster_point,,convoy_road_combi,Caravan/convoy links are context only; portal nodes lack general traversal eligibility; no shortcut inferred,Static human startup rules; later choices excluded. Maritime land anchors are descriptive; not movement routes. Secondary forces do not set primary distance.,False,Hag Graef,dark_elves,wh2_main_sc_def_dark_elves,Tallymen of Pestilence,nurgle,wh3_main_sc_nur_nurgle,Workable,False,Partial: guide evidence plus analytical prior; generic modifier matrix unmeasured,dark_elves_0;dark_elves_1;epidemius_plagues;malus_daemons;nurgle_0,"Non-Order pragmatic-alliance prior; not a numeric diplomatic guarantee Conditional bridge, not permanent Clean compatibility. Cross-race allies need plague coordination; downgrade Clean to Workable. Partner appears in single-player faction objective(s); not treated as a multiplayer forced-war lock","Generic numeric aversion, opening treaties, all faction/lord/technology modifiers and multiplayer runtime behavior are not exhaustively exported; classes are analytical, not verified team legality.",wh3_dlc25_nur_epidemius:short:001:DESTROY_FACTION,Har Ganeth Blood Voyage is a forced vassal targeting occupied Ulthuan settlements; not a general alliance ban. Hag Graef gains conditional +25/+50 daemon relations at high possession; not a permanent faction-wide alliance guarantee. Non-Nurgle allies can count in the negative-plague Tally. High possession supplies +25/+50 daemon diplomacy. Epidemius can count negatively plagued non-Nurgle allies; alliance status provides no documented protection.,True,
wh2_main_def_hag_graef,wh3_main_dae_daemon_prince,wh3_main_combi_region_black_rock,wh3_main_combi_region_volcanos_heart,wh3_main_combi_province_the_eternal_lagoon,wh3_main_combi_province_plain_of_illusions,67.95578,primary human army world coordinates,71.602816,389.46343994140625,718.5390014648438,456.934814453125,726.6384887695312,wh3_main_combi_region_black_rock,wh3_main_combi_region_volcanos_heart,2,0.0,0.0,False,,2,False,False,cai_region_hint_area_chaos_wastes,chaos_wastes,Regional,True,Within 100 units with neighboring provinces or at most four raster borders,land_raster_point,land_raster_point,,,Caravan/convoy links are context only; portal nodes lack general traversal eligibility; no shortcut inferred,Static human startup rules; later choices excluded. Maritime land anchors are descriptive; not movement routes. Secondary forces do not set primary distance.,False,Hag Graef,dark_elves,wh2_main_sc_def_dark_elves,Legion of Chaos,daemons_of_chaos,wh3_main_sc_dae_daemons,Workable,False,Partial: guide evidence plus analytical prior; generic modifier matrix unmeasured,daemons_of_chaos_0;dark_elves_0;dark_elves_1;malus_daemons,"Non-Order pragmatic-alliance prior; not a numeric diplomatic guarantee Conditional bridge, not permanent Clean compatibility.","Generic numeric aversion, opening treaties, all faction/lord/technology modifiers and multiplayer runtime behavior are not exhaustively exported; classes are analytical, not verified team legality.",,Guide establishes no bespoke diplomacy override; generic aversion and dedication-state modifiers remain unmeasured. Har Ganeth Blood Voyage is a forced vassal targeting occupied Ulthuan settlements; not a general alliance ban. Hag Graef gains conditional +25/+50 daemon relations at high possession; not a permanent faction-wide alliance guarantee. High possession supplies +25/+50 daemon diplomacy.,True,
wh2_main_def_har_ganeth,wh2_main_def_naggarond,wh3_main_combi_region_har_ganeth,wh3_main_combi_region_har_kaldra,wh3_main_combi_province_the_road_of_skulls,wh3_main_combi_province_iron_foothills,66.843415,primary human army world coordinates,82.266979,132.9386444091797,642.1725463867188,66.13529968261719,644.4866943359375,wh3_main_combi_region_har_ganeth,wh3_main_combi_region_har_kaldra,3,0.0,0.0,False,,3,False,False,cai_region_hint_area_naggarond,naggarond,Regional,True,Within 100 units with neighboring provinces or at most four raster borders,land_raster_point,land_raster_point,,,Caravan/convoy links are context only; portal nodes lack general traversal eligibility; no shortcut inferred,Static human startup rules; later choices excluded. Maritime land anchors are descriptive; not movement routes. Secondary forces do not set primary distance.,False,Har Ganeth,dark_elves,wh2_main_sc_def_dark_elves,Naggarond,dark_elves,wh2_main_sc_def_dark_elves,Clean,False,Partial: guide evidence plus analytical prior; generic modifier matrix unmeasured,dark_elves_0;dark_elves_1,Same-race ecosystem prior,"Generic numeric aversion, opening treaties, all faction/lord/technology modifiers and multiplayer runtime behavior are not exhaustively exported; classes are analytical, not verified team legality.",,Har Ganeth Blood Voyage is a forced vassal targeting occupied Ulthuan settlements; not a general alliance ban. Hag Graef gains conditional +25/+50 daemon relations at high possession; not a permanent faction-wide alliance guarantee.,True,
wh2_main_def_har_ganeth,wh3_dlc20_chs_sigvald,wh3_main_combi_region_har_ganeth,wh3_main_combi_region_fortress_of_the_damned,wh3_main_combi_province_the_road_of_skulls,wh3_main_combi_province_the_shard_lands,122.219061,primary human army world coordinates,108.279492,132.9386444091797,642.1725463867188,247.8403778076172,683.8269653320312,wh3_main_combi_region_har_ganeth,wh3_main_combi_region_fortress_of_the_damned,4,0.0,0.0,False,,4,False,False,cai_region_hint_area_naggarond,naggarond,Extended,True,Shared atlas theater and either at most six raster borders or at most 75 world units,land_raster_point,land_raster_point,,,Caravan/convoy links are context only; portal nodes lack general traversal eligibility; no shortcut inferred,Static human startup rules; later choices excluded. Maritime land anchors are descriptive; not movement routes. Secondary forces do not set primary distance.,False,Har Ganeth,dark_elves,wh2_main_sc_def_dark_elves,The Decadent Host,warriors_of_chaos,wh_main_sc_chs_chaos,Workable,False,Partial: guide evidence plus analytical prior; generic modifier matrix unmeasured,dark_elves_0;dark_elves_1;warriors_of_chaos_0;warriors_of_chaos_1,Non-Order pragmatic-alliance prior; not a numeric diplomatic guarantee,"Generic numeric aversion, opening treaties, all faction/lord/technology modifiers and multiplayer runtime behavior are not exhaustively exported; classes are analytical, not verified team legality.",,Har Ganeth Blood Voyage is a forced vassal targeting occupied Ulthuan settlements; not a general alliance ban. Hag Graef gains conditional +25/+50 daemon relations at high possession; not a permanent faction-wide alliance guarantee. Homeland vassalization is faction/settlement-specific and does not guarantee revival. Only Archaon/Be'lakor have the final-settlement forced WoC confederation route; other WoC do not.,True,
wh2_main_def_har_ganeth,wh3_dlc20_chs_valkia,wh3_main_combi_region_har_ganeth,wh3_main_combi_region_dagraks_end,wh3_main_combi_province_the_road_of_skulls,wh3_main_combi_province_ironfrost_glacier,76.253401,primary human army world coordinates,91.004609,132.9386444091797,642.1725463867188,75.4877700805664,692.3121337890625,wh3_main_combi_region_har_ganeth,wh3_main_combi_region_dagraks_end,2,0.0,0.0,False,,2,False,True,cai_region_hint_area_naggarond,naggarond,Regional,True,Within 100 units with neighboring provinces or at most four raster borders,land_raster_point,land_raster_point,,,Caravan/convoy links are context only; portal nodes lack general traversal eligibility; no shortcut inferred,Static human startup rules; later choices excluded. Maritime land anchors are descriptive; not movement routes. Secondary forces do not set primary distance.,False,Har Ganeth,dark_elves,wh2_main_sc_def_dark_elves,Legion of the Gorequeen,warriors_of_chaos,wh_main_sc_chs_chaos,Workable,False,Partial: guide evidence plus analytical prior; generic modifier matrix unmeasured,dark_elves_0;dark_elves_1;warriors_of_chaos_0;warriors_of_chaos_1,Non-Order pragmatic-alliance prior; not a numeric diplomatic guarantee,"Generic numeric aversion, opening treaties, all faction/lord/technology modifiers and multiplayer runtime behavior are not exhaustively exported; classes are analytical, not verified team legality.",,Har Ganeth Blood Voyage is a forced vassal targeting occupied Ulthuan settlements; not a general alliance ban. Hag Graef gains conditional +25/+50 daemon relations at high possession; not a permanent faction-wide alliance guarantee. Homeland vassalization is faction/settlement-specific and does not guarantee revival. Only Archaon/Be'lakor have the final-settlement forced WoC confederation route; other WoC do not.,True,
wh2_main_def_naggarond,wh3_dlc20_chs_valkia,wh3_main_combi_region_har_kaldra,wh3_main_combi_region_dagraks_end,wh3_main_combi_province_iron_foothills,wh3_main_combi_province_ironfrost_glacier,48.731318,primary human army world coordinates,65.647217,66.13529968261719,644.4866943359375,75.4877700805664,692.3121337890625,wh3_main_combi_region_har_kaldra,wh3_main_combi_region_dagraks_end,2,0.0,0.0,False,,2,False,True,cai_region_hint_area_naggarond,naggarond,Regional,True,Within 100 units with neighboring provinces or at most four raster borders,land_raster_point,land_raster_point,,,Caravan/convoy links are context only; portal nodes lack general traversal eligibility; no shortcut inferred,Static human startup rules; later choices excluded. Maritime land anchors are descriptive; not movement routes. Secondary forces do not set primary distance.,False,Naggarond,dark_elves,wh2_main_sc_def_dark_elves,Legion of the Gorequeen,warriors_of_chaos,wh_main_sc_chs_chaos,Workable,False,Partial: guide evidence plus analytical prior; generic modifier matrix unmeasured,dark_elves_0;dark_elves_1;warriors_of_chaos_0;warriors_of_chaos_1,Non-Order pragmatic-alliance prior; not a numeric diplomatic guarantee,"Generic numeric aversion, opening treaties, all faction/lord/technology modifiers and multiplayer runtime behavior are not exhaustively exported; classes are analytical, not verified team legality.",,Har Ganeth Blood Voyage is a forced vassal targeting occupied Ulthuan settlements; not a general alliance ban. Hag Graef gains conditional +25/+50 daemon relations at high possession; not a permanent faction-wide alliance guarantee. Homeland vassalization is faction/settlement-specific and does not guarantee revival. Only Archaon/Be'lakor have the final-settlement forced WoC confederation route; other WoC do not.,True,
wh2_main_hef_avelorn,wh2_main_hef_eataine,wh3_main_combi_region_gaean_vale,wh3_main_combi_region_lothern,wh3_main_combi_province_avelorn,wh3_main_combi_province_eataine,53.548357,primary human army world coordinates,51.490932,175.0247344970703,449.7136535644531,166.34030151367188,396.87420654296875,wh3_main_combi_region_gaean_vale,wh3_main_combi_region_lothern,,0.0,0.0,False,,,False,False,cai_region_hint_area_ulthuan,ulthuan,Extended,True,Shared atlas theater and either at most six raster borders or at most 75 world units,land_raster_point,land_raster_point,,,Caravan/convoy links are context only; portal nodes lack general traversal eligibility; no shortcut inferred,Static human startup rules; later choices excluded. Maritime land anchors are descriptive; not movement routes. Secondary forces do not set primary distance.,True,Avelorn,high_elves,wh2_main_sc_hef_high_elves,Eataine,high_elves,wh2_main_sc_hef_high_elves,Clean,False,Partial: guide evidence plus analytical prior; generic modifier matrix unmeasured,high_elves_0,Same-race ecosystem prior,"Generic numeric aversion, opening treaties, all faction/lord/technology modifiers and multiplayer runtime behavior are not exhaustively exported; classes are analytical, not verified team legality.",,Eataine can unlock Champion actions through alliances with other legendary High Elf factions.,True,
wh2_main_hef_nagarythe,wh3_dlc24_ksl_daughters_of_the_forest,wh3_main_combi_region_the_monoliths,wh3_main_combi_region_bleak_hold_fortress,wh3_main_combi_province_granite_hills,wh3_main_combi_province_the_bleak_coast,136.647267,primary human army world coordinates,119.685868,141.62307739257812,587.7904052734375,64.79923248291016,474.783447265625,wh3_main_combi_region_the_monoliths,wh3_main_combi_region_bleak_hold_fortress,5,0.0,0.0,False,,5,False,False,cai_region_hint_area_naggarond,naggarond,Extended,True,Shared atlas theater and either at most six raster borders or at most 75 world units,land_raster_point,land_raster_point,,,Caravan/convoy links are context only; portal nodes lack general traversal eligibility; no shortcut inferred,Static human startup rules; later choices excluded. Maritime land anchors are descriptive; not movement routes. Secondary forces do not set primary distance.,False,Nagarythe,high_elves,wh2_main_sc_hef_high_elves,Daughters of the Forest,kislev,wh3_main_sc_ksl_kislev,Clean,False,Partial: guide evidence plus analytical prior; generic modifier matrix unmeasured,high_elves_0;kislev_0,Compatible Order ecosystem prior,"Generic numeric aversion, opening treaties, all faction/lord/technology modifiers and multiplayer runtime behavior are not exhaustively exported; classes are analytical, not verified team legality.",,Eataine can unlock Champion actions through alliances with other legendary High Elf factions. Old supporter-race forced confederation and intra-Kislev war ban are obsolete; ordinary diplomacy applies.,True,
wh2_main_hef_nagarythe,wh3_main_dwf_the_ancestral_throng,wh3_main_combi_region_the_monoliths,wh3_main_combi_region_eldar_spire,wh3_main_combi_province_granite_hills,wh3_main_combi_province_iron_coast,132.957104,primary human army world coordinates,129.025279,141.62307739257812,587.7904052734375,11.3565673828125,614.4029541015625,wh3_main_combi_region_the_monoliths,wh3_main_combi_region_eldar_spire,5,0.0,0.0,False,,5,False,False,cai_region_hint_area_naggarond,naggarond,Extended,True,Shared atlas theater and either at most six raster borders or at most 75 world units,land_raster_point,land_raster_point,,,Caravan/convoy links are context only; portal nodes lack general traversal eligibility; no shortcut inferred,Static human startup rules; later choices excluded. Maritime land anchors are descriptive; not movement routes. Secondary forces do not set primary distance.,False,Nagarythe,high_elves,wh2_main_sc_hef_high_elves,The Ancestral Throng,dwarfs,wh_main_sc_dwf_dwarfs,Workable,False,Partial: guide evidence plus analytical prior; generic modifier matrix unmeasured,dwarfs_0;dwarfs_1;high_elves_0,Order-adjacent but distinct territorial/diplomatic ecosystem prior,"Generic numeric aversion, opening treaties, all faction/lord/technology modifiers and multiplayer runtime behavior are not exhaustively exported; classes are analytical, not verified team legality.",,Grudge accumulation responds to hostile conduct; positive diplomacy reduces it. Different allied Dwarf owners can enable conditional Deeps trade/diplomacy benefits. Eataine can unlock Champion actions through alliances with other legendary High Elf factions.,True,
wh2_main_hef_order_of_loremasters,wh2_main_lzd_last_defenders,wh3_main_combi_region_dawns_light,wh3_main_combi_region_teotiqua,wh3_main_combi_province_dawns_landing,wh3_main_combi_province_the_golden_pass,126.230617,primary human army world coordinates,128.914335,392.1355895996094,55.9249382019043,482.3200988769531,144.24777221679688,wh3_main_combi_region_dawns_light,wh3_main_combi_region_teotiqua,4,0.0,0.0,False,,4,False,False,cai_region_hint_area_southlands,southlands,Extended,True,Shared atlas theater and either at most six raster borders or at most 75 world units,land_raster_point,land_raster_point,,,Caravan/convoy links are context only; portal nodes lack general traversal eligibility; no shortcut inferred,Static human startup rules; later choices excluded. Maritime land anchors are descriptive; not movement routes. Secondary forces do not set primary distance.,False,Order of Loremasters,high_elves,wh2_main_sc_hef_high_elves,Last Defenders,lizardmen,wh2_main_sc_lzd_lizardmen,Workable,False,Partial: guide evidence plus analytical prior; generic modifier matrix unmeasured,high_elves_0;lizardmen_0,Order-adjacent but distinct territorial/diplomatic ecosystem prior,"Generic numeric aversion, opening treaties, all faction/lord/technology modifiers and multiplayer runtime behavior are not exhaustively exported; classes are analytical, not verified team legality.",,Eataine can unlock Champion actions through alliances with other legendary High Elf factions. Allied province capitals support the Geomantic Web; Nakai and Oxyotl use documented variants.,True,
wh2_main_hef_order_of_loremasters,wh2_main_lzd_tlaqua,wh3_main_combi_region_dawns_light,wh3_main_combi_region_deaths_head_monoliths,wh3_main_combi_province_dawns_landing,wh3_main_combi_province_western_jungles,114.85771,primary human army world coordinates,114.198762,392.1355895996094,55.9249382019043,345.3732604980469,160.83241271972656,wh3_main_combi_region_dawns_light,wh3_main_combi_region_deaths_head_monoliths,5,0.0,0.0,False,,5,False,False,cai_region_hint_area_southlands,southlands,Extended,True,Shared atlas theater and either at most six raster borders or at most 75 world units,land_raster_point,land_raster_point,,,Caravan/convoy links are context only; portal nodes lack general traversal eligibility; no shortcut inferred,Static human startup rules; later choices excluded. Maritime land anchors are descriptive; not movement routes. Secondary forces do not set primary distance.,False,Order of Loremasters,high_elves,wh2_main_sc_hef_high_elves,Tlaqua,lizardmen,wh2_main_sc_lzd_lizardmen,Workable,False,Partial: guide evidence plus analytical prior; generic modifier matrix unmeasured,high_elves_0;lizardmen_0,Order-adjacent but distinct territorial/diplomatic ecosystem prior,"Generic numeric aversion, opening treaties, all faction/lord/technology modifiers and multiplayer runtime behavior are not exhaustively exported; classes are analytical, not verified team legality.",,Eataine can unlock Champion actions through alliances with other legendary High Elf factions. Allied province capitals support the Geomantic Web; Nakai and Oxyotl use documented variants.,True,
wh2_main_lzd_hexoatl,wh3_dlc24_cth_the_celestial_court,wh3_main_combi_region_hexoatl,wh3_main_combi_region_isle_of_the_crimson_skull,wh3_main_combi_province_isthmus_of_lustria,wh3_main_combi_province_aymara_swamps,70.962613,primary human army world coordinates,67.953927,38.07789993286133,380.6752624511719,30.729534149169922,310.0941467285156,wh3_main_combi_region_hexoatl,wh3_main_combi_region_isle_of_the_crimson_skull,,0.0,0.0,False,,,False,False,cai_region_hint_area_lustria,lustria,Extended,True,Shared atlas theater and either at most six raster borders or at most 75 world units,land_raster_point,land_raster_point,,,Caravan/convoy links are context only; portal nodes lack general traversal eligibility; no shortcut inferred,Static human startup rules; later choices excluded. Maritime land anchors are descriptive; not movement routes. Secondary forces do not set primary distance.,True,Hexoatl,lizardmen,wh2_main_sc_lzd_lizardmen,The Jade Court,grand_cathay,wh3_main_sc_cth_cathay,Workable,False,Partial: guide evidence plus analytical prior; generic modifier matrix unmeasured,grand_cathay_0;lizardmen_0,Order-adjacent but distinct territorial/diplomatic ecosystem prior,"Generic numeric aversion, opening treaties, all faction/lord/technology modifiers and multiplayer runtime behavior are not exhaustively exported; classes are analytical, not verified team legality.",,Guide found no distinct diplomatic replacement; generic faction modifiers remain outside coverage. Allied province capitals support the Geomantic Web; Nakai and Oxyotl use documented variants.,True,
wh2_main_lzd_hexoatl,wh3_dlc24_ksl_daughters_of_the_forest,wh3_main_combi_region_hexoatl,wh3_main_combi_region_bleak_hold_fortress,wh3_main_combi_province_isthmus_of_lustria,wh3_main_combi_province_the_bleak_coast,97.828319,primary human army world coordinates,109.600559,38.07789993286133,380.6752624511719,64.79923248291016,474.783447265625,wh3_main_combi_region_hexoatl,wh3_main_combi_region_bleak_hold_fortress,4,0.0,0.0,False,,4,False,False,,lustria <-> naggarond,Regional,True,Within 100 units with neighboring provinces or at most four raster borders,land_raster_point,land_raster_point,,,Caravan/convoy links are context only; portal nodes lack general traversal eligibility; no shortcut inferred,Static human startup rules; later choices excluded. Maritime land anchors are descriptive; not movement routes. Secondary forces do not set primary distance.,False,Hexoatl,lizardmen,wh2_main_sc_lzd_lizardmen,Daughters of the Forest,kislev,wh3_main_sc_ksl_kislev,Workable,False,Partial: guide evidence plus analytical prior; generic modifier matrix unmeasured,kislev_0;lizardmen_0,Order-adjacent but distinct territorial/diplomatic ecosystem prior,"Generic numeric aversion, opening treaties, all faction/lord/technology modifiers and multiplayer runtime behavior are not exhaustively exported; classes are analytical, not verified team legality.",,Old supporter-race forced confederation and intra-Kislev war ban are obsolete; ordinary diplomacy applies. Allied province capitals support the Geomantic Web; Nakai and Oxyotl use documented variants.,True,
wh2_main_lzd_itza,wh_main_brt_bordeleaux,wh3_main_combi_region_itza,wh3_main_combi_region_temple_of_tlencan,wh3_main_combi_province_river_qurveza,wh3_main_combi_province_scorpion_coast,76.848031,primary human army world coordinates,68.839773,100.87303924560547,186.28790283203125,140.9550323486328,251.85507202148438,wh3_main_combi_region_itza,wh3_main_combi_region_temple_of_tlencan,3,0.0,0.0,False,,3,False,False,cai_region_hint_area_lustria,lustria,Regional,True,Within 100 units with neighboring provinces or at most four raster borders,land_raster_point,land_raster_point,,,Caravan/convoy links are context only; portal nodes lack general traversal eligibility; no shortcut inferred,Static human startup rules; later choices excluded. Maritime land anchors are descriptive; not movement routes. Secondary forces do not set primary distance.,False,Itza,lizardmen,wh2_main_sc_lzd_lizardmen,Bordeleaux Errant,bretonnia,wh_main_sc_brt_bretonnia,Workable,False,Partial: guide evidence plus analytical prior; generic modifier matrix unmeasured,bretonnia_0;lizardmen_0,Order-adjacent but distinct territorial/diplomatic ecosystem prior,"Generic numeric aversion, opening treaties, all faction/lord/technology modifiers and multiplayer runtime behavior are not exhaustively exported; classes are analytical, not verified team legality.",,Human confederation cooldown exemption is not permission to absorb a human teammate. Allied province capitals support the Geomantic Web; Nakai and Oxyotl use documented variants.,True,
wh2_main_lzd_last_defenders,wh2_main_lzd_tlaqua,wh3_main_combi_region_teotiqua,wh3_main_combi_region_deaths_head_monoliths,wh3_main_combi_province_the_golden_pass,wh3_main_combi_province_western_jungles,137.947406,primary human army world coordinates,152.10193,482.3200988769531,144.24777221679688,345.3732604980469,160.83241271972656,wh3_main_combi_region_teotiqua,wh3_main_combi_region_deaths_head_monoliths,4,0.0,0.0,False,,4,False,False,cai_region_hint_area_southlands,southlands,Extended,True,Shared atlas theater and either at most six raster borders or at most 75 world units,land_raster_point,land_raster_point,,,Caravan/convoy links are context only; portal nodes lack general traversal eligibility; no shortcut inferred,Static human startup rules; later choices excluded. Maritime land anchors are descriptive; not movement routes. Secondary forces do not set primary distance.,False,Last Defenders,lizardmen,wh2_main_sc_lzd_lizardmen,Tlaqua,lizardmen,wh2_main_sc_lzd_lizardmen,Clean,False,Partial: guide evidence plus analytical prior; generic modifier matrix unmeasured,lizardmen_0,Same-race ecosystem prior,"Generic numeric aversion, opening treaties, all faction/lord/technology modifiers and multiplayer runtime behavior are not exhaustively exported; classes are analytical, not verified team legality.",,Allied province capitals support the Geomantic Web; Nakai and Oxyotl use documented variants.,True,
wh2_main_lzd_last_defenders,wh3_main_emp_cult_of_sigmar,wh3_main_combi_region_teotiqua,wh3_main_combi_region_sudenburg,wh3_main_combi_province_the_golden_pass,wh3_main_combi_province_land_of_the_dervishes,118.340641,primary human army world coordinates,130.318543,482.3200988769531,144.24777221679688,372.7626037597656,188.9877166748047,wh3_main_combi_region_teotiqua,wh3_main_combi_region_sudenburg,4,0.0,0.0,False,,4,False,False,cai_region_hint_area_southlands,southlands,Extended,True,Shared atlas theater and either at most six raster borders or at most 75 world units,land_raster_point,land_raster_point,,,Caravan/convoy links are context only; portal nodes lack general traversal eligibility; no shortcut inferred,Static human startup rules; later choices excluded. Maritime land anchors are descriptive; not movement routes. Secondary forces do not set primary distance.,False,Last Defenders,lizardmen,wh2_main_sc_lzd_lizardmen,Cult of Sigmar,empire,wh_main_sc_emp_empire,Workable,False,Partial: guide evidence plus analytical prior; generic modifier matrix unmeasured,empire_0;lizardmen_0,Order-adjacent but distinct territorial/diplomatic ecosystem prior,"Generic numeric aversion, opening treaties, all faction/lord/technology modifiers and multiplayer runtime behavior are not exhaustively exported; classes are analytical, not verified team legality.",,Reikland Elector politics replaces ordinary confederation/NAP paths; does not establish a general military-alliance ban. Allied province capitals support the Geomantic Web; Nakai and Oxyotl use documented variants.,True,
wh2_main_lzd_tlaqua,wh3_main_emp_cult_of_sigmar,wh3_main_combi_region_deaths_head_monoliths,wh3_main_combi_region_sudenburg,wh3_main_combi_province_western_jungles,wh3_main_combi_province_land_of_the_dervishes,39.279731,primary human army world coordinates,50.56629,345.3732604980469,160.83241271972656,372.7626037597656,188.9877166748047,wh3_main_combi_region_deaths_head_monoliths,wh3_main_combi_region_sudenburg,3,0.0,0.0,False,,3,False,True,cai_region_hint_area_southlands,southlands,Regional,True,Within 100 units with neighboring provinces or at most four raster borders,land_raster_point,land_raster_point,,,Caravan/convoy links are context only; portal nodes lack general traversal eligibility; no shortcut inferred,Static human startup rules; later choices excluded. Maritime land anchors are descriptive; not movement routes. Secondary forces do not set primary distance.,False,Tlaqua,lizardmen,wh2_main_sc_lzd_lizardmen,Cult of Sigmar,empire,wh_main_sc_emp_empire,Workable,False,Partial: guide evidence plus analytical prior; generic modifier matrix unmeasured,empire_0;lizardmen_0,Order-adjacent but distinct territorial/diplomatic ecosystem prior,"Generic numeric aversion, opening treaties, all faction/lord/technology modifiers and multiplayer runtime behavior are not exhaustively exported; classes are analytical, not verified team legality.",,Reikland Elector politics replaces ordinary confederation/NAP paths; does not establish a general military-alliance ban. Allied province capitals support the Geomantic Web; Nakai and Oxyotl use documented variants.,True,
wh2_main_skv_clan_eshin,wh3_dlc20_chs_vilitch,wh3_main_combi_region_village_of_the_moon,wh3_main_combi_region_red_fortress,wh3_main_combi_province_forests_of_the_moon,wh3_main_combi_province_the_red_wastes,113.895276,primary human army world coordinates,99.016944,822.3490600585938,421.5583190917969,891.8245239257812,511.8096008300781,wh3_main_combi_region_village_of_the_moon,wh3_main_combi_region_red_fortress,4,0.0,0.0,False,,4,False,False,cai_region_hint_area_cathay,cathay,Extended,True,Shared atlas theater and either at most six raster borders or at most 75 world units,land_raster_point,land_raster_point,,,Caravan/convoy links are context only; portal nodes lack general traversal eligibility; no shortcut inferred,Static human startup rules; later choices excluded. Maritime land anchors are descriptive; not movement routes. Secondary forces do not set primary distance.,False,Clan Eshin,skaven,wh2_main_sc_skv_skaven,Puppets of Misrule,warriors_of_chaos,wh_main_sc_chs_chaos,Workable,False,Partial: guide evidence plus analytical prior; generic modifier matrix unmeasured,skaven_0;warriors_of_chaos_0;warriors_of_chaos_1,Non-Order pragmatic-alliance prior; not a numeric diplomatic guarantee,"Generic numeric aversion, opening treaties, all faction/lord/technology modifiers and multiplayer runtime behavior are not exhaustively exported; classes are analytical, not verified team legality.",,Vermintide war declaration explicitly excludes teammates; this is not blanket protection against all Under-City damage. Homeland vassalization is faction/settlement-specific and does not guarantee revival. Only Archaon/Be'lakor have the final-settlement forced WoC confederation route; other WoC do not.,True,
wh2_main_skv_clan_eshin,wh3_dlc23_chd_zhatan,wh3_main_combi_region_village_of_the_moon,wh3_main_combi_region_fortress_of_eyes,wh3_main_combi_province_forests_of_the_moon,wh3_main_combi_province_stonesky_foothills,138.037936,primary human army world coordinates,128.563102,822.3490600585938,421.5583190917969,762.8941040039062,546.1359252929688,wh3_main_combi_region_village_of_the_moon,wh3_main_combi_region_fortress_of_eyes,5,0.0,0.0,False,,5,False,False,cai_region_hint_area_cathay,cathay,Extended,True,Shared atlas theater and either at most six raster borders or at most 75 world units,land_raster_point,land_raster_point,,,Caravan/convoy links are context only; portal nodes lack general traversal eligibility; no shortcut inferred,Static human startup rules; later choices excluded. Maritime land anchors are descriptive; not movement routes. Secondary forces do not set primary distance.,False,Clan Eshin,skaven,wh2_main_sc_skv_skaven,The Warhost of Zharr,chaos_dwarfs,wh3_dlc23_sc_chd_chaos_dwarfs,Workable,False,Partial: guide evidence plus analytical prior; generic modifier matrix unmeasured,chaos_dwarfs_0;skaven_0,Non-Order pragmatic-alliance prior; not a numeric diplomatic guarantee,"Generic numeric aversion, opening treaties, all faction/lord/technology modifiers and multiplayer runtime behavior are not exhaustively exported; classes are analytical, not verified team legality.",,Tower-seat usurpation causes a five-turn diplomatic penalty; coordinate seat claims. Vermintide war declaration explicitly excludes teammates; this is not blanket protection against all Under-City damage.,True,
wh2_main_skv_clan_eshin,wh3_dlc27_nor_sayl,wh3_main_combi_region_village_of_the_moon,wh3_main_combi_region_dark_tower,wh3_main_combi_province_forests_of_the_moon,wh3_main_combi_province_mountains_end,149.281148,primary human army world coordinates,138.577186,822.3490600585938,421.5583190917969,841.0540161132812,569.6629638671875,wh3_main_combi_region_village_of_the_moon,wh3_main_combi_region_dark_tower,6,0.0,0.0,False,,6,False,False,cai_region_hint_area_cathay,cathay,Extended,True,Shared atlas theater and either at most six raster borders or at most 75 world units,land_raster_point,land_raster_point,,,Caravan/convoy links are context only; portal nodes lack general traversal eligibility; no shortcut inferred,Static human startup rules; later choices excluded. Maritime land anchors are descriptive; not movement routes. Secondary forces do not set primary distance.,False,Clan Eshin,skaven,wh2_main_sc_skv_skaven,Dolgan,norsca,wh_dlc08_sc_nor_norsca,Workable,False,Partial: guide evidence plus analytical prior; generic modifier matrix unmeasured,norsca_0;sayl_treaties;skaven_0,Non-Order pragmatic-alliance prior; not a numeric diplomatic guarantee Coordinate manipulation targets; do not infer compulsory teammate war from the stale listener.,"Generic numeric aversion, opening treaties, all faction/lord/technology modifiers and multiplayer runtime behavior are not exhaustively exported; classes are analytical, not verified team legality.",,Leader-defeat tribal confederation is not an ordinary alliance restriction; human-target applicability is not proven here. Sayl Manipulations alter treaties; automatic below-zero Confidence war listener is inert in 8.1.1. Vermintide war declaration explicitly excludes teammates; this is not blanket protection against all Under-City damage.,True,
wh2_main_skv_clan_mors,wh3_dlc26_grn_gorbad_ironclaw,wh3_main_combi_region_kradtommen,wh3_main_combi_region_iron_rock,wh3_main_combi_province_blightwater,wh3_main_combi_province_death_pass,70.601172,primary human army world coordinates,70.233392,507.0373229980469,295.05224609375,486.3282775878906,362.5478820800781,wh3_main_combi_region_kradtommen,wh3_main_combi_region_iron_rock,3,0.0,0.0,False,,3,False,False,cai_region_hint_area_dwarf_empire,dwarf_empire,Regional,True,Within 100 units with neighboring provinces or at most four raster borders,land_raster_point,land_raster_point,,,Caravan/convoy links are context only; portal nodes lack general traversal eligibility; no shortcut inferred,Static human startup rules; later choices excluded. Maritime land anchors are descriptive; not movement routes. Secondary forces do not set primary distance.,False,Clan Mors,skaven,wh2_main_sc_skv_skaven,Ironclaw Orcs,greenskins,wh_main_sc_grn_greenskins,Workable,False,Partial: guide evidence plus analytical prior; generic modifier matrix unmeasured,greenskins_0;skaven_0,Non-Order pragmatic-alliance prior; not a numeric diplomatic guarantee,"Generic numeric aversion, opening treaties, all faction/lord/technology modifiers and multiplayer runtime behavior are not exhaustively exported; classes are analytical, not verified team legality.",,Leader-defeat confederation requires an AI loser; it cannot consume the human teammate. Vermintide war declaration explicitly excludes teammates; this is not blanket protection against all Under-City damage.,True,
wh2_main_skv_clan_mors,wh3_main_kho_exiles_of_khorne,wh3_main_combi_region_kradtommen,wh3_main_combi_region_agrul_migdhal,wh3_main_combi_province_blightwater,wh3_main_combi_province_barrier_idols,70.525256,primary human army world coordinates,80.904822,507.0373229980469,295.05224609375,451.5905456542969,251.46937561035156,wh3_main_combi_region_kradtommen,wh3_main_combi_region_agrul_migdhal,3,0.0,0.0,False,,3,False,True,,badlands <-> dwarf_empire,Regional,True,Within 100 units with neighboring provinces or at most four raster borders,land_raster_point,land_raster_point,,,Caravan/convoy links are context only; portal nodes lack general traversal eligibility; no shortcut inferred,Static human startup rules; later choices excluded. Maritime land anchors are descriptive; not movement routes. Secondary forces do not set primary distance.,False,Clan Mors,skaven,wh2_main_sc_skv_skaven,Exiles of Khorne,khorne,wh3_main_sc_kho_khorne,Workable,False,Partial: guide evidence plus analytical prior; generic modifier matrix unmeasured,khorne_0;skaven_0,Non-Order pragmatic-alliance prior; not a numeric diplomatic guarantee,"Generic numeric aversion, opening treaties, all faction/lord/technology modifiers and multiplayer runtime behavior are not exhaustively exported; classes are analytical, not verified team legality.",,No bespoke diplomacy override established; absence does not imply zero generic aversion. Vermintide war declaration explicitly excludes teammates; this is not blanket protection against all Under-City damage.,True,
wh2_main_skv_clan_mors,wh_main_grn_crooked_moon,wh3_main_combi_region_kradtommen,wh3_main_combi_region_mount_gunbad,wh3_main_combi_province_blightwater,wh3_main_combi_province_deadrock_gap,144.680269,primary human army world coordinates,155.07691,507.0373229980469,295.05224609375,535.0947265625,436.98590087890625,wh3_main_combi_region_kradtommen,wh3_main_combi_region_mount_gunbad,5,0.0,0.0,False,,5,False,False,cai_region_hint_area_dwarf_empire,dwarf_empire,Extended,True,Shared atlas theater and either at most six raster borders or at most 75 world units,land_raster_point,land_raster_point,,,Caravan/convoy links are context only; portal nodes lack general traversal eligibility; no shortcut inferred,Static human startup rules; later choices excluded. Maritime land anchors are descriptive; not movement routes. Secondary forces do not set primary distance.,False,Clan Mors,skaven,wh2_main_sc_skv_skaven,Crooked Moon,greenskins,wh_main_sc_grn_greenskins,Workable,False,Partial: guide evidence plus analytical prior; generic modifier matrix unmeasured,greenskins_0;skaven_0,Non-Order pragmatic-alliance prior; not a numeric diplomatic guarantee Partner appears in single-player faction objective(s); not treated as a multiplayer forced-war lock,"Generic numeric aversion, opening treaties, all faction/lord/technology modifiers and multiplayer runtime behavior are not exhaustively exported; classes are analytical, not verified team legality.",wh2_main_skv_clan_mors:short:001:DESTROY_FACTION;wh_main_grn_crooked_moon:short:001:DESTROY_FACTION,Leader-defeat confederation requires an AI loser; it cannot consume the human teammate. Vermintide war declaration explicitly excludes teammates; this is not blanket protection against all Under-City damage.,True,
wh2_main_skv_clan_moulder,wh3_dlc20_chs_azazel,wh3_main_combi_region_hell_pit,wh3_main_combi_region_bay_of_blades,wh3_main_combi_province_black_blood_pass,wh3_main_combi_province_trollheim_mountains,49.997001,primary human army world coordinates,68.826228,458.9389343261719,620.573974609375,411.508544921875,636.38720703125,wh3_main_combi_region_hell_pit,wh3_main_combi_region_bay_of_blades,3,0.0,0.0,False,,3,False,False,,kislev <-> norsca,Regional,True,Within 100 units with neighboring provinces or at most four raster borders,land_raster_point,land_raster_point,,convoy_road_combi,Caravan/convoy links are context only; portal nodes lack general traversal eligibility; no shortcut inferred,Static human startup rules; later choices excluded. Maritime land anchors are descriptive; not movement routes. Secondary forces do not set primary distance.,False,Clan Moulder,skaven,wh2_main_sc_skv_skaven,The Ecstatic Legions,warriors_of_chaos,wh_main_sc_chs_chaos,Workable,False,Partial: guide evidence plus analytical prior; generic modifier matrix unmeasured,skaven_0;warriors_of_chaos_0;warriors_of_chaos_1,Non-Order pragmatic-alliance prior; not a numeric diplomatic guarantee,"Generic numeric aversion, opening treaties, all faction/lord/technology modifiers and multiplayer runtime behavior are not exhaustively exported; classes are analytical, not verified team legality.",,Vermintide war declaration explicitly excludes teammates; this is not blanket protection against all Under-City damage. Homeland vassalization is faction/settlement-specific and does not guarantee revival. Only Archaon/Be'lakor have the final-settlement forced WoC confederation route; other WoC do not.,True,
wh2_main_skv_clan_moulder,wh3_dlc20_chs_festus,wh3_main_combi_region_hell_pit,wh3_main_combi_region_hergig,wh3_main_combi_province_black_blood_pass,wh3_main_combi_province_hochland,93.011118,primary human army world coordinates,96.137623,458.9389343261719,620.573974609375,394.1396789550781,553.8497314453125,wh3_main_combi_region_hell_pit,wh3_main_combi_region_hergig,4,0.0,0.0,False,,4,False,False,,empire <-> kislev,Regional,True,Within 100 units with neighboring provinces or at most four raster borders,land_raster_point,land_raster_point,,irory_road_bhashiva;ivory_road_combi,Caravan/convoy links are context only; portal nodes lack general traversal eligibility; no shortcut inferred,Static human startup rules; later choices excluded. Maritime land anchors are descriptive; not movement routes. Secondary forces do not set primary distance.,False,Clan Moulder,skaven,wh2_main_sc_skv_skaven,The Fecundites,warriors_of_chaos,wh_main_sc_chs_chaos,Workable,False,Partial: guide evidence plus analytical prior; generic modifier matrix unmeasured,skaven_0;warriors_of_chaos_0;warriors_of_chaos_1,Non-Order pragmatic-alliance prior; not a numeric diplomatic guarantee,"Generic numeric aversion, opening treaties, all faction/lord/technology modifiers and multiplayer runtime behavior are not exhaustively exported; classes are analytical, not verified team legality.",,Vermintide war declaration explicitly excludes teammates; this is not blanket protection against all Under-City damage. Homeland vassalization is faction/settlement-specific and does not guarantee revival. Only Archaon/Be'lakor have the final-settlement forced WoC confederation route; other WoC do not.,True,
wh2_main_skv_clan_moulder,wh_dlc08_nor_wintertooth,wh3_main_combi_region_hell_pit,wh3_main_combi_region_monolith_of_flesh,wh3_main_combi_province_black_blood_pass,wh3_main_combi_province_mountains_of_hel,71.530554,primary human army world coordinates,90.474328,458.9389343261719,620.573974609375,420.86102294921875,681.127197265625,wh3_main_combi_region_hell_pit,wh3_main_combi_region_monolith_of_flesh,4,0.0,0.0,False,,4,False,False,,kislev <-> norsca,Regional,True,Within 100 units with neighboring provinces or at most four raster borders,land_raster_point,land_raster_point,,convoy_road_combi,Caravan/convoy links are context only; portal nodes lack general traversal eligibility; no shortcut inferred,Static human startup rules; later choices excluded. Maritime land anchors are descriptive; not movement routes. Secondary forces do not set primary distance.,False,Clan Moulder,skaven,wh2_main_sc_skv_skaven,Wintertooth,norsca,wh_dlc08_sc_nor_norsca,Workable,False,Partial: guide evidence plus analytical prior; generic modifier matrix unmeasured,norsca_0;skaven_0,Non-Order pragmatic-alliance prior; not a numeric diplomatic guarantee,"Generic numeric aversion, opening treaties, all faction/lord/technology modifiers and multiplayer runtime behavior are not exhaustively exported; classes are analytical, not verified team legality.",,Leader-defeat tribal confederation is not an ordinary alliance restriction; human-target applicability is not proven here. Vermintide war declaration explicitly excludes teammates; this is not blanket protection against all Under-City damage.,True,
wh2_main_skv_clan_pestilens,wh3_dlc26_kho_skulltaker,wh3_main_combi_region_oyxl,wh3_main_combi_region_hualotal,wh3_main_combi_province_the_lost_valley,wh3_main_combi_province_the_gwangee_valley,119.112425,primary human army world coordinates,113.495304,124.9222412109375,129.20590209960938,71.47956848144531,235.6561279296875,wh3_main_combi_region_oyxl,wh3_main_combi_region_hualotal,4,0.0,0.0,False,,4,False,False,cai_region_hint_area_lustria,lustria,Extended,True,Shared atlas theater and either at most six raster borders or at most 75 world units,land_raster_point,land_raster_point,,,Caravan/convoy links are context only; portal nodes lack general traversal eligibility; no shortcut inferred,Static human startup rules; later choices excluded. Maritime land anchors are descriptive; not movement routes. Secondary forces do not set primary distance.,False,Clan Pestilens,skaven,wh2_main_sc_skv_skaven,Blooded Wanderers,khorne,wh3_main_sc_kho_khorne,Workable,False,Partial: guide evidence plus analytical prior; generic modifier matrix unmeasured,khorne_0;skaven_0,Non-Order pragmatic-alliance prior; not a numeric diplomatic guarantee,"Generic numeric aversion, opening treaties, all faction/lord/technology modifiers and multiplayer runtime behavior are not exhaustively exported; classes are analytical, not verified team legality.",,No bespoke diplomacy override established; absence does not imply zero generic aversion. Vermintide war declaration explicitly excludes teammates; this is not blanket protection against all Under-City damage.,True,
wh2_main_skv_clan_pestilens,wh3_dlc27_sla_masque_of_slaanesh,wh3_main_combi_region_oyxl,wh3_main_combi_region_pillars_of_unseen_constellations,wh3_main_combi_province_the_lost_valley,wh3_main_combi_province_jungles_of_green_mist,140.702051,primary human army world coordinates,138.47554,124.9222412109375,129.20590209960938,45.42626953125,245.29835510253906,wh3_main_combi_region_oyxl,wh3_main_combi_region_pillars_of_unseen_constellations,5,0.0,0.0,False,,5,False,False,cai_region_hint_area_lustria,lustria,Extended,True,Shared atlas theater and either at most six raster borders or at most 75 world units,land_raster_point,land_raster_point,,,Caravan/convoy links are context only; portal nodes lack general traversal eligibility; no shortcut inferred,Static human startup rules; later choices excluded. Maritime land anchors are descriptive; not movement routes. Secondary forces do not set primary distance.,False,Clan Pestilens,skaven,wh2_main_sc_skv_skaven,The Accursed Troupe,slaanesh,wh3_main_sc_sla_slaanesh,Workable,False,Partial: guide evidence plus analytical prior; generic modifier matrix unmeasured,skaven_0;slaanesh_0,Non-Order pragmatic-alliance prior; not a numeric diplomatic guarantee,"Generic numeric aversion, opening treaties, all faction/lord/technology modifiers and multiplayer runtime behavior are not exhaustively exported; classes are analytical, not verified team legality.",,Vermintide war declaration explicitly excludes teammates; this is not blanket protection against all Under-City damage. N'Kari forced seduction cannot target humans; this does not make third-party vassal diplomacy harmless.,True,
wh2_main_skv_clan_skryre,wh3_main_ogr_disciples_of_the_maw,wh3_main_combi_region_tobaro,wh3_main_combi_region_matorca,wh3_main_combi_province_estalia,wh3_main_combi_province_eastern_border_princes,126.682329,primary human army world coordinates,132.720153,308.63140869140625,346.34893798828125,421.529052734375,403.8166198730469,wh3_main_combi_region_tobaro,wh3_main_combi_region_matorca,5,0.0,0.0,False,,5,False,False,cai_region_hint_area_border_princes,border_princes,Extended,True,Shared atlas theater and either at most six raster borders or at most 75 world units,land_raster_point,land_raster_point,,,Caravan/convoy links are context only; portal nodes lack general traversal eligibility; no shortcut inferred,Static human startup rules; later choices excluded. Maritime land anchors are descriptive; not movement routes. Secondary forces do not set primary distance.,False,Clan Skryre,skaven,wh2_main_sc_skv_skaven,Disciples of the Maw,ogre_kingdoms,wh3_main_sc_ogr_ogre_kingdoms,Workable,False,Partial: guide evidence plus analytical prior; generic modifier matrix unmeasured,ogre_kingdoms_0;skaven_0,Ogre mercenary-neutral ecosystem prior; faction restrictions take precedence,"Generic numeric aversion, opening treaties, all faction/lord/technology modifiers and multiplayer runtime behavior are not exhaustively exported; classes are analytical, not verified team legality.",,Ogre trespass diplomacy immunity is official-source-only in the guide; battle confederation requires an AI loser. Vermintide war declaration explicitly excludes teammates; this is not blanket protection against all Under-City damage.,True,
wh2_twa03_def_rakarth,wh3_dlc26_kho_skulltaker,wh3_main_combi_region_great_turtle_isle,wh3_main_combi_region_hualotal,wh3_main_combi_province_the_turtle_isles,wh3_main_combi_province_the_gwangee_valley,56.88884,primary human army world coordinates,61.617377,24.717233657836914,203.2582244873047,71.47956848144531,235.6561279296875,wh3_main_combi_region_great_turtle_isle,wh3_main_combi_region_hualotal,,0.0,0.0,False,,,False,True,cai_region_hint_area_lustria,lustria,Regional,True,Within 100 units with neighboring provinces or at most four raster borders,land_raster_point,land_raster_point,,,Caravan/convoy links are context only; portal nodes lack general traversal eligibility; no shortcut inferred,Static human startup rules; later choices excluded. Maritime land anchors are descriptive; not movement routes. Secondary forces do not set primary distance.,True,The Thousand Maws,dark_elves,wh2_main_sc_def_dark_elves,Blooded Wanderers,khorne,wh3_main_sc_kho_khorne,Workable,False,Partial: guide evidence plus analytical prior; generic modifier matrix unmeasured,dark_elves_0;dark_elves_1;khorne_0,Non-Order pragmatic-alliance prior; not a numeric diplomatic guarantee,"Generic numeric aversion, opening treaties, all faction/lord/technology modifiers and multiplayer runtime behavior are not exhaustively exported; classes are analytical, not verified team legality.",,Har Ganeth Blood Voyage is a forced vassal targeting occupied Ulthuan settlements; not a general alliance ban. Hag Graef gains conditional +25/+50 daemon relations at high possession; not a permanent faction-wide alliance guarantee. No bespoke diplomacy override established; absence does not imply zero generic aversion.,True,
wh2_twa03_def_rakarth,wh3_dlc27_sla_masque_of_slaanesh,wh3_main_combi_region_great_turtle_isle,wh3_main_combi_region_pillars_of_unseen_constellations,wh3_main_combi_province_the_turtle_isles,wh3_main_combi_province_jungles_of_green_mist,46.864024,primary human army world coordinates,65.239613,24.717233657836914,203.2582244873047,45.42626953125,245.29835510253906,wh3_main_combi_region_great_turtle_isle,wh3_main_combi_region_pillars_of_unseen_constellations,,0.0,0.0,False,,,False,False,cai_region_hint_area_lustria,lustria,Extended,True,Shared atlas theater and either at most six raster borders or at most 75 world units,land_raster_point,land_raster_point,,,Caravan/convoy links are context only; portal nodes lack general traversal eligibility; no shortcut inferred,Static human startup rules; later choices excluded. Maritime land anchors are descriptive; not movement routes. Secondary forces do not set primary distance.,True,The Thousand Maws,dark_elves,wh2_main_sc_def_dark_elves,The Accursed Troupe,slaanesh,wh3_main_sc_sla_slaanesh,Workable,False,Partial: guide evidence plus analytical prior; generic modifier matrix unmeasured,dark_elves_0;dark_elves_1;slaanesh_0,Non-Order pragmatic-alliance prior; not a numeric diplomatic guarantee,"Generic numeric aversion, opening treaties, all faction/lord/technology modifiers and multiplayer runtime behavior are not exhaustively exported; classes are analytical, not verified team legality.",,Har Ganeth Blood Voyage is a forced vassal targeting occupied Ulthuan settlements; not a general alliance ban. Hag Graef gains conditional +25/+50 daemon relations at high possession; not a permanent faction-wide alliance guarantee. N'Kari forced seduction cannot target humans; this does not make third-party vassal diplomacy harmless.,True,
wh3_cp1_cth_tiger_warriors,wh3_main_cth_the_northern_provinces,wh3_main_combi_region_vale_of_titans,wh3_main_combi_region_nan_gau,wh3_main_combi_province_bone_road,wh3_main_combi_province_gunpowder_road,81.602235,primary human army world coordinates,86.357296,711.4555053710938,433.1289978027344,761.5580444335938,497.5390930175781,wh3_main_combi_region_vale_of_titans,wh3_main_combi_region_nan_gau,2,0.0,0.0,False,,2,False,False,,cathay <-> mountains_of_mourn,Regional,True,Within 100 units with neighboring provinces or at most four raster borders,land_raster_point,land_raster_point,,,Caravan/convoy links are context only; portal nodes lack general traversal eligibility; no shortcut inferred,Static human startup rules; later choices excluded. Maritime land anchors are descriptive; not movement routes. Secondary forces do not set primary distance.,False,Claws of the White Tiger,grand_cathay,wh3_main_sc_cth_cathay,The Northern Provinces,grand_cathay,wh3_main_sc_cth_cathay,Clean,False,Partial: guide evidence plus analytical prior; generic modifier matrix unmeasured,grand_cathay_0,Same-race ecosystem prior,"Generic numeric aversion, opening treaties, all faction/lord/technology modifiers and multiplayer runtime behavior are not exhaustively exported; classes are analytical, not verified team legality.",,Guide found no distinct diplomatic replacement; generic faction modifiers remain outside coverage.,True,
wh3_cp1_cth_tiger_warriors,wh3_main_cth_the_western_provinces,wh3_main_combi_region_vale_of_titans,wh3_main_combi_region_qiang,wh3_main_combi_province_bone_road,wh3_main_combi_province_wastelands_of_jinshen,56.114808,primary human army world coordinates,59.431893,711.4555053710938,433.1289978027344,739.512939453125,384.53216552734375,wh3_main_combi_region_vale_of_titans,wh3_main_combi_region_qiang,1,0.0,0.0,False,,1,False,True,,cathay <-> mountains_of_mourn,Immediate,True,Same province or adjacent starts within 100 world units,land_raster_point,land_raster_point,,irory_road_bhashiva;ivory_road_combi,Caravan/convoy links are context only; portal nodes lack general traversal eligibility; no shortcut inferred,Static human startup rules; later choices excluded. Maritime land anchors are descriptive; not movement routes. Secondary forces do not set primary distance.,False,Claws of the White Tiger,grand_cathay,wh3_main_sc_cth_cathay,The Western Provinces,grand_cathay,wh3_main_sc_cth_cathay,Clean,False,Partial: guide evidence plus analytical prior; generic modifier matrix unmeasured,grand_cathay_0,Same-race ecosystem prior,"Generic numeric aversion, opening treaties, all faction/lord/technology modifiers and multiplayer runtime behavior are not exhaustively exported; classes are analytical, not verified team legality.",,Guide found no distinct diplomatic replacement; generic faction modifiers remain outside coverage.,True,
wh3_cp1_cth_tiger_warriors,wh3_main_ogr_goldtooth,wh3_main_combi_region_vale_of_titans,wh3_main_combi_region_great_hall_of_greasus,wh3_main_combi_province_bone_road,wh3_main_combi_province_ivory_road,49.650634,primary human army world coordinates,44.774139,711.4555053710938,433.1289978027344,690.7465209960938,388.00335693359375,wh3_main_combi_region_vale_of_titans,wh3_main_combi_region_great_hall_of_greasus,2,0.0,0.0,False,,2,False,True,cai_region_hint_area_mountains_of_mourn,mountains_of_mourn,Regional,True,Within 100 units with neighboring provinces or at most four raster borders,land_raster_point,land_raster_point,,convoy_road_combi;irory_road_bhashiva;ivory_road_combi,Caravan/convoy links are context only; portal nodes lack general traversal eligibility; no shortcut inferred,Static human startup rules; later choices excluded. Maritime land anchors are descriptive; not movement routes. Secondary forces do not set primary distance.,False,Claws of the White Tiger,grand_cathay,wh3_main_sc_cth_cathay,Goldtooth,ogre_kingdoms,wh3_main_sc_ogr_ogre_kingdoms,Workable,False,Partial: guide evidence plus analytical prior; generic modifier matrix unmeasured,grand_cathay_0;ogre_kingdoms_0,Ogre mercenary-neutral ecosystem prior; faction restrictions take precedence,"Generic numeric aversion, opening treaties, all faction/lord/technology modifiers and multiplayer runtime behavior are not exhaustively exported; classes are analytical, not verified team legality.",,Guide found no distinct diplomatic replacement; generic faction modifiers remain outside coverage. Ogre trespass diplomacy immunity is official-source-only in the guide; battle confederation requires an AI loser.,True,
wh3_dlc20_chs_azazel,wh3_main_ksl_the_great_orthodoxy,wh3_main_combi_region_bay_of_blades,wh3_main_combi_region_erengrad,wh3_main_combi_province_trollheim_mountains,wh3_main_combi_province_river_lynsk,30.768236,primary human army world coordinates,43.888403,411.508544921875,636.38720703125,420.86102294921875,607.0748291015625,wh3_main_combi_region_bay_of_blades,wh3_main_combi_region_erengrad,2,0.0,0.0,False,,2,False,False,,kislev <-> norsca,Regional,True,Within 100 units with neighboring provinces or at most four raster borders,land_raster_point,land_raster_point,convoy_road_combi,ivory_road_combi,Caravan/convoy links are context only; portal nodes lack general traversal eligibility; no shortcut inferred,Static human startup rules; later choices excluded. Maritime land anchors are descriptive; not movement routes. Secondary forces do not set primary distance.,False,The Ecstatic Legions,warriors_of_chaos,wh_main_sc_chs_chaos,The Great Orthodoxy,kislev,wh3_main_sc_ksl_kislev,Workable,False,Partial: guide evidence plus analytical prior; generic modifier matrix unmeasured,azazel_humans;kislev_0;warriors_of_chaos_0;warriors_of_chaos_1,"Opposed surrounding diplomatic ecosystems prior Positive bridge allows analytical Workable, but third-party Chaos hostility is not erased. Partner appears in single-player faction objective(s); not treated as a multiplayer forced-war lock","Generic numeric aversion, opening treaties, all faction/lord/technology modifiers and multiplayer runtime behavior are not exhaustively exported; classes are analytical, not verified team legality.",wh3_main_ksl_the_great_orthodoxy:short:002:DESTROY_FACTION,Azazel has +80 relations with Empire/Kislev/Cathay/Bretonnia; seduction excludes human targets. Old supporter-race forced confederation and intra-Kislev war ban are obsolete; ordinary diplomacy applies. Homeland vassalization is faction/settlement-specific and does not guarantee revival. Only Archaon/Be'lakor have the final-settlement forced WoC confederation route; other WoC do not.,True,
wh3_dlc20_chs_azazel,wh3_main_ksl_the_ice_court,wh3_main_combi_region_bay_of_blades,wh3_main_combi_region_zavastra,wh3_main_combi_province_trollheim_mountains,wh3_main_combi_province_southern_oblast,91.703233,primary human army world coordinates,79.983555,411.508544921875,636.38720703125,462.2790832519531,560.020751953125,wh3_main_combi_region_bay_of_blades,wh3_main_combi_region_zavastra,3,0.0,0.0,False,,3,False,False,,kislev <-> norsca,Regional,True,Within 100 units with neighboring provinces or at most four raster borders,land_raster_point,land_raster_point,convoy_road_combi,,Caravan/convoy links are context only; portal nodes lack general traversal eligibility; no shortcut inferred,Static human startup rules; later choices excluded. Maritime land anchors are descriptive; not movement routes. Secondary forces do not set primary distance.,False,The Ecstatic Legions,warriors_of_chaos,wh_main_sc_chs_chaos,The Ice Court,kislev,wh3_main_sc_ksl_kislev,Workable,False,Partial: guide evidence plus analytical prior; generic modifier matrix unmeasured,azazel_humans;kislev_0;warriors_of_chaos_0;warriors_of_chaos_1,"Opposed surrounding diplomatic ecosystems prior Positive bridge allows analytical Workable, but third-party Chaos hostility is not erased. Partner appears in single-player faction objective(s); not treated as a multiplayer forced-war lock","Generic numeric aversion, opening treaties, all faction/lord/technology modifiers and multiplayer runtime behavior are not exhaustively exported; classes are analytical, not verified team legality.",wh3_main_ksl_the_ice_court:long:003:DESTROY_FACTION,Azazel has +80 relations with Empire/Kislev/Cathay/Bretonnia; seduction excludes human targets. Old supporter-race forced confederation and intra-Kislev war ban are obsolete; ordinary diplomacy applies. Homeland vassalization is faction/settlement-specific and does not guarantee revival. Only Archaon/Be'lakor have the final-settlement forced WoC confederation route; other WoC do not.,True,
wh3_dlc20_chs_azazel,wh_dlc08_nor_wintertooth,wh3_main_combi_region_bay_of_blades,wh3_main_combi_region_monolith_of_flesh,wh3_main_combi_province_trollheim_mountains,wh3_main_combi_province_mountains_of_hel,45.707063,primary human army world coordinates,53.085895,411.508544921875,636.38720703125,420.86102294921875,681.127197265625,wh3_main_combi_region_bay_of_blades,wh3_main_combi_region_monolith_of_flesh,3,0.0,0.0,False,,3,False,True,cai_region_hint_area_norsca,norsca,Regional,True,Within 100 units with neighboring provinces or at most four raster borders,land_raster_point,land_raster_point,convoy_road_combi,convoy_road_combi,Caravan/convoy links are context only; portal nodes lack general traversal eligibility; no shortcut inferred,Static human startup rules; later choices excluded. Maritime land anchors are descriptive; not movement routes. Secondary forces do not set primary distance.,False,The Ecstatic Legions,warriors_of_chaos,wh_main_sc_chs_chaos,Wintertooth,norsca,wh_dlc08_sc_nor_norsca,Workable,False,Partial: guide evidence plus analytical prior; generic modifier matrix unmeasured,norsca_0;warriors_of_chaos_0;warriors_of_chaos_1,Chaos ecosystem prior with patron/vassal competition,"Generic numeric aversion, opening treaties, all faction/lord/technology modifiers and multiplayer runtime behavior are not exhaustively exported; classes are analytical, not verified team legality.",,Leader-defeat tribal confederation is not an ordinary alliance restriction; human-target applicability is not proven here. Homeland vassalization is faction/settlement-specific and does not guarantee revival. Only Archaon/Be'lakor have the final-settlement forced WoC confederation route; other WoC do not.,True,
wh3_dlc20_chs_festus,wh_main_vmp_schwartzhafen,wh3_main_combi_region_hergig,wh3_main_combi_region_castle_drakenhof,wh3_main_combi_province_hochland,wh3_main_combi_province_southern_sylvania,113.116811,primary human army world coordinates,103.605568,394.1396789550781,553.8497314453125,479.64794921875,479.7973937988281,wh3_main_combi_region_hergig,wh3_main_combi_region_castle_drakenhof,5,0.0,0.0,False,,5,False,False,cai_region_hint_area_empire,empire,Extended,True,Shared atlas theater and either at most six raster borders or at most 75 world units,land_raster_point,land_raster_point,irory_road_bhashiva;ivory_road_combi,ivory_road_combi,Caravan/convoy links are context only; portal nodes lack general traversal eligibility; no shortcut inferred,Static human startup rules; later choices excluded. Maritime land anchors are descriptive; not movement routes. Secondary forces do not set primary distance.,False,The Fecundites,warriors_of_chaos,wh_main_sc_chs_chaos,Sylvania,vampire_counts,wh_main_sc_vmp_vampire_counts,Workable,False,Partial: guide evidence plus analytical prior; generic modifier matrix unmeasured,vampire_counts_0;warriors_of_chaos_0;warriors_of_chaos_1,Non-Order pragmatic-alliance prior; not a numeric diplomatic guarantee,"Generic numeric aversion, opening treaties, all faction/lord/technology modifiers and multiplayer runtime behavior are not exhaustively exported; classes are analytical, not verified team legality.",,Barrow Legion has +30 WoC/Beastmen/Norsca relations and faction Chaos-attrition immunity. Homeland vassalization is faction/settlement-specific and does not guarantee revival. Only Archaon/Be'lakor have the final-settlement forced WoC confederation route; other WoC do not.,True,
wh3_dlc20_chs_kholek,wh3_dlc23_chd_zhatan,wh3_main_combi_region_the_challenge_stone,wh3_main_combi_region_fortress_of_eyes,wh3_main_combi_province_chimera_plateau,wh3_main_combi_province_stonesky_foothills,82.580757,primary human army world coordinates,72.370221,685.4022216796875,574.6769409179688,762.8941040039062,546.1359252929688,wh3_main_combi_region_the_challenge_stone,wh3_main_combi_region_fortress_of_eyes,2,0.0,0.0,False,,2,False,True,,cathay <-> chaos_wastes,Regional,True,Within 100 units with neighboring provinces or at most four raster borders,land_raster_point,land_raster_point,convoy_road_combi,,Caravan/convoy links are context only; portal nodes lack general traversal eligibility; no shortcut inferred,Static human startup rules; later choices excluded. Maritime land anchors are descriptive; not movement routes. Secondary forces do not set primary distance.,False,Heralds of the Tempest,warriors_of_chaos,wh_main_sc_chs_chaos,The Warhost of Zharr,chaos_dwarfs,wh3_dlc23_sc_chd_chaos_dwarfs,Workable,False,Partial: guide evidence plus analytical prior; generic modifier matrix unmeasured,chaos_dwarfs_0;warriors_of_chaos_0;warriors_of_chaos_1,Chaos ecosystem prior with patron/vassal competition,"Generic numeric aversion, opening treaties, all faction/lord/technology modifiers and multiplayer runtime behavior are not exhaustively exported; classes are analytical, not verified team legality.",,Tower-seat usurpation causes a five-turn diplomatic penalty; coordinate seat claims. Homeland vassalization is faction/settlement-specific and does not guarantee revival. Only Archaon/Be'lakor have the final-settlement forced WoC confederation route; other WoC do not.,True,
wh3_dlc20_chs_kholek,wh3_dlc25_nur_tamurkhan,wh3_main_combi_region_the_challenge_stone,wh3_main_combi_region_zanbaijin,wh3_main_combi_province_chimera_plateau,wh3_main_combi_province_kdatha,69.71057,primary human army world coordinates,91.043591,685.4022216796875,574.6769409179688,660.6849975585938,639.8583984375,wh3_main_combi_region_the_challenge_stone,wh3_main_combi_region_zanbaijin,2,0.0,0.0,False,,2,False,True,cai_region_hint_area_chaos_wastes,chaos_wastes,Regional,True,Within 100 units with neighboring provinces or at most four raster borders,land_raster_point,land_raster_point,convoy_road_combi,,Caravan/convoy links are context only; portal nodes lack general traversal eligibility; no shortcut inferred,Static human startup rules; later choices excluded. Maritime land anchors are descriptive; not movement routes. Secondary forces do not set primary distance.,False,Heralds of the Tempest,warriors_of_chaos,wh_main_sc_chs_chaos,The Maggot Host,nurgle,wh3_main_sc_nur_nurgle,Workable,False,Partial: guide evidence plus analytical prior; generic modifier matrix unmeasured,nurgle_0;warriors_of_chaos_0;warriors_of_chaos_1,Chaos ecosystem prior with patron/vassal competition Partner appears in single-player faction objective(s); not treated as a multiplayer forced-war lock,"Generic numeric aversion, opening treaties, all faction/lord/technology modifiers and multiplayer runtime behavior are not exhaustively exported; classes are analytical, not verified team legality.",wh3_dlc25_nur_tamurkhan:short:002:DESTROY_FACTION,Epidemius can count negatively plagued non-Nurgle allies; alliance status provides no documented protection. Homeland vassalization is faction/settlement-specific and does not guarantee revival. Only Archaon/Be'lakor have the final-settlement forced WoC confederation route; other WoC do not.,True,
wh3_dlc20_chs_kholek,wh3_dlc26_kho_arbaal,wh3_main_combi_region_the_challenge_stone,wh3_main_combi_region_pillar_of_skulls,wh3_main_combi_province_chimera_plateau,wh3_main_combi_province_the_skull_road,123.398858,primary human army world coordinates,126.789681,685.4022216796875,574.6769409179688,571.1685180664062,621.3453369140625,wh3_main_combi_region_the_challenge_stone,wh3_main_combi_region_pillar_of_skulls,3,0.0,0.0,False,,3,False,False,cai_region_hint_area_chaos_wastes,chaos_wastes,Extended,True,Shared atlas theater and either at most six raster borders or at most 75 world units,land_raster_point,land_raster_point,convoy_road_combi,,Caravan/convoy links are context only; portal nodes lack general traversal eligibility; no shortcut inferred,Static human startup rules; later choices excluded. Maritime land anchors are descriptive; not movement routes. Secondary forces do not set primary distance.,False,Heralds of the Tempest,warriors_of_chaos,wh_main_sc_chs_chaos,Challengers of Khorne,khorne,wh3_main_sc_kho_khorne,Workable,False,Partial: guide evidence plus analytical prior; generic modifier matrix unmeasured,khorne_0;warriors_of_chaos_0;warriors_of_chaos_1,Chaos ecosystem prior with patron/vassal competition,"Generic numeric aversion, opening treaties, all faction/lord/technology modifiers and multiplayer runtime behavior are not exhaustively exported; classes are analytical, not verified team legality.",,No bespoke diplomacy override established; absence does not imply zero generic aversion. Homeland vassalization is faction/settlement-specific and does not guarantee revival. Only Archaon/Be'lakor have the final-settlement forced WoC confederation route; other WoC do not.,True,
wh3_dlc20_chs_kholek,wh_main_chs_chaos,wh3_main_combi_region_the_challenge_stone,wh3_main_combi_region_the_writhing_fortress,wh3_main_combi_province_chimera_plateau,wh3_main_combi_province_the_blood_marshes,127.566985,primary human army world coordinates,140.650331,685.4022216796875,574.6769409179688,603.234130859375,672.25634765625,wh3_main_combi_region_the_challenge_stone,wh3_main_combi_region_the_writhing_fortress,3,0.0,0.0,False,,3,False,False,cai_region_hint_area_chaos_wastes,chaos_wastes,Extended,True,Shared atlas theater and either at most six raster borders or at most 75 world units,land_raster_point,land_raster_point,convoy_road_combi,,Caravan/convoy links are context only; portal nodes lack general traversal eligibility; no shortcut inferred,Static human startup rules; later choices excluded. Maritime land anchors are descriptive; not movement routes. Secondary forces do not set primary distance.,False,Heralds of the Tempest,warriors_of_chaos,wh_main_sc_chs_chaos,Warhost of the Apocalypse,warriors_of_chaos,wh_main_sc_chs_chaos,Clean,False,Partial: guide evidence plus analytical prior; generic modifier matrix unmeasured,warriors_of_chaos_0;warriors_of_chaos_1,Same-race ecosystem prior,"Generic numeric aversion, opening treaties, all faction/lord/technology modifiers and multiplayer runtime behavior are not exhaustively exported; classes are analytical, not verified team legality.",,Homeland vassalization is faction/settlement-specific and does not guarantee revival. Only Archaon/Be'lakor have the final-settlement forced WoC confederation route; other WoC do not.,True,
wh3_dlc20_chs_kholek,wh_main_grn_greenskins,wh3_main_combi_region_the_challenge_stone,wh3_main_combi_region_eagle_eyries,wh3_main_combi_province_chimera_plateau,wh3_main_combi_province_gash_kadrak,61.633066,primary human army world coordinates,79.802806,685.4022216796875,574.6769409179688,650.6644897460938,523.7659912109375,wh3_main_combi_region_the_challenge_stone,wh3_main_combi_region_eagle_eyries,2,0.0,0.0,False,,2,False,False,,chaos_wastes <-> mountains_of_mourn,Regional,True,Within 100 units with neighboring provinces or at most four raster borders,land_raster_point,land_raster_point,convoy_road_combi,,Caravan/convoy links are context only; portal nodes lack general traversal eligibility; no shortcut inferred,Static human startup rules; later choices excluded. Maritime land anchors are descriptive; not movement routes. Secondary forces do not set primary distance.,False,Heralds of the Tempest,warriors_of_chaos,wh_main_sc_chs_chaos,Grimgor's 'Ardboyz,greenskins,wh_main_sc_grn_greenskins,Workable,False,Partial: guide evidence plus analytical prior; generic modifier matrix unmeasured,greenskins_0;warriors_of_chaos_0;warriors_of_chaos_1,Non-Order pragmatic-alliance prior; not a numeric diplomatic guarantee,"Generic numeric aversion, opening treaties, all faction/lord/technology modifiers and multiplayer runtime behavior are not exhaustively exported; classes are analytical, not verified team legality.",,Leader-defeat confederation requires an AI loser; it cannot consume the human teammate. Homeland vassalization is faction/settlement-specific and does not guarantee revival. Only Archaon/Be'lakor have the final-settlement forced WoC confederation route; other WoC do not.,True,
wh3_dlc20_chs_vilitch,wh3_dlc23_chd_zhatan,wh3_main_combi_region_red_fortress,wh3_main_combi_region_fortress_of_eyes,wh3_main_combi_province_the_red_wastes,wh3_main_combi_province_stonesky_foothills,133.421699,primary human army world coordinates,115.13933,891.8245239257812,511.8096008300781,762.8941040039062,546.1359252929688,wh3_main_combi_region_red_fortress,wh3_main_combi_region_fortress_of_eyes,2,0.0,0.0,False,,2,False,False,cai_region_hint_area_cathay,cathay,Extended,True,Shared atlas theater and either at most six raster borders or at most 75 world units,land_raster_point,land_raster_point,,,Caravan/convoy links are context only; portal nodes lack general traversal eligibility; no shortcut inferred,Static human startup rules; later choices excluded. Maritime land anchors are descriptive; not movement routes. Secondary forces do not set primary distance.,False,Puppets of Misrule,warriors_of_chaos,wh_main_sc_chs_chaos,The Warhost of Zharr,chaos_dwarfs,wh3_dlc23_sc_chd_chaos_dwarfs,Workable,False,Partial: guide evidence plus analytical prior; generic modifier matrix unmeasured,chaos_dwarfs_0;warriors_of_chaos_0;warriors_of_chaos_1,Chaos ecosystem prior with patron/vassal competition,"Generic numeric aversion, opening treaties, all faction/lord/technology modifiers and multiplayer runtime behavior are not exhaustively exported; classes are analytical, not verified team legality.",,Tower-seat usurpation causes a five-turn diplomatic penalty; coordinate seat claims. Homeland vassalization is faction/settlement-specific and does not guarantee revival. Only Archaon/Be'lakor have the final-settlement forced WoC confederation route; other WoC do not.,True,
wh3_dlc20_chs_vilitch,wh3_dlc27_nor_sayl,wh3_main_combi_region_red_fortress,wh3_main_combi_region_dark_tower,wh3_main_combi_province_the_red_wastes,wh3_main_combi_province_mountains_end,76.971788,primary human army world coordinates,44.382611,891.8245239257812,511.8096008300781,841.0540161132812,569.6629638671875,wh3_main_combi_region_red_fortress,wh3_main_combi_region_dark_tower,2,0.0,0.0,False,,2,False,True,cai_region_hint_area_cathay,cathay,Regional,True,Within 100 units with neighboring provinces or at most four raster borders,land_raster_point,land_raster_point,,,Caravan/convoy links are context only; portal nodes lack general traversal eligibility; no shortcut inferred,Static human startup rules; later choices excluded. Maritime land anchors are descriptive; not movement routes. Secondary forces do not set primary distance.,False,Puppets of Misrule,warriors_of_chaos,wh_main_sc_chs_chaos,Dolgan,norsca,wh_dlc08_sc_nor_norsca,Workable,False,Partial: guide evidence plus analytical prior; generic modifier matrix unmeasured,norsca_0;sayl_treaties;warriors_of_chaos_0;warriors_of_chaos_1,Chaos ecosystem prior with patron/vassal competition Coordinate manipulation targets; do not infer compulsory teammate war from the stale listener.,"Generic numeric aversion, opening treaties, all faction/lord/technology modifiers and multiplayer runtime behavior are not exhaustively exported; classes are analytical, not verified team legality.",,Leader-defeat tribal confederation is not an ordinary alliance restriction; human-target applicability is not proven here. Sayl Manipulations alter treaties; automatic below-zero Confidence war listener is inert in 8.1.1. Homeland vassalization is faction/settlement-specific and does not guarantee revival. Only Archaon/Be'lakor have the final-settlement forced WoC confederation route; other WoC do not.,True,
wh3_dlc23_chd_astragoth,wh3_dlc26_kho_arbaal,wh3_main_combi_region_uzkulak,wh3_main_combi_region_pillar_of_skulls,wh3_main_combi_province_zorn_uzkul,wh3_main_combi_province_the_skull_road,72.558802,primary human army world coordinates,68.572693,573.8406372070312,548.8357543945312,571.1685180664062,621.3453369140625,wh3_main_combi_region_uzkulak,wh3_main_combi_region_pillar_of_skulls,2,0.0,0.0,False,,2,False,True,,chaos_wastes <-> darklands,Regional,True,Within 100 units with neighboring provinces or at most four raster borders,land_raster_point,land_raster_point,convoy_road_combi;irory_road_bhashiva;ivory_road_combi,,Caravan/convoy links are context only; portal nodes lack general traversal eligibility; no shortcut inferred,Static human startup rules; later choices excluded. Maritime land anchors are descriptive; not movement routes. Secondary forces do not set primary distance.,False,Disciples of Hashut,chaos_dwarfs,wh3_dlc23_sc_chd_chaos_dwarfs,Challengers of Khorne,khorne,wh3_main_sc_kho_khorne,Workable,False,Partial: guide evidence plus analytical prior; generic modifier matrix unmeasured,chaos_dwarfs_0;khorne_0,Chaos ecosystem prior with patron/vassal competition,"Generic numeric aversion, opening treaties, all faction/lord/technology modifiers and multiplayer runtime behavior are not exhaustively exported; classes are analytical, not verified team legality.",,Tower-seat usurpation causes a five-turn diplomatic penalty; coordinate seat claims. No bespoke diplomacy override established; absence does not imply zero generic aversion.,True,
wh3_dlc23_chd_astragoth,wh_main_grn_greenskins,wh3_main_combi_region_uzkulak,wh3_main_combi_region_eagle_eyries,wh3_main_combi_province_zorn_uzkul,wh3_main_combi_province_gash_kadrak,80.810874,primary human army world coordinates,72.314548,573.8406372070312,548.8357543945312,650.6644897460938,523.7659912109375,wh3_main_combi_region_uzkulak,wh3_main_combi_region_eagle_eyries,2,0.0,0.0,False,,2,False,True,,darklands <-> mountains_of_mourn,Regional,True,Within 100 units with neighboring provinces or at most four raster borders,land_raster_point,land_raster_point,convoy_road_combi;irory_road_bhashiva;ivory_road_combi,,Caravan/convoy links are context only; portal nodes lack general traversal eligibility; no shortcut inferred,Static human startup rules; later choices excluded. Maritime land anchors are descriptive; not movement routes. Secondary forces do not set primary distance.,False,Disciples of Hashut,chaos_dwarfs,wh3_dlc23_sc_chd_chaos_dwarfs,Grimgor's 'Ardboyz,greenskins,wh_main_sc_grn_greenskins,Workable,False,Partial: guide evidence plus analytical prior; generic modifier matrix unmeasured,chaos_dwarfs_0;greenskins_0,Non-Order pragmatic-alliance prior; not a numeric diplomatic guarantee Partner appears in single-player faction objective(s); not treated as a multiplayer forced-war lock,"Generic numeric aversion, opening treaties, all faction/lord/technology modifiers and multiplayer runtime behavior are not exhaustively exported; classes are analytical, not verified team legality.",wh3_dlc23_chd_astragoth:long:004:DESTROY_FACTION,Tower-seat usurpation causes a five-turn diplomatic penalty; coordinate seat claims. Leader-defeat confederation requires an AI loser; it cannot consume the human teammate.,True,
wh3_dlc23_chd_zhatan,wh3_dlc27_nor_sayl,wh3_main_combi_region_fortress_of_eyes,wh3_main_combi_region_dark_tower,wh3_main_combi_province_stonesky_foothills,wh3_main_combi_province_mountains_end,81.624098,primary human army world coordinates,111.670161,762.8941040039062,546.1359252929688,841.0540161132812,569.6629638671875,wh3_main_combi_region_fortress_of_eyes,wh3_main_combi_region_dark_tower,3,0.0,0.0,False,,3,False,True,cai_region_hint_area_cathay,cathay,Regional,True,Within 100 units with neighboring provinces or at most four raster borders,land_raster_point,land_raster_point,,,Caravan/convoy links are context only; portal nodes lack general traversal eligibility; no shortcut inferred,Static human startup rules; later choices excluded. Maritime land anchors are descriptive; not movement routes. Secondary forces do not set primary distance.,False,The Warhost of Zharr,chaos_dwarfs,wh3_dlc23_sc_chd_chaos_dwarfs,Dolgan,norsca,wh_dlc08_sc_nor_norsca,Workable,False,Partial: guide evidence plus analytical prior; generic modifier matrix unmeasured,chaos_dwarfs_0;norsca_0;sayl_treaties,Chaos ecosystem prior with patron/vassal competition Coordinate manipulation targets; do not infer compulsory teammate war from the stale listener.,"Generic numeric aversion, opening treaties, all faction/lord/technology modifiers and multiplayer runtime behavior are not exhaustively exported; classes are analytical, not verified team legality.",,Tower-seat usurpation causes a five-turn diplomatic penalty; coordinate seat claims. Leader-defeat tribal confederation is not an ordinary alliance restriction; human-target applicability is not proven here. Sayl Manipulations alter treaties; automatic below-zero Confidence war listener is inert in 8.1.1.,True,
wh3_dlc24_ksl_daughters_of_the_forest,wh3_main_dwf_the_ancestral_throng,wh3_main_combi_region_bleak_hold_fortress,wh3_main_combi_region_eldar_spire,wh3_main_combi_province_the_bleak_coast,wh3_main_combi_province_iron_coast,149.498245,primary human army world coordinates,162.61308,64.79923248291016,474.783447265625,11.3565673828125,614.4029541015625,wh3_main_combi_region_bleak_hold_fortress,wh3_main_combi_region_eldar_spire,6,0.0,0.0,False,,6,False,False,cai_region_hint_area_naggarond,naggarond,Extended,True,Shared atlas theater and either at most six raster borders or at most 75 world units,land_raster_point,land_raster_point,,,Caravan/convoy links are context only; portal nodes lack general traversal eligibility; no shortcut inferred,Static human startup rules; later choices excluded. Maritime land anchors are descriptive; not movement routes. Secondary forces do not set primary distance.,False,Daughters of the Forest,kislev,wh3_main_sc_ksl_kislev,The Ancestral Throng,dwarfs,wh_main_sc_dwf_dwarfs,Clean,False,Partial: guide evidence plus analytical prior; generic modifier matrix unmeasured,dwarfs_0;dwarfs_1;kislev_0,Compatible Order ecosystem prior,"Generic numeric aversion, opening treaties, all faction/lord/technology modifiers and multiplayer runtime behavior are not exhaustively exported; classes are analytical, not verified team legality.",,Grudge accumulation responds to hostile conduct; positive diplomacy reduces it. Different allied Dwarf owners can enable conditional Deeps trade/diplomacy benefits. Old supporter-race forced confederation and intra-Kislev war ban are obsolete; ordinary diplomacy applies.,True,
wh3_dlc24_tze_the_deceivers,wh_main_vmp_schwartzhafen,wh3_main_combi_region_niedling,wh3_main_combi_region_castle_drakenhof,wh3_main_combi_province_stirland,wh3_main_combi_province_southern_sylvania,55.689021,primary human army world coordinates,44.714029,424.8692321777344,489.8253173828125,479.64794921875,479.7973937988281,wh3_main_combi_region_niedling,wh3_main_combi_region_castle_drakenhof,2,0.0,0.0,False,,2,False,False,cai_region_hint_area_empire,empire,Regional,True,Within 100 units with neighboring provinces or at most four raster borders,land_raster_point,land_raster_point,,ivory_road_combi,Caravan/convoy links are context only; portal nodes lack general traversal eligibility; no shortcut inferred,Static human startup rules; later choices excluded. Maritime land anchors are descriptive; not movement routes. Secondary forces do not set primary distance.,False,The Deceivers,tzeentch,wh3_main_sc_tze_tzeentch,Sylvania,vampire_counts,wh_main_sc_vmp_vampire_counts,Workable,False,Partial: guide evidence plus analytical prior; generic modifier matrix unmeasured,changeling_schemes;tzeentch_0;vampire_counts_0,Non-Order pragmatic-alliance prior; not a numeric diplomatic guarantee Compatible partners require scheme coordination; no unconditional global travel shortcut.,"Generic numeric aversion, opening treaties, all faction/lord/technology modifiers and multiplayer runtime behavior are not exhaustively exported; classes are analytical, not verified team legality.",,"Schemes make theater-specific world changes and rifts have scripted progression. Changeling Schemes change the world by theater; effects on a partner require coordination, not a universal immunity assumption. Barrow Legion has +30 WoC/Beastmen/Norsca relations and faction Chaos-attrition immunity.",True,
wh3_dlc25_dwf_malakai,wh3_main_ksl_the_great_orthodoxy,wh3_main_combi_region_kraka_drak,wh3_main_combi_region_erengrad,wh3_main_combi_province_gianthome_mountains,wh3_main_combi_province_river_lynsk,76.894488,primary human army world coordinates,70.80303,484.9922180175781,649.5006713867188,420.86102294921875,607.0748291015625,wh3_main_combi_region_kraka_drak,wh3_main_combi_region_erengrad,4,0.0,0.0,False,,4,False,False,,kislev <-> norsca,Regional,True,Within 100 units with neighboring provinces or at most four raster borders,land_raster_point,land_raster_point,,ivory_road_combi,Caravan/convoy links are context only; portal nodes lack general traversal eligibility; no shortcut inferred,Static human startup rules; later choices excluded. Maritime land anchors are descriptive; not movement routes. Secondary forces do not set primary distance.,False,Masters of Innovation,dwarfs,wh_main_sc_dwf_dwarfs,The Great Orthodoxy,kislev,wh3_main_sc_ksl_kislev,Clean,False,Partial: guide evidence plus analytical prior; generic modifier matrix unmeasured,dwarfs_0;dwarfs_1;kislev_0,Compatible Order ecosystem prior,"Generic numeric aversion, opening treaties, all faction/lord/technology modifiers and multiplayer runtime behavior are not exhaustively exported; classes are analytical, not verified team legality.",,Grudge accumulation responds to hostile conduct; positive diplomacy reduces it. Different allied Dwarf owners can enable conditional Deeps trade/diplomacy benefits. Old supporter-race forced confederation and intra-Kislev war ban are obsolete; ordinary diplomacy applies.,True,
wh3_dlc25_dwf_malakai,wh3_main_ksl_the_ice_court,wh3_main_combi_region_kraka_drak,wh3_main_combi_region_zavastra,wh3_main_combi_province_gianthome_mountains,wh3_main_combi_province_southern_oblast,92.317617,primary human army world coordinates,81.846782,484.9922180175781,649.5006713867188,462.2790832519531,560.020751953125,wh3_main_combi_region_kraka_drak,wh3_main_combi_region_zavastra,4,0.0,0.0,False,,4,False,False,,kislev <-> norsca,Regional,True,Within 100 units with neighboring provinces or at most four raster borders,land_raster_point,land_raster_point,,,Caravan/convoy links are context only; portal nodes lack general traversal eligibility; no shortcut inferred,Static human startup rules; later choices excluded. Maritime land anchors are descriptive; not movement routes. Secondary forces do not set primary distance.,False,Masters of Innovation,dwarfs,wh_main_sc_dwf_dwarfs,The Ice Court,kislev,wh3_main_sc_ksl_kislev,Clean,False,Partial: guide evidence plus analytical prior; generic modifier matrix unmeasured,dwarfs_0;dwarfs_1;kislev_0,Compatible Order ecosystem prior,"Generic numeric aversion, opening treaties, all faction/lord/technology modifiers and multiplayer runtime behavior are not exhaustively exported; classes are analytical, not verified team legality.",,Grudge accumulation responds to hostile conduct; positive diplomacy reduces it. Different allied Dwarf owners can enable conditional Deeps trade/diplomacy benefits. Old supporter-race forced confederation and intra-Kislev war ban are obsolete; ordinary diplomacy applies.,True,
wh3_dlc25_nur_epidemius,wh3_main_dae_daemon_prince,wh3_main_combi_region_bilious_cliffs,wh3_main_combi_region_volcanos_heart,wh3_main_combi_province_the_noisome_tumour,wh3_main_combi_province_plain_of_illusions,38.653656,primary human army world coordinates,53.40359,420.86102294921875,712.7537231445312,456.934814453125,726.6384887695312,wh3_main_combi_region_bilious_cliffs,wh3_main_combi_region_volcanos_heart,2,0.0,0.0,False,,2,False,True,cai_region_hint_area_chaos_wastes,chaos_wastes,Regional,True,Within 100 units with neighboring provinces or at most four raster borders,land_raster_point,land_raster_point,convoy_road_combi,,Caravan/convoy links are context only; portal nodes lack general traversal eligibility; no shortcut inferred,Static human startup rules; later choices excluded. Maritime land anchors are descriptive; not movement routes. Secondary forces do not set primary distance.,False,Tallymen of Pestilence,nurgle,wh3_main_sc_nur_nurgle,Legion of Chaos,daemons_of_chaos,wh3_main_sc_dae_daemons,Workable,False,Partial: guide evidence plus analytical prior; generic modifier matrix unmeasured,daemons_of_chaos_0;epidemius_plagues;nurgle_0,Chaos ecosystem prior with patron/vassal competition Cross-race allies need plague coordination; downgrade Clean to Workable.,"Generic numeric aversion, opening treaties, all faction/lord/technology modifiers and multiplayer runtime behavior are not exhaustively exported; classes are analytical, not verified team legality.",,Guide establishes no bespoke diplomacy override; generic aversion and dedication-state modifiers remain unmeasured. Non-Nurgle allies can count in the negative-plague Tally. Epidemius can count negatively plagued non-Nurgle allies; alliance status provides no documented protection.,True,
wh3_dlc25_nur_tamurkhan,wh3_dlc26_kho_arbaal,wh3_main_combi_region_zanbaijin,wh3_main_combi_region_pillar_of_skulls,wh3_main_combi_province_kdatha,wh3_main_combi_province_the_skull_road,91.410796,primary human army world coordinates,85.407289,660.6849975585938,639.8583984375,571.1685180664062,621.3453369140625,wh3_main_combi_region_zanbaijin,wh3_main_combi_region_pillar_of_skulls,2,0.0,0.0,False,,2,False,True,cai_region_hint_area_chaos_wastes,chaos_wastes,Regional,True,Within 100 units with neighboring provinces or at most four raster borders,land_raster_point,land_raster_point,,,Caravan/convoy links are context only; portal nodes lack general traversal eligibility; no shortcut inferred,Static human startup rules; later choices excluded. Maritime land anchors are descriptive; not movement routes. Secondary forces do not set primary distance.,False,The Maggot Host,nurgle,wh3_main_sc_nur_nurgle,Challengers of Khorne,khorne,wh3_main_sc_kho_khorne,Workable,False,Partial: guide evidence plus analytical prior; generic modifier matrix unmeasured,khorne_0;nurgle_0,Chaos ecosystem prior with patron/vassal competition,"Generic numeric aversion, opening treaties, all faction/lord/technology modifiers and multiplayer runtime behavior are not exhaustively exported; classes are analytical, not verified team legality.",,No bespoke diplomacy override established; absence does not imply zero generic aversion. Epidemius can count negatively plagued non-Nurgle allies; alliance status provides no documented protection.,True,
wh3_dlc25_nur_tamurkhan,wh_main_chs_chaos,wh3_main_combi_region_zanbaijin,wh3_main_combi_region_the_writhing_fortress,wh3_main_combi_province_kdatha,wh3_main_combi_province_the_blood_marshes,65.956267,primary human army world coordinates,58.533521,660.6849975585938,639.8583984375,603.234130859375,672.25634765625,wh3_main_combi_region_zanbaijin,wh3_main_combi_region_the_writhing_fortress,1,0.0,0.0,False,,1,False,True,cai_region_hint_area_chaos_wastes,chaos_wastes,Immediate,True,Same province or adjacent starts within 100 world units,land_raster_point,land_raster_point,,,Caravan/convoy links are context only; portal nodes lack general traversal eligibility; no shortcut inferred,Static human startup rules; later choices excluded. Maritime land anchors are descriptive; not movement routes. Secondary forces do not set primary distance.,False,The Maggot Host,nurgle,wh3_main_sc_nur_nurgle,Warhost of the Apocalypse,warriors_of_chaos,wh_main_sc_chs_chaos,Workable,False,Partial: guide evidence plus analytical prior; generic modifier matrix unmeasured,nurgle_0;warriors_of_chaos_0;warriors_of_chaos_1,Chaos ecosystem prior with patron/vassal competition,"Generic numeric aversion, opening treaties, all faction/lord/technology modifiers and multiplayer runtime behavior are not exhaustively exported; classes are analytical, not verified team legality.",,Epidemius can count negatively plagued non-Nurgle allies; alliance status provides no documented protection. Homeland vassalization is faction/settlement-specific and does not guarantee revival. Only Archaon/Be'lakor have the final-settlement forced WoC confederation route; other WoC do not.,True,
wh3_dlc26_grn_gorbad_ironclaw,wh3_main_ogr_disciples_of_the_maw,wh3_main_combi_region_iron_rock,wh3_main_combi_region_matorca,wh3_main_combi_province_death_pass,wh3_main_combi_province_eastern_border_princes,76.824789,primary human army world coordinates,66.221015,486.3282775878906,362.5478820800781,421.529052734375,403.8166198730469,wh3_main_combi_region_iron_rock,wh3_main_combi_region_matorca,3,0.0,0.0,False,,3,False,False,,border_princes <-> dwarf_empire,Regional,True,Within 100 units with neighboring provinces or at most four raster borders,land_raster_point,land_raster_point,,,Caravan/convoy links are context only; portal nodes lack general traversal eligibility; no shortcut inferred,Static human startup rules; later choices excluded. Maritime land anchors are descriptive; not movement routes. Secondary forces do not set primary distance.,False,Ironclaw Orcs,greenskins,wh_main_sc_grn_greenskins,Disciples of the Maw,ogre_kingdoms,wh3_main_sc_ogr_ogre_kingdoms,Workable,False,Partial: guide evidence plus analytical prior; generic modifier matrix unmeasured,greenskins_0;ogre_kingdoms_0,Ogre mercenary-neutral ecosystem prior; faction restrictions take precedence,"Generic numeric aversion, opening treaties, all faction/lord/technology modifiers and multiplayer runtime behavior are not exhaustively exported; classes are analytical, not verified team legality.",,Leader-defeat confederation requires an AI loser; it cannot consume the human teammate. Ogre trespass diplomacy immunity is official-source-only in the guide; battle confederation requires an AI loser.,True,
wh3_dlc26_grn_gorbad_ironclaw,wh_main_grn_crooked_moon,wh3_main_combi_region_iron_rock,wh3_main_combi_region_mount_gunbad,wh3_main_combi_province_death_pass,wh3_main_combi_province_deadrock_gap,88.989804,primary human army world coordinates,103.355907,486.3282775878906,362.5478820800781,535.0947265625,436.98590087890625,wh3_main_combi_region_iron_rock,wh3_main_combi_region_mount_gunbad,3,0.0,0.0,False,,3,False,False,cai_region_hint_area_dwarf_empire,dwarf_empire,Regional,True,Within 100 units with neighboring provinces or at most four raster borders,land_raster_point,land_raster_point,,,Caravan/convoy links are context only; portal nodes lack general traversal eligibility; no shortcut inferred,Static human startup rules; later choices excluded. Maritime land anchors are descriptive; not movement routes. Secondary forces do not set primary distance.,False,Ironclaw Orcs,greenskins,wh_main_sc_grn_greenskins,Crooked Moon,greenskins,wh_main_sc_grn_greenskins,Clean,False,Partial: guide evidence plus analytical prior; generic modifier matrix unmeasured,greenskins_0,Same-race ecosystem prior,"Generic numeric aversion, opening treaties, all faction/lord/technology modifiers and multiplayer runtime behavior are not exhaustively exported; classes are analytical, not verified team legality.",,Leader-defeat confederation requires an AI loser; it cannot consume the human teammate.,True,
wh3_dlc26_kho_arbaal,wh_main_chs_chaos,wh3_main_combi_region_pillar_of_skulls,wh3_main_combi_region_the_writhing_fortress,wh3_main_combi_province_the_skull_road,wh3_main_combi_province_the_blood_marshes,60.167554,primary human army world coordinates,62.851196,571.1685180664062,621.3453369140625,603.234130859375,672.25634765625,wh3_main_combi_region_pillar_of_skulls,wh3_main_combi_region_the_writhing_fortress,2,0.0,0.0,False,,2,False,True,cai_region_hint_area_chaos_wastes,chaos_wastes,Regional,True,Within 100 units with neighboring provinces or at most four raster borders,land_raster_point,land_raster_point,,,Caravan/convoy links are context only; portal nodes lack general traversal eligibility; no shortcut inferred,Static human startup rules; later choices excluded. Maritime land anchors are descriptive; not movement routes. Secondary forces do not set primary distance.,False,Challengers of Khorne,khorne,wh3_main_sc_kho_khorne,Warhost of the Apocalypse,warriors_of_chaos,wh_main_sc_chs_chaos,Workable,False,Partial: guide evidence plus analytical prior; generic modifier matrix unmeasured,khorne_0;warriors_of_chaos_0;warriors_of_chaos_1,Chaos ecosystem prior with patron/vassal competition,"Generic numeric aversion, opening treaties, all faction/lord/technology modifiers and multiplayer runtime behavior are not exhaustively exported; classes are analytical, not verified team legality.",,No bespoke diplomacy override established; absence does not imply zero generic aversion. Homeland vassalization is faction/settlement-specific and does not guarantee revival. Only Archaon/Be'lakor have the final-settlement forced WoC confederation route; other WoC do not.,True,
wh3_main_cth_the_northern_provinces,wh3_main_cth_the_western_provinces,wh3_main_combi_region_nan_gau,wh3_main_combi_region_qiang,wh3_main_combi_province_gunpowder_road,wh3_main_combi_province_wastelands_of_jinshen,115.137102,primary human army world coordinates,135.218362,761.5580444335938,497.5390930175781,739.512939453125,384.53216552734375,wh3_main_combi_region_nan_gau,wh3_main_combi_region_qiang,3,0.0,0.0,False,,3,False,False,cai_region_hint_area_cathay,cathay,Extended,True,Shared atlas theater and either at most six raster borders or at most 75 world units,land_raster_point,land_raster_point,,irory_road_bhashiva;ivory_road_combi,Caravan/convoy links are context only; portal nodes lack general traversal eligibility; no shortcut inferred,Static human startup rules; later choices excluded. Maritime land anchors are descriptive; not movement routes. Secondary forces do not set primary distance.,False,The Northern Provinces,grand_cathay,wh3_main_sc_cth_cathay,The Western Provinces,grand_cathay,wh3_main_sc_cth_cathay,Clean,False,Partial: guide evidence plus analytical prior; generic modifier matrix unmeasured,grand_cathay_0,Same-race ecosystem prior,"Generic numeric aversion, opening treaties, all faction/lord/technology modifiers and multiplayer runtime behavior are not exhaustively exported; classes are analytical, not verified team legality.",,Guide found no distinct diplomatic replacement; generic faction modifiers remain outside coverage.,True,
wh3_main_cth_the_western_provinces,wh3_main_ogr_goldtooth,wh3_main_combi_region_qiang,wh3_main_combi_region_great_hall_of_greasus,wh3_main_combi_province_wastelands_of_jinshen,wh3_main_combi_province_ivory_road,48.889802,primary human army world coordinates,68.528768,739.512939453125,384.53216552734375,690.7465209960938,388.00335693359375,wh3_main_combi_region_qiang,wh3_main_combi_region_great_hall_of_greasus,2,0.0,0.0,False,,2,False,True,,cathay <-> mountains_of_mourn,Regional,True,Within 100 units with neighboring provinces or at most four raster borders,land_raster_point,land_raster_point,irory_road_bhashiva;ivory_road_combi,convoy_road_combi;irory_road_bhashiva;ivory_road_combi,Caravan/convoy links are context only; portal nodes lack general traversal eligibility; no shortcut inferred,Static human startup rules; later choices excluded. Maritime land anchors are descriptive; not movement routes. Secondary forces do not set primary distance.,False,The Western Provinces,grand_cathay,wh3_main_sc_cth_cathay,Goldtooth,ogre_kingdoms,wh3_main_sc_ogr_ogre_kingdoms,Workable,False,Partial: guide evidence plus analytical prior; generic modifier matrix unmeasured,grand_cathay_0;ogre_kingdoms_0,Ogre mercenary-neutral ecosystem prior; faction restrictions take precedence,"Generic numeric aversion, opening treaties, all faction/lord/technology modifiers and multiplayer runtime behavior are not exhaustively exported; classes are analytical, not verified team legality.",,Guide found no distinct diplomatic replacement; generic faction modifiers remain outside coverage. Ogre trespass diplomacy immunity is official-source-only in the guide; battle confederation requires an AI loser.,True,
wh3_main_kho_exiles_of_khorne,wh_main_vmp_vampire_counts,wh3_main_combi_region_agrul_migdhal,wh3_main_combi_region_ka_sabar,wh3_main_combi_province_barrier_idols,wh3_main_combi_province_shifting_sands,72.824822,primary human army world coordinates,72.0134,451.5905456542969,251.46937561035156,414.1806945800781,188.9877166748047,wh3_main_combi_region_agrul_migdhal,wh3_main_combi_region_ka_sabar,3,0.0,0.0,False,,3,False,False,,badlands <-> southlands,Regional,True,Within 100 units with neighboring provinces or at most four raster borders,land_raster_point,land_raster_point,,,Caravan/convoy links are context only; portal nodes lack general traversal eligibility; no shortcut inferred,Static human startup rules; later choices excluded. Maritime land anchors are descriptive; not movement routes. Secondary forces do not set primary distance.,False,Exiles of Khorne,khorne,wh3_main_sc_kho_khorne,The Drakenhof Conclave,vampire_counts,wh_main_sc_vmp_vampire_counts,Workable,False,Partial: guide evidence plus analytical prior; generic modifier matrix unmeasured,khorne_0;vampire_counts_0,Non-Order pragmatic-alliance prior; not a numeric diplomatic guarantee,"Generic numeric aversion, opening treaties, all faction/lord/technology modifiers and multiplayer runtime behavior are not exhaustively exported; classes are analytical, not verified team legality.",,No bespoke diplomacy override established; absence does not imply zero generic aversion. Barrow Legion has +30 WoC/Beastmen/Norsca relations and faction Chaos-attrition immunity.,True,
wh3_main_ksl_the_great_orthodoxy,wh3_main_ksl_the_ice_court,wh3_main_combi_region_erengrad,wh3_main_combi_region_zavastra,wh3_main_combi_province_river_lynsk,wh3_main_combi_province_southern_oblast,62.686058,primary human army world coordinates,36.111604,420.86102294921875,607.0748291015625,462.2790832519531,560.020751953125,wh3_main_combi_region_erengrad,wh3_main_combi_region_zavastra,1,0.0,0.0,False,,1,False,True,cai_region_hint_area_kislev,kislev,Immediate,True,Same province or adjacent starts within 100 world units,land_raster_point,land_raster_point,ivory_road_combi,,Caravan/convoy links are context only; portal nodes lack general traversal eligibility; no shortcut inferred,Static human startup rules; later choices excluded. Maritime land anchors are descriptive; not movement routes. Secondary forces do not set primary distance.,False,The Great Orthodoxy,kislev,wh3_main_sc_ksl_kislev,The Ice Court,kislev,wh3_main_sc_ksl_kislev,Clean,False,Partial: guide evidence plus analytical prior; generic modifier matrix unmeasured,kislev_0,Same-race ecosystem prior,"Generic numeric aversion, opening treaties, all faction/lord/technology modifiers and multiplayer runtime behavior are not exhaustively exported; classes are analytical, not verified team legality.",,Old supporter-race forced confederation and intra-Kislev war ban are obsolete; ordinary diplomacy applies.,True,
wh3_main_ksl_the_ice_court,wh_main_dwf_karak_kadrin,wh3_main_combi_region_zavastra,wh3_main_combi_region_karak_kadrin,wh3_main_combi_province_southern_oblast,wh3_main_combi_province_peak_pass,87.00177,primary human army world coordinates,87.142522,462.2790832519531,560.020751953125,515.7217407226562,491.3680725097656,wh3_main_combi_region_zavastra,wh3_main_combi_region_karak_kadrin,3,0.0,0.0,False,,3,False,False,,dwarf_empire <-> kislev,Regional,True,Within 100 units with neighboring provinces or at most four raster borders,land_raster_point,land_raster_point,,,Caravan/convoy links are context only; portal nodes lack general traversal eligibility; no shortcut inferred,Static human startup rules; later choices excluded. Maritime land anchors are descriptive; not movement routes. Secondary forces do not set primary distance.,False,The Ice Court,kislev,wh3_main_sc_ksl_kislev,Karak Kadrin,dwarfs,wh_main_sc_dwf_dwarfs,Clean,False,Partial: guide evidence plus analytical prior; generic modifier matrix unmeasured,dwarfs_0;dwarfs_1;kislev_0,Compatible Order ecosystem prior,"Generic numeric aversion, opening treaties, all faction/lord/technology modifiers and multiplayer runtime behavior are not exhaustively exported; classes are analytical, not verified team legality.",,Grudge accumulation responds to hostile conduct; positive diplomacy reduces it. Different allied Dwarf owners can enable conditional Deeps trade/diplomacy benefits. Old supporter-race forced confederation and intra-Kislev war ban are obsolete; ordinary diplomacy applies.,True,
wh3_main_nur_poxmakers_of_nurgle,wh3_main_vmp_caravan_of_blue_roses,wh3_main_combi_region_shattered_stone_isle,wh3_main_combi_region_gnobbly_gorge,wh3_main_combi_province_the_dragon_isles,wh3_main_combi_province_gnoblar_country,64.427447,primary human army world coordinates,64.627409,666.0292358398438,287.3384704589844,703.4391479492188,339.7922058105469,wh3_main_combi_region_shattered_stone_isle,wh3_main_combi_region_gnobbly_gorge,,0.0,0.0,False,,,False,True,,darklands <-> mountains_of_mourn,Regional,True,Within 100 units with neighboring provinces or at most four raster borders,land_raster_point,land_raster_point,,,Caravan/convoy links are context only; portal nodes lack general traversal eligibility; no shortcut inferred,Static human startup rules; later choices excluded. Maritime land anchors are descriptive; not movement routes. Secondary forces do not set primary distance.,True,Poxmakers of Nurgle,nurgle,wh3_main_sc_nur_nurgle,Caravan of Blue Roses,vampire_counts,wh_main_sc_vmp_vampire_counts,Workable,False,Partial: guide evidence plus analytical prior; generic modifier matrix unmeasured,nurgle_0;vampire_counts_0,Non-Order pragmatic-alliance prior; not a numeric diplomatic guarantee Partner appears in single-player faction objective(s); not treated as a multiplayer forced-war lock,"Generic numeric aversion, opening treaties, all faction/lord/technology modifiers and multiplayer runtime behavior are not exhaustively exported; classes are analytical, not verified team legality.",wh3_main_nur_poxmakers_of_nurgle:short:001:DESTROY_FACTION;wh3_main_vmp_caravan_of_blue_roses:short:001:DESTROY_FACTION,Epidemius can count negatively plagued non-Nurgle allies; alliance status provides no documented protection. Barrow Legion has +30 WoC/Beastmen/Norsca relations and faction Chaos-attrition immunity.,True,
wh3_main_ogr_disciples_of_the_maw,wh_dlc05_wef_argwylon,wh3_main_combi_region_matorca,wh3_main_combi_region_karak_norn,wh3_main_combi_province_eastern_border_princes,wh3_main_combi_province_southern_grey_mountains,85.019751,primary human army world coordinates,72.00755,421.529052734375,403.8166198730469,350.717529296875,450.8706970214844,wh3_main_combi_region_matorca,wh3_main_combi_region_karak_norn,4,0.0,0.0,False,,4,False,False,,border_princes <-> dwarf_empire,Regional,True,Within 100 units with neighboring provinces or at most four raster borders,land_raster_point,land_raster_point,,,Caravan/convoy links are context only; portal nodes lack general traversal eligibility; no shortcut inferred,Static human startup rules; later choices excluded. Maritime land anchors are descriptive; not movement routes. Secondary forces do not set primary distance.,False,Disciples of the Maw,ogre_kingdoms,wh3_main_sc_ogr_ogre_kingdoms,Argwylon,wood_elves,wh_dlc05_sc_wef_wood_elves,Workable,False,Partial: guide evidence plus analytical prior; generic modifier matrix unmeasured,ogre_kingdoms_0;wood_elves_0;wood_elves_1,Ogre mercenary-neutral ecosystem prior; faction restrictions take precedence,"Generic numeric aversion, opening treaties, all faction/lord/technology modifiers and multiplayer runtime behavior are not exhaustively exported; classes are analytical, not verified team legality.",,Ogre trespass diplomacy immunity is official-source-only in the guide; battle confederation requires an AI loser. Rebirth completion is global and one-time in co-op; Ariel is globally unique. Drycha can confederate only Argwylon; not a general ban on Wood Elf alliances.,True,
wh3_main_ogr_disciples_of_the_maw,wh_main_dwf_dwarfs,wh3_main_combi_region_matorca,wh3_main_combi_region_karaz_a_karak,wh3_main_combi_province_eastern_border_princes,wh3_main_combi_province_the_silver_road,76.971814,primary human army world coordinates,81.465908,421.529052734375,403.8166198730469,497.0168151855469,418.8584899902344,wh3_main_combi_region_matorca,wh3_main_combi_region_karaz_a_karak,3,0.0,0.0,False,,3,False,False,,border_princes <-> dwarf_empire,Regional,True,Within 100 units with neighboring provinces or at most four raster borders,land_raster_point,land_raster_point,,ivory_road_combi,Caravan/convoy links are context only; portal nodes lack general traversal eligibility; no shortcut inferred,Static human startup rules; later choices excluded. Maritime land anchors are descriptive; not movement routes. Secondary forces do not set primary distance.,False,Disciples of the Maw,ogre_kingdoms,wh3_main_sc_ogr_ogre_kingdoms,Karaz-a-Karak,dwarfs,wh_main_sc_dwf_dwarfs,Workable,False,Partial: guide evidence plus analytical prior; generic modifier matrix unmeasured,dwarfs_0;dwarfs_1;ogre_kingdoms_0,Ogre mercenary-neutral ecosystem prior; faction restrictions take precedence,"Generic numeric aversion, opening treaties, all faction/lord/technology modifiers and multiplayer runtime behavior are not exhaustively exported; classes are analytical, not verified team legality.",,Grudge accumulation responds to hostile conduct; positive diplomacy reduces it. Different allied Dwarf owners can enable conditional Deeps trade/diplomacy benefits. Ogre trespass diplomacy immunity is official-source-only in the guide; battle confederation requires an AI loser.,True,
wh3_main_ogr_disciples_of_the_maw,wh_main_dwf_karak_izor,wh3_main_combi_region_matorca,wh3_main_combi_region_karak_bhufdar,wh3_main_combi_province_eastern_border_princes,wh3_main_combi_province_the_vaults,81.390482,primary human army world coordinates,79.136086,421.529052734375,403.8166198730469,347.3773498535156,370.26165771484375,wh3_main_combi_region_matorca,wh3_main_combi_region_karak_bhufdar,3,0.0,0.0,False,,3,False,True,,border_princes <-> dwarf_empire,Regional,True,Within 100 units with neighboring provinces or at most four raster borders,land_raster_point,land_raster_point,,,Caravan/convoy links are context only; portal nodes lack general traversal eligibility; no shortcut inferred,Static human startup rules; later choices excluded. Maritime land anchors are descriptive; not movement routes. Secondary forces do not set primary distance.,False,Disciples of the Maw,ogre_kingdoms,wh3_main_sc_ogr_ogre_kingdoms,Clan Angrund,dwarfs,wh_main_sc_dwf_dwarfs,Workable,False,Partial: guide evidence plus analytical prior; generic modifier matrix unmeasured,dwarfs_0;dwarfs_1;ogre_kingdoms_0,Ogre mercenary-neutral ecosystem prior; faction restrictions take precedence,"Generic numeric aversion, opening treaties, all faction/lord/technology modifiers and multiplayer runtime behavior are not exhaustively exported; classes are analytical, not verified team legality.",,Grudge accumulation responds to hostile conduct; positive diplomacy reduces it. Different allied Dwarf owners can enable conditional Deeps trade/diplomacy benefits. Ogre trespass diplomacy immunity is official-source-only in the guide; battle confederation requires an AI loser.,True,
wh3_main_ogr_disciples_of_the_maw,wh_main_emp_wissenland,wh3_main_combi_region_matorca,wh3_main_combi_region_nuln,wh3_main_combi_province_eastern_border_princes,wh3_main_combi_province_wissenland,81.940595,primary human army world coordinates,88.323209,421.529052734375,403.8166198730469,366.75030517578125,464.7555236816406,wh3_main_combi_region_matorca,wh3_main_combi_region_nuln,4,0.0,0.0,False,,4,False,False,,border_princes <-> empire,Regional,True,Within 100 units with neighboring provinces or at most four raster borders,land_raster_point,land_raster_point,,ivory_road_combi,Caravan/convoy links are context only; portal nodes lack general traversal eligibility; no shortcut inferred,Static human startup rules; later choices excluded. Maritime land anchors are descriptive; not movement routes. Secondary forces do not set primary distance.,False,Disciples of the Maw,ogre_kingdoms,wh3_main_sc_ogr_ogre_kingdoms,Wissenland & Nuln,empire,wh_main_sc_emp_empire,Workable,False,Partial: guide evidence plus analytical prior; generic modifier matrix unmeasured,empire_0;ogre_kingdoms_0,Ogre mercenary-neutral ecosystem prior; faction restrictions take precedence,"Generic numeric aversion, opening treaties, all faction/lord/technology modifiers and multiplayer runtime behavior are not exhaustively exported; classes are analytical, not verified team legality.",,Reikland Elector politics replaces ordinary confederation/NAP paths; does not establish a general military-alliance ban. Ogre trespass diplomacy immunity is official-source-only in the guide; battle confederation requires an AI loser.,True,
wh3_main_ogr_disciples_of_the_maw,wh_main_vmp_schwartzhafen,wh3_main_combi_region_matorca,wh3_main_combi_region_castle_drakenhof,wh3_main_combi_province_eastern_border_princes,wh3_main_combi_province_southern_sylvania,95.660254,primary human army world coordinates,95.149865,421.529052734375,403.8166198730469,479.64794921875,479.7973937988281,wh3_main_combi_region_matorca,wh3_main_combi_region_castle_drakenhof,4,0.0,0.0,False,,4,False,False,,border_princes <-> empire,Regional,True,Within 100 units with neighboring provinces or at most four raster borders,land_raster_point,land_raster_point,,ivory_road_combi,Caravan/convoy links are context only; portal nodes lack general traversal eligibility; no shortcut inferred,Static human startup rules; later choices excluded. Maritime land anchors are descriptive; not movement routes. Secondary forces do not set primary distance.,False,Disciples of the Maw,ogre_kingdoms,wh3_main_sc_ogr_ogre_kingdoms,Sylvania,vampire_counts,wh_main_sc_vmp_vampire_counts,Workable,False,Partial: guide evidence plus analytical prior; generic modifier matrix unmeasured,ogre_kingdoms_0;vampire_counts_0,Ogre mercenary-neutral ecosystem prior; faction restrictions take precedence,"Generic numeric aversion, opening treaties, all faction/lord/technology modifiers and multiplayer runtime behavior are not exhaustively exported; classes are analytical, not verified team legality.",,Ogre trespass diplomacy immunity is official-source-only in the guide; battle confederation requires an AI loser. Barrow Legion has +30 WoC/Beastmen/Norsca relations and faction Chaos-attrition immunity.,True,
wh3_main_ogr_goldtooth,wh3_main_vmp_caravan_of_blue_roses,wh3_main_combi_region_great_hall_of_greasus,wh3_main_combi_region_gnobbly_gorge,wh3_main_combi_province_ivory_road,wh3_main_combi_province_gnoblar_country,49.853965,primary human army world coordinates,69.32238,690.7465209960938,388.00335693359375,703.4391479492188,339.7922058105469,wh3_main_combi_region_great_hall_of_greasus,wh3_main_combi_region_gnobbly_gorge,3,0.0,0.0,False,,3,False,True,cai_region_hint_area_mountains_of_mourn,mountains_of_mourn,Regional,True,Within 100 units with neighboring provinces or at most four raster borders,land_raster_point,land_raster_point,convoy_road_combi;irory_road_bhashiva;ivory_road_combi,,Caravan/convoy links are context only; portal nodes lack general traversal eligibility; no shortcut inferred,Static human startup rules; later choices excluded. Maritime land anchors are descriptive; not movement routes. Secondary forces do not set primary distance.,False,Goldtooth,ogre_kingdoms,wh3_main_sc_ogr_ogre_kingdoms,Caravan of Blue Roses,vampire_counts,wh_main_sc_vmp_vampire_counts,Workable,False,Partial: guide evidence plus analytical prior; generic modifier matrix unmeasured,ogre_kingdoms_0;vampire_counts_0,Ogre mercenary-neutral ecosystem prior; faction restrictions take precedence,"Generic numeric aversion, opening treaties, all faction/lord/technology modifiers and multiplayer runtime behavior are not exhaustively exported; classes are analytical, not verified team legality.",,Ogre trespass diplomacy immunity is official-source-only in the guide; battle confederation requires an AI loser. Barrow Legion has +30 WoC/Beastmen/Norsca relations and faction Chaos-attrition immunity.,True,
wh3_main_ogr_goldtooth,wh_main_grn_greenskins,wh3_main_combi_region_great_hall_of_greasus,wh3_main_combi_region_eagle_eyries,wh3_main_combi_province_ivory_road,wh3_main_combi_province_gash_kadrak,141.555862,primary human army world coordinates,134.412337,690.7465209960938,388.00335693359375,650.6644897460938,523.7659912109375,wh3_main_combi_region_great_hall_of_greasus,wh3_main_combi_region_eagle_eyries,5,0.0,0.0,False,,5,False,False,cai_region_hint_area_mountains_of_mourn,mountains_of_mourn,Extended,True,Shared atlas theater and either at most six raster borders or at most 75 world units,land_raster_point,land_raster_point,convoy_road_combi;irory_road_bhashiva;ivory_road_combi,,Caravan/convoy links are context only; portal nodes lack general traversal eligibility; no shortcut inferred,Static human startup rules; later choices excluded. Maritime land anchors are descriptive; not movement routes. Secondary forces do not set primary distance.,False,Goldtooth,ogre_kingdoms,wh3_main_sc_ogr_ogre_kingdoms,Grimgor's 'Ardboyz,greenskins,wh_main_sc_grn_greenskins,Workable,False,Partial: guide evidence plus analytical prior; generic modifier matrix unmeasured,greenskins_0;ogre_kingdoms_0,Ogre mercenary-neutral ecosystem prior; faction restrictions take precedence,"Generic numeric aversion, opening treaties, all faction/lord/technology modifiers and multiplayer runtime behavior are not exhaustively exported; classes are analytical, not verified team legality.",,Leader-defeat confederation requires an AI loser; it cannot consume the human teammate. Ogre trespass diplomacy immunity is official-source-only in the guide; battle confederation requires an AI loser.,True,
wh_dlc05_wef_argwylon,wh_dlc05_wef_wood_elves,wh3_main_combi_region_karak_norn,wh3_main_combi_region_castle_carcassonne,wh3_main_combi_province_southern_grey_mountains,wh3_main_combi_province_carcassonne,63.026862,primary human army world coordinates,68.145121,350.717529296875,450.8706970214844,314.64371315612533,399.1883483968683,wh3_main_combi_region_karak_norn,wh3_main_combi_region_castle_carcassonne,3,0.0,0.0,False,,3,False,False,,bretonnia <-> dwarf_empire,Regional,True,Within 100 units with neighboring provinces or at most four raster borders,land_raster_point,land_raster_point,,,Caravan/convoy links are context only; portal nodes lack general traversal eligibility; no shortcut inferred,Static human startup rules; later choices excluded. Maritime land anchors are descriptive; not movement routes. Secondary forces do not set primary distance.,False,Argwylon,wood_elves,wh_dlc05_sc_wef_wood_elves,Talsyn,wood_elves,wh_dlc05_sc_wef_wood_elves,Workable,False,Partial: guide evidence plus analytical prior; generic modifier matrix unmeasured,wood_elves_0;wood_elves_1,Same-race ecosystem prior Shared seat/Book/forest progression requires coordination,"Generic numeric aversion, opening treaties, all faction/lord/technology modifiers and multiplayer runtime behavior are not exhaustively exported; classes are analytical, not verified team legality.",,Rebirth completion is global and one-time in co-op; Ariel is globally unique. Drycha can confederate only Argwylon; not a general ban on Wood Elf alliances.,True,
wh_dlc05_wef_argwylon,wh_main_brt_carcassonne,wh3_main_combi_region_karak_norn,wh3_main_combi_region_castle_carcassonne,wh3_main_combi_province_southern_grey_mountains,wh3_main_combi_province_carcassonne,73.810899,primary human army world coordinates,68.145121,350.717529296875,450.8706970214844,297.27484130859375,399.959716796875,wh3_main_combi_region_karak_norn,wh3_main_combi_region_castle_carcassonne,3,0.0,0.0,False,,3,False,False,,bretonnia <-> dwarf_empire,Regional,True,Within 100 units with neighboring provinces or at most four raster borders,land_raster_point,land_raster_point,,,Caravan/convoy links are context only; portal nodes lack general traversal eligibility; no shortcut inferred,Static human startup rules; later choices excluded. Maritime land anchors are descriptive; not movement routes. Secondary forces do not set primary distance.,False,Argwylon,wood_elves,wh_dlc05_sc_wef_wood_elves,Carcassonne,bretonnia,wh_main_sc_brt_bretonnia,Workable,False,Partial: guide evidence plus analytical prior; generic modifier matrix unmeasured,bretonnia_0;wood_elves_0;wood_elves_1,Order-adjacent but distinct territorial/diplomatic ecosystem prior,"Generic numeric aversion, opening treaties, all faction/lord/technology modifiers and multiplayer runtime behavior are not exhaustively exported; classes are analytical, not verified team legality.",,Human confederation cooldown exemption is not permission to absorb a human teammate. Rebirth completion is global and one-time in co-op; Ariel is globally unique. Drycha can confederate only Argwylon; not a general ban on Wood Elf alliances.,True,
wh_dlc05_wef_argwylon,wh_main_dwf_dwarfs,wh3_main_combi_region_karak_norn,wh3_main_combi_region_karaz_a_karak,wh3_main_combi_province_southern_grey_mountains,wh3_main_combi_province_the_silver_road,149.760684,primary human army world coordinates,132.419777,350.717529296875,450.8706970214844,497.0168151855469,418.8584899902344,wh3_main_combi_region_karak_norn,wh3_main_combi_region_karaz_a_karak,5,0.0,0.0,False,,5,False,False,cai_region_hint_area_dwarf_empire,dwarf_empire,Extended,True,Shared atlas theater and either at most six raster borders or at most 75 world units,land_raster_point,land_raster_point,,ivory_road_combi,Caravan/convoy links are context only; portal nodes lack general traversal eligibility; no shortcut inferred,Static human startup rules; later choices excluded. Maritime land anchors are descriptive; not movement routes. Secondary forces do not set primary distance.,False,Argwylon,wood_elves,wh_dlc05_sc_wef_wood_elves,Karaz-a-Karak,dwarfs,wh_main_sc_dwf_dwarfs,Workable,False,Partial: guide evidence plus analytical prior; generic modifier matrix unmeasured,dwarfs_0;dwarfs_1;wood_elves_0;wood_elves_1,Order-adjacent but distinct territorial/diplomatic ecosystem prior,"Generic numeric aversion, opening treaties, all faction/lord/technology modifiers and multiplayer runtime behavior are not exhaustively exported; classes are analytical, not verified team legality.",,Grudge accumulation responds to hostile conduct; positive diplomacy reduces it. Different allied Dwarf owners can enable conditional Deeps trade/diplomacy benefits. Rebirth completion is global and one-time in co-op; Ariel is globally unique. Drycha can confederate only Argwylon; not a general ban on Wood Elf alliances.,True,
wh_dlc05_wef_argwylon,wh_main_dwf_karak_izor,wh3_main_combi_region_karak_norn,wh3_main_combi_region_karak_bhufdar,wh3_main_combi_province_southern_grey_mountains,wh3_main_combi_province_the_vaults,80.678213,primary human army world coordinates,58.232967,350.717529296875,450.8706970214844,347.3773498535156,370.26165771484375,wh3_main_combi_region_karak_norn,wh3_main_combi_region_karak_bhufdar,2,0.0,0.0,False,,2,False,True,cai_region_hint_area_dwarf_empire,dwarf_empire,Regional,True,Within 100 units with neighboring provinces or at most four raster borders,land_raster_point,land_raster_point,,,Caravan/convoy links are context only; portal nodes lack general traversal eligibility; no shortcut inferred,Static human startup rules; later choices excluded. Maritime land anchors are descriptive; not movement routes. Secondary forces do not set primary distance.,False,Argwylon,wood_elves,wh_dlc05_sc_wef_wood_elves,Clan Angrund,dwarfs,wh_main_sc_dwf_dwarfs,Workable,False,Partial: guide evidence plus analytical prior; generic modifier matrix unmeasured,dwarfs_0;dwarfs_1;wood_elves_0;wood_elves_1,Order-adjacent but distinct territorial/diplomatic ecosystem prior,"Generic numeric aversion, opening treaties, all faction/lord/technology modifiers and multiplayer runtime behavior are not exhaustively exported; classes are analytical, not verified team legality.",,Grudge accumulation responds to hostile conduct; positive diplomacy reduces it. Different allied Dwarf owners can enable conditional Deeps trade/diplomacy benefits. Rebirth completion is global and one-time in co-op; Ariel is globally unique. Drycha can confederate only Argwylon; not a general ban on Wood Elf alliances.,True,
wh_dlc05_wef_argwylon,wh_main_emp_empire,wh3_main_combi_region_karak_norn,wh3_main_combi_region_altdorf,wh3_main_combi_province_southern_grey_mountains,wh3_main_combi_province_reikland,40.111694,primary human army world coordinates,55.300757,350.717529296875,450.8706970214844,350.717529296875,490.9823913574219,wh3_main_combi_region_karak_norn,wh3_main_combi_region_altdorf,3,0.0,0.0,False,,3,False,True,,dwarf_empire <-> empire,Regional,True,Within 100 units with neighboring provinces or at most four raster borders,land_raster_point,land_raster_point,,ivory_road_combi,Caravan/convoy links are context only; portal nodes lack general traversal eligibility; no shortcut inferred,Static human startup rules; later choices excluded. Maritime land anchors are descriptive; not movement routes. Secondary forces do not set primary distance.,False,Argwylon,wood_elves,wh_dlc05_sc_wef_wood_elves,Reikland,empire,wh_main_sc_emp_empire,Workable,False,Partial: guide evidence plus analytical prior; generic modifier matrix unmeasured,empire_0;wood_elves_0;wood_elves_1,Order-adjacent but distinct territorial/diplomatic ecosystem prior,"Generic numeric aversion, opening treaties, all faction/lord/technology modifiers and multiplayer runtime behavior are not exhaustively exported; classes are analytical, not verified team legality.",,Reikland Elector politics replaces ordinary confederation/NAP paths; does not establish a general military-alliance ban. Rebirth completion is global and one-time in co-op; Ariel is globally unique. Drycha can confederate only Argwylon; not a general ban on Wood Elf alliances.,True,
wh_dlc05_wef_argwylon,wh_main_emp_wissenland,wh3_main_combi_region_karak_norn,wh3_main_combi_region_nuln,wh3_main_combi_province_southern_grey_mountains,wh3_main_combi_province_wissenland,21.209392,primary human army world coordinates,30.850238,350.717529296875,450.8706970214844,366.75030517578125,464.7555236816406,wh3_main_combi_region_karak_norn,wh3_main_combi_region_nuln,2,0.0,0.0,False,,2,False,True,,dwarf_empire <-> empire,Regional,True,Within 100 units with neighboring provinces or at most four raster borders,land_raster_point,land_raster_point,,ivory_road_combi,Caravan/convoy links are context only; portal nodes lack general traversal eligibility; no shortcut inferred,Static human startup rules; later choices excluded. Maritime land anchors are descriptive; not movement routes. Secondary forces do not set primary distance.,False,Argwylon,wood_elves,wh_dlc05_sc_wef_wood_elves,Wissenland & Nuln,empire,wh_main_sc_emp_empire,Workable,False,Partial: guide evidence plus analytical prior; generic modifier matrix unmeasured,empire_0;wood_elves_0;wood_elves_1,Order-adjacent but distinct territorial/diplomatic ecosystem prior,"Generic numeric aversion, opening treaties, all faction/lord/technology modifiers and multiplayer runtime behavior are not exhaustively exported; classes are analytical, not verified team legality.",,Reikland Elector politics replaces ordinary confederation/NAP paths; does not establish a general military-alliance ban. Rebirth completion is global and one-time in co-op; Ariel is globally unique. Drycha can confederate only Argwylon; not a general ban on Wood Elf alliances.,True,
wh_dlc05_wef_wood_elves,wh_main_brt_bretonnia,wh3_main_combi_region_castle_carcassonne,wh3_main_combi_region_languille,wh3_main_combi_province_carcassonne,wh3_main_combi_province_marches_of_couronne,127.062241,primary human army world coordinates,127.707032,314.64371315612533,399.1883483968683,268.5494079589844,517.594970703125,wh3_main_combi_region_castle_carcassonne,wh3_main_combi_region_languille,5,0.0,0.0,False,,5,False,False,cai_region_hint_area_bretonnia,bretonnia,Extended,True,Shared atlas theater and either at most six raster borders or at most 75 world units,land_raster_point,land_raster_point,,,Caravan/convoy links are context only; portal nodes lack general traversal eligibility; no shortcut inferred,Static human startup rules; later choices excluded. Maritime land anchors are descriptive; not movement routes. Secondary forces do not set primary distance.,False,Talsyn,wood_elves,wh_dlc05_sc_wef_wood_elves,Couronne,bretonnia,wh_main_sc_brt_bretonnia,Workable,False,Partial: guide evidence plus analytical prior; generic modifier matrix unmeasured,bretonnia_0;wood_elves_0;wood_elves_1,Order-adjacent but distinct territorial/diplomatic ecosystem prior,"Generic numeric aversion, opening treaties, all faction/lord/technology modifiers and multiplayer runtime behavior are not exhaustively exported; classes are analytical, not verified team legality.",,Human confederation cooldown exemption is not permission to absorb a human teammate. Rebirth completion is global and one-time in co-op; Ariel is globally unique. Drycha can confederate only Argwylon; not a general ban on Wood Elf alliances.,True,
wh_dlc05_wef_wood_elves,wh_main_brt_carcassonne,wh3_main_combi_region_castle_carcassonne,wh3_main_combi_region_castle_carcassonne,wh3_main_combi_province_carcassonne,wh3_main_combi_province_carcassonne,17.385992,primary human army world coordinates,0.0,314.64371315612533,399.1883483968683,297.27484130859375,399.959716796875,wh3_main_combi_region_castle_carcassonne,wh3_main_combi_region_castle_carcassonne,0,0.0,0.0,False,,0,True,False,cai_region_hint_area_bretonnia,bretonnia,Immediate,True,Same province or adjacent starts within 100 world units,land_raster_point,land_raster_point,,,Caravan/convoy links are context only; portal nodes lack general traversal eligibility; no shortcut inferred,Static human startup rules; later choices excluded. Maritime land anchors are descriptive; not movement routes. Secondary forces do not set primary distance.,False,Talsyn,wood_elves,wh_dlc05_sc_wef_wood_elves,Carcassonne,bretonnia,wh_main_sc_brt_bretonnia,Workable,False,Partial: guide evidence plus analytical prior; generic modifier matrix unmeasured,bretonnia_0;wood_elves_0;wood_elves_1,Order-adjacent but distinct territorial/diplomatic ecosystem prior,"Generic numeric aversion, opening treaties, all faction/lord/technology modifiers and multiplayer runtime behavior are not exhaustively exported; classes are analytical, not verified team legality.",,Human confederation cooldown exemption is not permission to absorb a human teammate. Rebirth completion is global and one-time in co-op; Ariel is globally unique. Drycha can confederate only Argwylon; not a general ban on Wood Elf alliances.,True,
wh_dlc05_wef_wood_elves,wh_main_dwf_karak_izor,wh3_main_combi_region_castle_carcassonne,wh3_main_combi_region_karak_bhufdar,wh3_main_combi_province_carcassonne,wh3_main_combi_province_the_vaults,43.683457,primary human army world coordinates,34.186961,314.64371315612533,399.1883483968683,347.3773498535156,370.26165771484375,wh3_main_combi_region_castle_carcassonne,wh3_main_combi_region_karak_bhufdar,1,0.0,0.0,False,,1,False,True,,bretonnia <-> dwarf_empire,Immediate,True,Same province or adjacent starts within 100 world units,land_raster_point,land_raster_point,,,Caravan/convoy links are context only; portal nodes lack general traversal eligibility; no shortcut inferred,Static human startup rules; later choices excluded. Maritime land anchors are descriptive; not movement routes. Secondary forces do not set primary distance.,False,Talsyn,wood_elves,wh_dlc05_sc_wef_wood_elves,Clan Angrund,dwarfs,wh_main_sc_dwf_dwarfs,Workable,False,Partial: guide evidence plus analytical prior; generic modifier matrix unmeasured,dwarfs_0;dwarfs_1;wood_elves_0;wood_elves_1,Order-adjacent but distinct territorial/diplomatic ecosystem prior,"Generic numeric aversion, opening treaties, all faction/lord/technology modifiers and multiplayer runtime behavior are not exhaustively exported; classes are analytical, not verified team legality.",,Grudge accumulation responds to hostile conduct; positive diplomacy reduces it. Different allied Dwarf owners can enable conditional Deeps trade/diplomacy benefits. Rebirth completion is global and one-time in co-op; Ariel is globally unique. Drycha can confederate only Argwylon; not a general ban on Wood Elf alliances.,True,
wh_main_brt_bretonnia,wh_main_brt_carcassonne,wh3_main_combi_region_languille,wh3_main_combi_region_castle_carcassonne,wh3_main_combi_province_marches_of_couronne,wh3_main_combi_province_carcassonne,121.091715,primary human army world coordinates,127.707032,268.5494079589844,517.594970703125,297.27484130859375,399.959716796875,wh3_main_combi_region_languille,wh3_main_combi_region_castle_carcassonne,5,0.0,0.0,False,,5,False,False,cai_region_hint_area_bretonnia,bretonnia,Extended,True,Shared atlas theater and either at most six raster borders or at most 75 world units,land_raster_point,land_raster_point,,,Caravan/convoy links are context only; portal nodes lack general traversal eligibility; no shortcut inferred,Static human startup rules; later choices excluded. Maritime land anchors are descriptive; not movement routes. Secondary forces do not set primary distance.,False,Couronne,bretonnia,wh_main_sc_brt_bretonnia,Carcassonne,bretonnia,wh_main_sc_brt_bretonnia,Clean,False,Partial: guide evidence plus analytical prior; generic modifier matrix unmeasured,bretonnia_0,Same-race ecosystem prior,"Generic numeric aversion, opening treaties, all faction/lord/technology modifiers and multiplayer runtime behavior are not exhaustively exported; classes are analytical, not verified team legality.",,Human confederation cooldown exemption is not permission to absorb a human teammate.,True,
wh_main_brt_bretonnia,wh_main_emp_empire,wh3_main_combi_region_languille,wh3_main_combi_region_altdorf,wh3_main_combi_province_marches_of_couronne,wh3_main_combi_province_reikland,86.370305,primary human army world coordinates,87.507507,268.5494079589844,517.594970703125,350.717529296875,490.9823913574219,wh3_main_combi_region_languille,wh3_main_combi_region_altdorf,4,0.0,0.0,False,,4,False,False,,bretonnia <-> empire,Regional,True,Within 100 units with neighboring provinces or at most four raster borders,land_raster_point,land_raster_point,,ivory_road_combi,Caravan/convoy links are context only; portal nodes lack general traversal eligibility; no shortcut inferred,Static human startup rules; later choices excluded. Maritime land anchors are descriptive; not movement routes. Secondary forces do not set primary distance.,False,Couronne,bretonnia,wh_main_sc_brt_bretonnia,Reikland,empire,wh_main_sc_emp_empire,Clean,False,Partial: guide evidence plus analytical prior; generic modifier matrix unmeasured,bretonnia_0;empire_0,Compatible Order ecosystem prior,"Generic numeric aversion, opening treaties, all faction/lord/technology modifiers and multiplayer runtime behavior are not exhaustively exported; classes are analytical, not verified team legality.",,Human confederation cooldown exemption is not permission to absorb a human teammate. Reikland Elector politics replaces ordinary confederation/NAP paths; does not establish a general military-alliance ban.,True,
wh_main_brt_carcassonne,wh_main_dwf_karak_izor,wh3_main_combi_region_castle_carcassonne,wh3_main_combi_region_karak_bhufdar,wh3_main_combi_province_carcassonne,wh3_main_combi_province_the_vaults,58.242906,primary human army world coordinates,34.186961,297.27484130859375,399.959716796875,347.3773498535156,370.26165771484375,wh3_main_combi_region_castle_carcassonne,wh3_main_combi_region_karak_bhufdar,1,0.0,0.0,False,,1,False,True,,bretonnia <-> dwarf_empire,Immediate,True,Same province or adjacent starts within 100 world units,land_raster_point,land_raster_point,,,Caravan/convoy links are context only; portal nodes lack general traversal eligibility; no shortcut inferred,Static human startup rules; later choices excluded. Maritime land anchors are descriptive; not movement routes. Secondary forces do not set primary distance.,False,Carcassonne,bretonnia,wh_main_sc_brt_bretonnia,Clan Angrund,dwarfs,wh_main_sc_dwf_dwarfs,Clean,False,Partial: guide evidence plus analytical prior; generic modifier matrix unmeasured,bretonnia_0;dwarfs_0;dwarfs_1,Compatible Order ecosystem prior,"Generic numeric aversion, opening treaties, all faction/lord/technology modifiers and multiplayer runtime behavior are not exhaustively exported; classes are analytical, not verified team legality.",,Human confederation cooldown exemption is not permission to absorb a human teammate. Grudge accumulation responds to hostile conduct; positive diplomacy reduces it. Different allied Dwarf owners can enable conditional Deeps trade/diplomacy benefits.,True,
wh_main_dwf_dwarfs,wh_main_dwf_karak_kadrin,wh3_main_combi_region_karaz_a_karak,wh3_main_combi_region_karak_kadrin,wh3_main_combi_province_the_silver_road,wh3_main_combi_province_peak_pass,74.883335,primary human army world coordinates,71.042959,497.0168151855469,418.8584899902344,515.7217407226562,491.3680725097656,wh3_main_combi_region_karaz_a_karak,wh3_main_combi_region_karak_kadrin,3,0.0,0.0,False,,3,False,False,cai_region_hint_area_dwarf_empire,dwarf_empire,Regional,True,Within 100 units with neighboring provinces or at most four raster borders,land_raster_point,land_raster_point,ivory_road_combi,,Caravan/convoy links are context only; portal nodes lack general traversal eligibility; no shortcut inferred,Static human startup rules; later choices excluded. Maritime land anchors are descriptive; not movement routes. Secondary forces do not set primary distance.,False,Karaz-a-Karak,dwarfs,wh_main_sc_dwf_dwarfs,Karak Kadrin,dwarfs,wh_main_sc_dwf_dwarfs,Clean,False,Partial: guide evidence plus analytical prior; generic modifier matrix unmeasured,dwarfs_0;dwarfs_1,Same-race ecosystem prior,"Generic numeric aversion, opening treaties, all faction/lord/technology modifiers and multiplayer runtime behavior are not exhaustively exported; classes are analytical, not verified team legality.",,Grudge accumulation responds to hostile conduct; positive diplomacy reduces it. Different allied Dwarf owners can enable conditional Deeps trade/diplomacy benefits.,True,
wh_main_dwf_karak_izor,wh_main_emp_wissenland,wh3_main_combi_region_karak_bhufdar,wh3_main_combi_region_nuln,wh3_main_combi_province_the_vaults,wh3_main_combi_province_wissenland,96.459329,primary human army world coordinates,88.973284,347.3773498535156,370.26165771484375,366.75030517578125,464.7555236816406,wh3_main_combi_region_karak_bhufdar,wh3_main_combi_region_nuln,4,0.0,0.0,False,,4,False,False,,dwarf_empire <-> empire,Regional,True,Within 100 units with neighboring provinces or at most four raster borders,land_raster_point,land_raster_point,,ivory_road_combi,Caravan/convoy links are context only; portal nodes lack general traversal eligibility; no shortcut inferred,Static human startup rules; later choices excluded. Maritime land anchors are descriptive; not movement routes. Secondary forces do not set primary distance.,False,Clan Angrund,dwarfs,wh_main_sc_dwf_dwarfs,Wissenland & Nuln,empire,wh_main_sc_emp_empire,Clean,False,Partial: guide evidence plus analytical prior; generic modifier matrix unmeasured,dwarfs_0;dwarfs_1;empire_0,Compatible Order ecosystem prior,"Generic numeric aversion, opening treaties, all faction/lord/technology modifiers and multiplayer runtime behavior are not exhaustively exported; classes are analytical, not verified team legality.",,Grudge accumulation responds to hostile conduct; positive diplomacy reduces it. Different allied Dwarf owners can enable conditional Deeps trade/diplomacy benefits. Reikland Elector politics replaces ordinary confederation/NAP paths; does not establish a general military-alliance ban.,True,
wh_main_emp_empire,wh_main_emp_wissenland,wh3_main_combi_region_altdorf,wh3_main_combi_region_nuln,wh3_main_combi_province_reikland,wh3_main_combi_province_wissenland,30.739201,primary human army world coordinates,31.216733,350.717529296875,490.9823913574219,366.75030517578125,464.7555236816406,wh3_main_combi_region_altdorf,wh3_main_combi_region_nuln,2,0.0,0.0,False,,2,False,True,cai_region_hint_area_empire,empire,Regional,True,Within 100 units with neighboring provinces or at most four raster borders,land_raster_point,land_raster_point,ivory_road_combi,ivory_road_combi,Caravan/convoy links are context only; portal nodes lack general traversal eligibility; no shortcut inferred,Static human startup rules; later choices excluded. Maritime land anchors are descriptive; not movement routes. Secondary forces do not set primary distance.,False,Reikland,empire,wh_main_sc_emp_empire,Wissenland & Nuln,empire,wh_main_sc_emp_empire,Clean,False,Partial: guide evidence plus analytical prior; generic modifier matrix unmeasured,empire_0,Same-race ecosystem prior,"Generic numeric aversion, opening treaties, all faction/lord/technology modifiers and multiplayer runtime behavior are not exhaustively exported; classes are analytical, not verified team legality.",,Reikland Elector politics replaces ordinary confederation/NAP paths; does not establish a general military-alliance ban.,True,
wh_main_grn_crooked_moon,wh_main_vmp_schwartzhafen,wh3_main_combi_region_mount_gunbad,wh3_main_combi_region_castle_drakenhof,wh3_main_combi_province_deadrock_gap,wh3_main_combi_province_southern_sylvania,70.051189,primary human army world coordinates,69.627662,535.0947265625,436.98590087890625,479.64794921875,479.7973937988281,wh3_main_combi_region_mount_gunbad,wh3_main_combi_region_castle_drakenhof,3,0.0,0.0,False,,3,False,False,,dwarf_empire <-> empire,Regional,True,Within 100 units with neighboring provinces or at most four raster borders,land_raster_point,land_raster_point,,ivory_road_combi,Caravan/convoy links are context only; portal nodes lack general traversal eligibility; no shortcut inferred,Static human startup rules; later choices excluded. Maritime land anchors are descriptive; not movement routes. Secondary forces do not set primary distance.,False,Crooked Moon,greenskins,wh_main_sc_grn_greenskins,Sylvania,vampire_counts,wh_main_sc_vmp_vampire_counts,Workable,False,Partial: guide evidence plus analytical prior; generic modifier matrix unmeasured,greenskins_0;vampire_counts_0,Non-Order pragmatic-alliance prior; not a numeric diplomatic guarantee,"Generic numeric aversion, opening treaties, all faction/lord/technology modifiers and multiplayer runtime behavior are not exhaustively exported; classes are analytical, not verified team legality.",,Leader-defeat confederation requires an AI loser; it cannot consume the human teammate. Barrow Legion has +30 WoC/Beastmen/Norsca relations and faction Chaos-attrition immunity.,True,
wh_main_grn_orcs_of_the_bloody_hand,wh_main_vmp_vampire_counts,wh3_main_combi_region_sun_tree_glades,wh3_main_combi_region_ka_sabar,wh3_main_combi_province_central_jungles,wh3_main_combi_province_shifting_sands,52.521752,primary human army world coordinates,47.912144,423.53314208984375,137.30535888671875,414.1806945800781,188.9877166748047,wh3_main_combi_region_sun_tree_glades,wh3_main_combi_region_ka_sabar,2,0.0,0.0,False,,2,False,True,cai_region_hint_area_southlands,southlands,Regional,True,Within 100 units with neighboring provinces or at most four raster borders,land_raster_point,land_raster_point,,,Caravan/convoy links are context only; portal nodes lack general traversal eligibility; no shortcut inferred,Static human startup rules; later choices excluded. Maritime land anchors are descriptive; not movement routes. Secondary forces do not set primary distance.,False,The Bloody Handz,greenskins,wh_main_sc_grn_greenskins,The Drakenhof Conclave,vampire_counts,wh_main_sc_vmp_vampire_counts,Workable,False,Partial: guide evidence plus analytical prior; generic modifier matrix unmeasured,greenskins_0;vampire_counts_0,Non-Order pragmatic-alliance prior; not a numeric diplomatic guarantee,"Generic numeric aversion, opening treaties, all faction/lord/technology modifiers and multiplayer runtime behavior are not exhaustively exported; classes are analytical, not verified team legality.",,Leader-defeat confederation requires an AI loser; it cannot consume the human teammate. Barrow Legion has +30 WoC/Beastmen/Norsca relations and faction Chaos-attrition immunity.,True,
